month,day,year,cdate,lat,long,count,segment,dischcf,dischcm,discbins
6,15,2018,15/06/2018,41.42125,-83.0762,0,LM,2170.208333,61.45335532,c
6,15,2018,15/06/2018,41.42036,-83.08446,0,LM,2170.208333,61.45335532,c
6,15,2018,15/06/2018,41.42041,-83.08381,0,LM,2170.208333,61.45335532,c
6,27,2018,27/06/2018,41.42125,-83.0762,1,LM,526.875,14.919414,b
6,27,2018,27/06/2018,41.42041,-83.08381,1,LM,526.875,14.919414,b
6,27,2018,27/06/2018,41.41992,-83.07491,0,LM,526.875,14.919414,b
6,27,2018,27/06/2018,41.41758,-83.08432,0,LM,526.875,14.919414,b
8,23,2018,23/08/2018,41.41725,-83.08471,0,LM,269.0208333,7.617809132,a
8,23,2018,23/08/2018,41.42024,-83.07612,0,LM,269.0208333,7.617809132,a
8,23,2018,23/08/2018,41.41032,-83.07905,0,LM,269.0208333,7.617809132,a
9,13,2018,13/09/2018,41.411732,-83.08069,0,LM,338.4583333,9.584056932,a
9,13,2018,13/09/2018,41.417321,-83.08586,0,LM,338.4583333,9.584056932,a
9,13,2018,13/09/2018,41.41985,-83.07481,0,LM,338.4583333,9.584056932,a
9,13,2018,13/09/2018,41.40286,-83.08535,0,LM,338.4583333,9.584056932,a
9,14,2018,14/09/2018,41.43538,-83.04153,0,M,265.7291667,7.524599668,a
9,14,2018,14/09/2018,41.41433,-83.08588,1,LM,265.7291667,7.524599668,a
9,14,2018,14/09/2018,41.41554,-83.08634,1,LM,265.7291667,7.524599668,a
11,16,2018,16/11/2018,41.41601,-83.08644,0,LM,734.2708333,20.79220033,b
11,16,2018,16/11/2018,41.42269,-83.06291,0,LM,734.2708333,20.79220033,b
10,1,2019,10/01/2019,41.41836,-83.07214,0,LM,919.90625,26.0488013,b
4,2,2019,04/02/2019,41.41965,-83.07388,0,LM,1126.9375,31.9112638,b
4,3,2019,04/03/2019,41.3793,-83.09507,0,UM,618.875,17.5245596,b
10,3,2019,10/03/2019,41.41837,-83.07217,2,LM,905.5,25.6408624,b
10,3,2019,10/03/2019,41.41837,-83.07217,2,LM,905.5,25.6408624,b
10,3,2019,10/03/2019,41.42007,-83.07529,0,LM,905.5,25.6408624,b
4,23,2019,23/04/2019,41.41815,-83.08774,0,LM,8316.5625,235.498437,d
4,24,2019,24/04/2019,41.37007,-83.09746,0,UM,4445.520833,125.8829243,c
4,25,2019,25/04/2019,41.43704,-83.04034,0,M,1787.708333,50.62217932,c
4,25,2019,25/04/2019,41.43719,-83.04134,0,M,1787.708333,50.62217932,c
4,26,2019,26/04/2019,41.43601,-83.03011,0,M,3811.458333,107.9283033,c
5,15,2019,15/05/2019,41.42008,-83.07553,1,LM,2743.125,77.676522,c
5,15,2019,15/05/2019,41.4185,-83.07523,0,LM,2743.125,77.676522,c
5,15,2019,15/05/2019,41.41942,-83.07997,0,LM,2743.125,77.676522,c
5,21,2019,21/05/2019,41.41802,-83.08364,0,LM,1146.458333,32.46403132,b
5,21,2019,21/05/2019,41.41966,-83.07347,0,LM,1146.458333,32.46403132,b
5,29,2019,29/05/2019,41.41827,-83.0835,0,LM,1075.90625,30.4662221,b
5,29,2019,29/05/2019,41.41516,-83.08519,0,LM,1075.90625,30.4662221,b
5,31,2019,31/05/2019,41.34191,-83.10882,1,FM,1616.145833,45.76407832,b
6,20,2019,20/06/2019,41.3507,-83.1098,0,FM,9324.375,264.036462,d
6,20,2019,20/06/2019,41.35576,-83.10421,0,FM,9324.375,264.036462,d
6,20,2019,20/06/2019,41.35445,-83.10703,0,FM,9324.375,264.036462,d
6,25,2019,25/06/2019,41.35506,-83.10428,0,FM,1810.416667,51.26520668,c
6,25,2019,25/06/2019,41.35192,-83.11195,0,FM,1810.416667,51.26520668,c
6,25,2019,25/06/2019,41.35309,-83.11042,0,FM,1810.416667,51.26520668,c
6,25,2019,25/06/2019,41.35622,-83.10557,0,FM,1810.416667,51.26520668,c
6,25,2019,25/06/2019,41.34784,-83.11131,0,FM,1810.416667,51.26520668,c
6,25,2019,25/06/2019,41.35416,-83.10455,0,FM,1810.416667,51.26520668,c
6,25,2019,25/06/2019,41.35621,-83.10619,0,FM,1810.416667,51.26520668,c
6,26,2019,26/06/2019,41.43628,-83.04121,0,M,1144.15625,32.3988437,b
6,26,2019,26/06/2019,41.43466,-83.04232,0,M,1144.15625,32.3988437,b
6,26,2019,26/06/2019,41.4384,-83.03847,0,M,1144.15625,32.3988437,b
6,26,2019,26/06/2019,41.42006,-83.07517,0,LM,1144.15625,32.3988437,b
6,26,2019,26/06/2019,41.41232,-83.07301,0,LM,1144.15625,32.3988437,b
6,26,2019,26/06/2019,41.4141,-83.09228,0,LM,1144.15625,32.3988437,b
6,26,2019,26/06/2019,41.41744,-83.08574,0,LM,1144.15625,32.3988437,b
6,26,2019,26/06/2019,41.41693,-83.07201,0,LM,1144.15625,32.3988437,b
6,26,2019,26/06/2019,41.41767,-83.08613,0,LM,1144.15625,32.3988437,b
6,26,2019,26/06/2019,41.41554,-83.08978,1,LM,1144.15625,32.3988437,b
8,7,2019,08/07/2019,41.41625,-83.08634,0,LM,1210.3125,34.272177,b
8,7,2019,08/07/2019,41.42035,-83.07765,2,LM,1210.3125,34.272177,b
8,7,2019,08/07/2019,41.42035,-83.07765,2,LM,1210.3125,34.272177,b
8,7,2019,08/07/2019,41.41844,-83.07456,0,LM,1210.3125,34.272177,b
8,7,2019,08/07/2019,41.4235,-83.06561,2,LM,1210.3125,34.272177,b
8,7,2019,08/07/2019,41.4235,-83.06561,2,LM,1210.3125,34.272177,b
7,17,2019,17/07/2019,41.43304,-83.04287,0,M,918.375,26.0054412,b
7,17,2019,17/07/2019,41.41995,-83.07488,0,LM,918.375,26.0054412,b
7,17,2019,17/07/2019,41.42211,-83.06541,1,LM,918.375,26.0054412,b
7,17,2019,17/07/2019,41.4199,-83.07474,0,LM,918.375,26.0054412,b
7,17,2019,17/07/2019,41.42339,-83.06598,0,LM,918.375,26.0054412,b
7,17,2019,17/07/2019,41.41431,-83.08571,1,LM,918.375,26.0054412,b
7,17,2019,17/07/2019,41.41753,-83.0889,0,LM,918.375,26.0054412,b
7,17,2019,17/07/2019,41.41148,-83.08034,0,LM,918.375,26.0054412,b
7,17,2019,17/07/2019,41.41294,-83.08411,0,LM,918.375,26.0054412,b
7,17,2019,17/07/2019,41.41872,-83.08781,0,LM,918.375,26.0054412,b
7,17,2019,17/07/2019,41.42246,-83.07283,0,LM,918.375,26.0054412,b
7,18,2019,17/07/2019,41.35287,-83.10953,0,FM,918.375,26.0054412,b
7,18,2019,17/07/2019,41.3533,-83.10579,0,FM,918.375,26.0054412,b
7,18,2019,17/07/2019,41.34415,-83.11065,0,FM,918.375,26.0054412,b
7,18,2019,17/07/2019,41.35067,-83.11078,0,FM,918.375,26.0054412,b
7,18,2019,17/07/2019,41.35084,-83.11106,0,FM,918.375,26.0054412,b
7,18,2019,17/07/2019,41.34238,-83.10861,0,FM,918.375,26.0054412,b
7,18,2019,17/07/2019,41.34187,-83.10955,0,FM,918.375,26.0054412,b
7,18,2019,17/07/2019,41.34174,-83.10864,0,FM,918.375,26.0054412,b
7,18,2019,17/07/2019,41.34286,-83.10952,0,FM,918.375,26.0054412,b
7,18,2019,17/07/2019,41.34169,-83.10878,0,FM,918.375,26.0054412,b
7,18,2019,17/07/2019,41.35451,-83.10938,0,FM,918.375,26.0054412,b
7,18,2019,17/07/2019,41.34272,-83.10917,0,FM,918.375,26.0054412,b
7,24,2019,24/07/2019,41.3509,-83.10996,0,FM,5686.041667,161.0105047,d
7,24,2019,24/07/2019,41.35181,-83.10792,0,FM,5686.041667,161.0105047,d
7,24,2019,24/07/2019,41.35185,-83.11062,0,FM,5686.041667,161.0105047,d
7,25,2019,25/07/2019,41.43803,-83.03212,0,M,3184.791667,90.18310868,c
7,25,2019,25/07/2019,41.42006,-83.07516,0,LM,3184.791667,90.18310868,c
7,25,2019,25/07/2019,41.42346,-83.06534,0,LM,3184.791667,90.18310868,c
7,25,2019,25/07/2019,41.41838,-83.07219,1,LM,3184.791667,90.18310868,c
7,25,2019,25/07/2019,41.41703,-83.07174,1,LM,3184.791667,90.18310868,c
7,25,2019,25/07/2019,41.41747,-83.08892,0,LM,3184.791667,90.18310868,c
7,31,2019,31/07/2019,41.41516,-83.08643,0,LM,296.5208333,8.396521132,a
7,31,2019,31/07/2019,41.41347,-83.08516,0,LM,296.5208333,8.396521132,a
7,31,2019,31/07/2019,41.41841,-83.07483,0,LM,296.5208333,8.396521132,a
10,8,2019,10/08/2019,41.41837,-83.07216,1,LM,152.09375,4.3068083,a
8,13,2019,13/08/2019,41.3532,-83.10555,0,FM,125,3.5396,a
8,13,2019,13/08/2019,41.3568,-83.10463,0,FM,125,3.5396,a
8,14,2019,14/08/2019,41.41161,-83.08086,0,LM,125,3.5396,a
8,14,2019,14/08/2019,41.41888,-83.08236,0,LM,125,3.5396,a
8,14,2019,14/08/2019,41.42005,-83.0752,0,LM,125,3.5396,a
8,14,2019,14/08/2019,41.42022,-83.076,1,LM,125,3.5396,a
8,14,2019,14/08/2019,41.42348,-83.0656,1,LM,125,3.5396,a
8,14,2019,14/08/2019,41.41835,-83.07216,0,LM,125,3.5396,a
10,9,2019,10/09/2019,41.43033,-83.07675,0,M,120,3.398016,a
10,9,2019,10/09/2019,41.41835,-83.07204,0,LM,120,3.398016,a
10,9,2019,10/09/2019,41.4235,-83.06534,0,LM,120,3.398016,a
9,17,2019,17/09/2019,41.41692,-83.0859,0,LM,81.4,2.30498752,a
9,17,2019,17/09/2019,41.4195,-83.07449,0,LM,81.4,2.30498752,a
9,17,2019,17/09/2019,41.42279,-83.06388,0,LM,81.4,2.30498752,a
9,19,2019,19/09/2019,41.4152,-83.08643,0,LM,69.4,1.96518592,a
9,19,2019,19/09/2019,41.41859,-83.08277,0,LM,69.4,1.96518592,a
9,19,2019,19/09/2019,41.42033,-83.07672,0,LM,69.4,1.96518592,a
9,19,2019,19/09/2019,41.42346,-83.06538,0,LM,69.4,1.96518592,a
9,30,2019,30/09/2019,41.41185,-83.08154,0,LM,122.0739583,3.456743862,a
9,30,2019,30/09/2019,41.41946,-83.07986,0,LM,122.0739583,3.456743862,a
9,30,2019,30/09/2019,41.42005,-83.07517,0,LM,122.0739583,3.456743862,a
10,16,2019,16/10/2019,41.41462,-83.08607,0,LM,64.80520833,1.835076123,a
10,16,2019,16/10/2019,41.40173,-83.09114,0,LM,64.80520833,1.835076123,a
10,17,2019,17/10/2019,41.41954,-83.07373,0,LM,69.4,1.96518592,a
10,18,2019,18/10/2019,41.41487,-83.08629,1,LM,67.85833333,1.921530853,a
10,18,2019,18/10/2019,41.42035,-83.07705,1,LM,67.85833333,1.921530853,a
10,18,2019,18/10/2019,41.42003,-83.07512,0,LM,67.85833333,1.921530853,a
10,23,2019,23/10/2019,41.41483,-83.08622,0,LM,62.2,1.76130496,a
10,23,2019,23/10/2019,41.41483,-83.08622,0,LM,62.2,1.76130496,a
10,23,2019,23/10/2019,41.41662,-83.08618,0,LM,62.2,1.76130496,a
10,23,2019,23/10/2019,41.41662,-83.08618,0,LM,62.2,1.76130496,a
10,23,2019,23/10/2019,41.40396,-83.0823,1,LM,62.2,1.76130496,a
10,24,2019,24/10/2019,41.37242,-83.09479,1,UM,62.2,1.76130496,a
10,25,2019,25/10/2019,41.41856,-83.07206,0,LM,59.04791667,1.672048047,a
10,25,2019,25/10/2019,41.42036,-83.0767,0,LM,59.04791667,1.672048047,a
10,25,2019,25/10/2019,41.42285,-83.06359,0,LM,59.04791667,1.672048047,a
10,25,2019,25/10/2019,41.41492,-83.08628,0,LM,59.04791667,1.672048047,a
6,11,2019,06/11/2019,41.41671,-83.08486,0,LM,278.9479167,7.898912368,a
6,11,2019,06/11/2019,41.42015,-83.07564,0,LM,278.9479167,7.898912368,a
6,11,2019,06/11/2019,41.41846,-83.07437,0,LM,278.9479167,7.898912368,a
6,11,2019,06/11/2019,41.35059,-83.11076,0,FM,278.9479167,7.898912368,a
7,1,2020,07/01/2020,41.39472,-83.10539,0,UM,1305.833333,36.97702132,b
7,1,2020,07/01/2020,41.38845,-83.08579,0,UM,1305.833333,36.97702132,b
7,1,2020,07/01/2020,41.38644,-83.08879,4,UM,1305.833333,36.97702132,b
7,1,2020,07/01/2020,41.38497,-83.08497,0,UM,1305.833333,36.97702132,b
9,1,2020,09/01/2020,41.42055112,-83.07152308,0,LM,679.6354167,19.24510017,b
9,1,2020,09/01/2020,41.41603221,-83.08642586,0,LM,679.6354167,19.24510017,b
9,1,2020,09/01/2020,41.39437926,-83.10718572,1,UM,679.6354167,19.24510017,b
9,1,2020,09/01/2020,41.39133655,-83.10146573,0,UM,679.6354167,19.24510017,b
9,1,2020,09/01/2020,41.39371217,-83.09941685,0,UM,679.6354167,19.24510017,b
7,2,2020,07/02/2020,41.35594,-83.10363,0,FM,1215,34.404912,b
7,2,2020,07/02/2020,41.3509,-83.11157,0,FM,1215,34.404912,b
9,2,2020,09/02/2020,41.38737482,-83.08486819,0,UM,947.3020833,26.82456363,b
9,2,2020,09/02/2020,41.38649818,-83.08900817,0,UM,947.3020833,26.82456363,b
9,2,2020,09/02/2020,41.38657795,-83.09389466,0,UM,947.3020833,26.82456363,b
9,2,2020,09/02/2020,41.37331792,-83.09472693,0,UM,947.3020833,26.82456363,b
9,2,2020,09/02/2020,41.35843866,-83.10012932,0,FM,947.3020833,26.82456363,b
9,2,2020,09/02/2020,41.3544843,-83.10489638,0,FM,947.3020833,26.82456363,b
10,2,2020,10/02/2020,41.40536022,-83.08032382,2,LM,1410.385417,39.93760178,b
8,4,2020,08/04/2020,41.44677,-83.01259,0,M,1248.21875,35.3455607,b
8,4,2020,08/04/2020,41.4498323,-83.02821768,0,M,1248.21875,35.3455607,b
8,4,2020,08/04/2020,41.43711,-83.04355,0,M,1248.21875,35.3455607,b
8,4,2020,08/04/2020,41.42524,-83.05013,0,M,1248.21875,35.3455607,b
8,4,2020,08/04/2020,41.42918949,-83.04821266,0,M,1248.21875,35.3455607,b
8,4,2020,08/04/2020,41.41869,-83.07098,0,LM,1248.21875,35.3455607,b
8,5,2020,08/05/2020,41.41848,-83.08298,0,LM,494.0416667,13.98967907,b
8,5,2020,08/05/2020,41.40170676,-83.09114703,0,LM,494.0416667,13.98967907,b
8,5,2020,08/05/2020,41.39011664,-83.10362342,1,UM,494.0416667,13.98967907,b
8,5,2020,08/05/2020,41.39434,-83.1078,0,UM,494.0416667,13.98967907,b
10,5,2020,10/05/2020,41.44606756,-83.0271033,0,M,435.6875,12.3372758,b
10,5,2020,10/05/2020,41.43515447,-83.02950267,0,M,435.6875,12.3372758,b
10,5,2020,10/05/2020,41.43716841,-83.03410223,0,M,435.6875,12.3372758,b
10,5,2020,10/05/2020,41.43450995,-83.04214895,0,M,435.6875,12.3372758,b
10,5,2020,10/05/2020,41.42842831,-83.05684046,0,M,435.6875,12.3372758,b
10,5,2020,10/05/2020,41.42210038,-83.06420833,0,LM,435.6875,12.3372758,b
10,5,2020,10/05/2020,41.41875471,-83.0829867,0,LM,435.6875,12.3372758,b
10,5,2020,10/05/2020,41.42035432,-83.07754929,0,LM,435.6875,12.3372758,b
7,6,2020,07/06/2020,41.38565,-83.09558,5,UM,387.9791667,10.98632847,b
7,6,2020,07/06/2020,41.35069,-83.11092,0,FM,387.9791667,10.98632847,b
7,6,2020,07/06/2020,41.35334,-83.10535,0,FM,387.9791667,10.98632847,b
7,6,2020,07/06/2020,41.35617,-83.10425,0,FM,387.9791667,10.98632847,b
8,6,2020,08/06/2020,41.39250332,-83.08904187,0,UM,459.9375,13.0239582,b
8,6,2020,08/06/2020,41.38919509,-83.10070327,0,UM,459.9375,13.0239582,b
8,6,2020,08/06/2020,41.38941408,-83.08636572,1,UM,459.9375,13.0239582,b
8,6,2020,08/06/2020,41.38542,-83.0946,2,UM,459.9375,13.0239582,b
8,6,2020,08/06/2020,41.35423007,-83.10461058,0,FM,459.9375,13.0239582,b
10,6,2020,10/06/2020,41.40335828,-83.08301383,0,LM,309.9166667,8.775848268,a
10,6,2020,10/06/2020,41.40177336,-83.09226939,0,LM,309.9166667,8.775848268,a
10,6,2020,10/06/2020,41.39440895,-83.10563661,0,UM,309.9166667,8.775848268,a
10,6,2020,10/06/2020,41.38719275,-83.08555058,2,UM,309.9166667,8.775848268,a
6,23,2020,23/06/2020,41.43233,-83.03317,0,M,633.0520833,17.92600923,b
6,23,2020,23/06/2020,41.44555,-83.03305,0,M,633.0520833,17.92600923,b
6,23,2020,23/06/2020,41.35607,-83.10356,0,FM,633.0520833,17.92600923,b
6,24,2020,24/06/2020,41.43317,-83.0427,0,M,668.3333333,18.92506133,b
6,24,2020,24/06/2020,41.35437,-83.10795,0,FM,668.3333333,18.92506133,b
6,25,2020,25/06/2020,41.37744,-83.09474,0,UM,452.6458333,12.81748153,b
6,25,2020,25/06/2020,41.35958,-83.09943,0,FM,452.6458333,12.81748153,b
6,29,2020,29/06/2020,41.43569,-83.03005,0,M,208.6666667,5.908772268,a
6,29,2020,29/06/2020,41.43783,-83.04176,0,M,208.6666667,5.908772268,a
6,30,2020,30/06/2020,41.44066,-83.03451,0,M,244.2708333,6.916968332,a
6,30,2020,30/06/2020,41.4204,-83.07673,0,LM,244.2708333,6.916968332,a
6,30,2020,30/06/2020,41.41833,-83.07182,0,LM,244.2708333,6.916968332,a
6,30,2020,30/06/2020,41.41266,-83.08354,0,LM,244.2708333,6.916968332,a
7,7,2020,07/07/2020,41.43233,-83.04323,0,M,93.92708333,2.659714433,a
7,7,2020,07/07/2020,41.37733,-83.09603,0,UM,93.92708333,2.659714433,a
8,7,2020,08/07/2020,41.37341,-83.09472,0,UM,86.734375,2.45603995,a
8,7,2020,08/07/2020,41.36938,-83.10373,0,FM,86.734375,2.45603995,a
7,13,2020,13/07/2020,41.4236,-83.06623,0,LM,231.875,6.565958,a
7,13,2020,13/07/2020,41.38581,-83.09554,1,UM,231.875,6.565958,a
7,13,2020,13/07/2020,41.3696,-83.1048,0,FM,231.875,6.565958,a
7,14,2020,14/07/2020,41.43109,-83.04417,0,M,215.0104167,6.088406968,a
7,14,2020,14/07/2020,41.37956,-83.09518,0,UM,215.0104167,6.088406968,a
7,14,2020,14/07/2020,41.38934,-83.10489,0,UM,215.0104167,6.088406968,a
7,14,2020,14/07/2020,41.36038,-83.10079,1,FM,215.0104167,6.088406968,a
7,15,2020,15/07/2020,41.38563,-83.09575,0,UM,159.3333333,4.511810132,a
7,15,2020,15/07/2020,41.37456,-83.09494,2,UM,159.3333333,4.511810132,a
7,15,2020,15/07/2020,41.37787,-83.09488,0,UM,159.3333333,4.511810132,a
7,15,2020,15/07/2020,41.37956,-83.09518,0,UM,159.3333333,4.511810132,a
7,16,2020,16/07/2020,41.38679,-83.09295,0,UM,117.3333333,3.322504532,a
7,16,2020,16/07/2020,41.35554,-83.10443,0,FM,117.3333333,3.322504532,a
7,20,2020,20/07/2020,41.42021,-83.07593,0,LM,64.86354167,1.836727937,a
7,20,2020,20/07/2020,41.42323,-83.06434,0,LM,64.86354167,1.836727937,a
7,20,2020,20/07/2020,41.39385,-83.09721,0,UM,64.86354167,1.836727937,a
7,20,2020,20/07/2020,41.3519,-83.11063,0,FM,64.86354167,1.836727937,a
7,21,2020,21/07/2020,41.38676,-83.09034,0,UM,59.225,1.67706248,a
7,21,2020,21/07/2020,41.39007,-83.08667,0,UM,59.225,1.67706248,a
7,21,2020,21/07/2020,41.39342,-83.0963,0,UM,59.225,1.67706248,a
7,21,2020,21/07/2020,41.37737,-83.09488,0,UM,59.225,1.67706248,a
7,21,2020,21/07/2020,41.38619,-83.08831,0,UM,59.225,1.67706248,a
7,22,2020,22/07/2020,41.36973,-83.09862,0,UM,58.8,1.66502784,a
7,22,2020,22/07/2020,41.38604,-83.09283,0,UM,58.8,1.66502784,a
7,22,2020,22/07/2020,41.36142,-83.10114,1,FM,58.8,1.66502784,a
7,22,2020,22/07/2020,41.36864,-83.10642,0,FM,58.8,1.66502784,a
7,23,2020,23/07/2020,41.42771,-83.06081,0,M,79.21458333,2.243103513,a
7,23,2020,23/07/2020,41.43128,-83.0441,1,M,79.21458333,2.243103513,a
7,23,2020,23/07/2020,41.42269,-83.06274,0,LM,79.21458333,2.243103513,a
7,23,2020,23/07/2020,41.37269,-83.0948,0,UM,79.21458333,2.243103513,a
7,23,2020,23/07/2020,41.36664,-83.10656,0,FM,79.21458333,2.243103513,a
7,24,2020,24/07/2020,41.39191,-83.10242,3,UM,141.3239583,4.001842262,a
7,28,2020,28/07/2020,41.42767,-83.04749,0,M,264.59375,7.4924483,a
7,28,2020,28/07/2020,41.41743,-83.08529,0,LM,264.59375,7.4924483,a
7,28,2020,28/07/2020,41.42035,-83.07757,0,LM,264.59375,7.4924483,a
7,28,2020,28/07/2020,41.41884,-83.07065,0,LM,264.59375,7.4924483,a
7,28,2020,28/07/2020,41.40188,-83.09763,2,LM,264.59375,7.4924483,a
7,28,2020,28/07/2020,41.36986,-83.09776,0,UM,264.59375,7.4924483,a
7,28,2020,28/07/2020,41.39147,-83.10277,0,UM,264.59375,7.4924483,a
7,28,2020,28/07/2020,41.39171,-83.08909,0,UM,264.59375,7.4924483,a
7,29,2020,29/07/2020,41.43678,-83.03633,0,M,702.53125,19.8934369,b
7,29,2020,29/07/2020,41.40126,-83.09751,1,LM,702.53125,19.8934369,b
7,29,2020,29/07/2020,41.42037,-83.07718,0,LM,702.53125,19.8934369,b
7,29,2020,29/07/2020,41.39125,-83.10596,0,UM,702.53125,19.8934369,b
7,29,2020,29/07/2020,41.37355,-83.09484,1,UM,702.53125,19.8934369,b
7,29,2020,29/07/2020,41.38979,-83.10536,0,UM,702.53125,19.8934369,b
7,29,2020,29/07/2020,41.36671,-83.10735,0,FM,702.53125,19.8934369,b
7,30,2020,30/07/2020,41.43365,-83.04251,0,M,413.0104167,11.69513337,b
7,30,2020,30/07/2020,41.42301,-83.064,0,LM,413.0104167,11.69513337,b
7,30,2020,30/07/2020,41.37873,-83.09498,0,UM,413.0104167,11.69513337,b
7,30,2020,30/07/2020,41.36034,-83.10068,0,FM,413.0104167,11.69513337,b
8,6,2020,06/08/2020,41.35981049,-83.10083309,0,FM,842.4166667,23.85454427,b
7,8,2020,07/08/2020,41.38571,-83.09561,1,UM,442.1041667,12.51897527,b
10,8,2020,10/08/2020,41.40276698,-83.08515537,0,LM,155.0104167,4.389398968,a
10,8,2020,10/08/2020,41.36921612,-83.10430492,0,FM,155.0104167,4.389398968,a
10,8,2020,10/08/2020,41.36540612,-83.10743675,0,FM,155.0104167,4.389398968,a
10,8,2020,10/08/2020,41.36243432,-83.10246086,1,FM,155.0104167,4.389398968,a
10,8,2020,10/08/2020,41.35637743,-83.10557256,0,FM,155.0104167,4.389398968,a
8,13,2020,13/08/2020,41.3867361,-83.09017261,0,UM,85.83854167,2.430672817,a
8,13,2020,13/08/2020,41.35322855,-83.10898329,0,FM,85.83854167,2.430672817,a
8,18,2020,18/08/2020,41.41544372,-83.08538883,1,LM,81.4,2.30498752,a
8,18,2020,18/08/2020,41.38607522,-83.095109,0,UM,81.4,2.30498752,a
8,19,2020,19/08/2020,41.3746,-83.09498969,0,UM,81.18125,2.29879322,a
8,19,2020,19/08/2020,41.38663,-83.08930541,0,UM,81.18125,2.29879322,a
8,19,2020,19/08/2020,41.3908,-83.10311486,0,UM,81.18125,2.29879322,a
8,24,2020,24/08/2020,41.43072577,-83.04488965,0,M,59.29583333,1.679068253,a
8,24,2020,24/08/2020,41.43841071,-83.03168975,0,M,59.29583333,1.679068253,a
8,24,2020,24/08/2020,41.42358575,-83.06592688,0,LM,59.29583333,1.679068253,a
8,24,2020,24/08/2020,41.37435396,-83.09537695,0,UM,59.29583333,1.679068253,a
8,24,2020,24/08/2020,41.38685747,-83.09040147,0,UM,59.29583333,1.679068253,a
8,24,2020,24/08/2020,41.38595031,-83.09547439,0,UM,59.29583333,1.679068253,a
8,25,2020,25/08/2020,41.40193283,-83.09608421,0,LM,55.61875,1.57494502,a
8,25,2020,25/08/2020,41.37817154,-83.09487321,0,UM,55.61875,1.57494502,a
8,25,2020,25/08/2020,41.38478699,-83.09575363,0,UM,55.61875,1.57494502,a
8,25,2020,25/08/2020,41.36030907,-83.10053446,0,FM,55.61875,1.57494502,a
8,25,2020,25/08/2020,41.35877349,-83.10162413,0,FM,55.61875,1.57494502,a
8,26,2020,26/08/2020,41.40593828,-83.07964021,3,LM,50.5375,1.43106028,a
8,26,2020,26/08/2020,41.38759246,-83.08495406,0,UM,50.5375,1.43106028,a
8,26,2020,26/08/2020,41.3894432,-83.10427544,0,UM,50.5375,1.43106028,a
8,26,2020,26/08/2020,41.35374217,-83.10493893,0,FM,50.5375,1.43106028,a
8,26,2020,26/08/2020,41.36135344,-83.10026776,0,FM,50.5375,1.43106028,a
8,31,2020,31/08/2020,41.4432636,-82.99601906,0,M,262.9166667,7.444958668,a
8,31,2020,31/08/2020,41.44889808,-83.01578865,0,M,262.9166667,7.444958668,a
8,31,2020,31/08/2020,41.45255245,-83.02028786,0,M,262.9166667,7.444958668,a
8,31,2020,31/08/2020,41.44366858,-83.02906333,0,M,262.9166667,7.444958668,a
8,31,2020,31/08/2020,41.43184955,-83.04540793,0,M,262.9166667,7.444958668,a
8,31,2020,31/08/2020,41.42777416,-83.06081185,0,M,262.9166667,7.444958668,a
8,31,2020,31/08/2020,41.42237192,-83.06631602,0,LM,262.9166667,7.444958668,a
9,15,2020,15/09/2020,41.43913113,-83.03123518,0,M,259.1770833,7.339065632,a
9,15,2020,15/09/2020,41.40529006,-83.08070622,1,LM,259.1770833,7.339065632,a
9,15,2020,15/09/2020,41.38346116,-83.09755565,0,UM,259.1770833,7.339065632,a
9,16,2020,16/09/2020,41.41547631,-83.08526181,0,LM,190.8958333,5.405559132,a
9,16,2020,16/09/2020,41.40565692,-83.07993073,0,LM,190.8958333,5.405559132,a
9,16,2020,16/09/2020,41.41478533,-83.08602809,0,LM,190.8958333,5.405559132,a
9,16,2020,16/09/2020,41.39130667,-83.10299518,0,UM,190.8958333,5.405559132,a
9,16,2020,16/09/2020,41.37452646,-83.09495085,0,UM,190.8958333,5.405559132,a
9,16,2020,16/09/2020,41.35890317,-83.10138157,0,FM,190.8958333,5.405559132,a
9,17,2020,17/09/2020,41.42972228,-83.04546383,0,M,133.65625,3.7847173,a
9,17,2020,17/09/2020,41.42592421,-83.06097837,0,M,133.65625,3.7847173,a
9,17,2020,17/09/2020,41.40205654,-83.08332139,0,LM,133.65625,3.7847173,a
9,17,2020,17/09/2020,41.36016839,-83.10064848,1,FM,133.65625,3.7847173,a
9,17,2020,17/09/2020,41.36386822,-83.10540114,0,FM,133.65625,3.7847173,a
9,17,2020,17/09/2020,41.36648961,-83.10752021,0,FM,133.65625,3.7847173,a
9,18,2020,18/09/2020,41.41528221,-83.08645023,0,LM,104.85625,2.96919346,a
9,18,2020,18/09/2020,41.38685762,-83.09047479,0,UM,104.85625,2.96919346,a
9,21,2020,21/09/2020,41.37449851,-83.09487853,0,UM,73.94583333,2.093909373,a
9,21,2020,21/09/2020,41.36019669,-83.10062054,1,FM,73.94583333,2.093909373,a
9,22,2020,22/09/2020,41.42795515,-83.06069058,0,M,66.509375,1.88333267,a
9,22,2020,22/09/2020,41.45084857,-83.02667339,0,M,66.509375,1.88333267,a
9,23,2020,23/09/2020,41.43844529,-83.04038984,0,M,65.7,1.86041376,a
9,23,2020,23/09/2020,41.40216338,-83.09521125,0,LM,65.7,1.86041376,a
9,23,2020,23/09/2020,41.41528205,-83.08645649,0,LM,65.7,1.86041376,a
9,23,2020,23/09/2020,41.39680322,-83.10289412,1,UM,65.7,1.86041376,a
9,23,2020,23/09/2020,41.37418576,-83.09480144,0,UM,65.7,1.86041376,a
9,23,2020,23/09/2020,41.39482943,-83.10546205,0,UM,65.7,1.86041376,a
9,23,2020,23/09/2020,41.38614295,-83.08924503,0,UM,65.7,1.86041376,a
9,24,2020,24/09/2020,41.40544,-83.08049,4,LM,65.7,1.86041376,a
9,24,2020,24/09/2020,41.39318894,-83.09408081,2,UM,65.7,1.86041376,a
9,28,2020,28/09/2020,41.43731514,-83.03355931,0,M,50.00625,1.41601698,a
9,28,2020,28/09/2020,41.38072373,-83.09557787,0,UM,50.00625,1.41601698,a
9,28,2020,28/09/2020,41.35562918,-83.10694828,0,FM,50.00625,1.41601698,a
9,29,2020,29/09/2020,41.43832057,-83.03183133,0,M,50.1,1.41867168,a
9,29,2020,29/09/2020,41.40543009,-83.08046878,2,LM,50.1,1.41867168,a
9,29,2020,29/09/2020,41.40884935,-83.07865473,0,LM,50.1,1.41867168,a
9,29,2020,29/09/2020,41.41832571,-83.0834239,0,LM,50.1,1.41867168,a
9,29,2020,29/09/2020,41.39494131,-83.10494408,0,UM,50.1,1.41867168,a
9,30,2020,30/09/2020,41.40543009,-83.08047371,1,LM,53.25625,1.50804658,a
8,10,2020,08/10/2020,41.41531982,-83.08642764,0,LM,64.97083333,1.839766093,a
8,10,2020,08/10/2020,41.38573168,-83.09546658,0,UM,64.97083333,1.839766093,a
8,10,2020,08/10/2020,41.39023782,-83.10370899,0,UM,64.97083333,1.839766093,a
8,10,2020,08/10/2020,41.35881427,-83.10154842,0,FM,64.97083333,1.839766093,a
8,10,2020,08/10/2020,41.36746062,-83.10724572,0,FM,64.97083333,1.839766093,a
10,13,2020,13/10/2020,41.42685352,-83.06113421,0,M,50.5375,1.43106028,a
10,13,2020,13/10/2020,41.40527122,-83.08058704,3,LM,50.5375,1.43106028,a
10,13,2020,13/10/2020,41.42332846,-83.0653966,0,LM,50.5375,1.43106028,a
10,14,2020,14/10/2020,41.40580565,-83.07959948,0,LM,49.6,1.40451328,a
10,14,2020,14/10/2020,41.41733083,-83.08585555,0,LM,49.6,1.40451328,a
10,14,2020,14/10/2020,41.39109792,-83.10293662,0,UM,49.6,1.40451328,a
10,15,2020,15/10/2020,41.37546,-83.09502,2,UM,49.9125,1.41336228,a
10,16,2020,16/10/2020,41.40553127,-83.08027299,1,LM,52.6,1.48946368,a
10,16,2020,16/10/2020,41.37402448,-83.09488566,0,UM,52.6,1.48946368,a
10,19,2020,19/10/2020,41.41748,-83.0861,2,LM,44.71875,1.2662919,a
10,20,2020,20/10/2020,41.43638,-83.0301,0,M,57.01041667,1.614352567,a
10,20,2020,20/10/2020,41.42969,-83.04544,0,M,57.01041667,1.614352567,a
10,20,2020,20/10/2020,41.40533,-83.08068,0,LM,57.01041667,1.614352567,a
10,20,2020,20/10/2020,41.38566867,-83.09558474,0,UM,57.01041667,1.614352567,a
10,20,2020,20/10/2020,41.35609052,-83.10602806,1,FM,57.01041667,1.614352567,a
10,20,2020,20/10/2020,41.36018671,-83.10058493,1,FM,57.01041667,1.614352567,a
10,22,2020,22/10/2020,41.36023,-83.10049,0,FM,1137.1875,32.201511,b
10,26,2020,26/10/2020,41.39430236,-83.10581777,0,UM,612.0208333,17.33047153,b
10,26,2020,26/10/2020,41.35274,-83.111,0,FM,612.0208333,17.33047153,b
10,27,2020,27/10/2020,41.40192131,-83.08410232,0,LM,435.0208333,12.31839793,b
10,27,2020,27/10/2020,41.39317816,-83.09415599,0,UM,435.0208333,12.31839793,b
10,28,2020,28/10/2020,41.35755709,-83.1035303,0,FM,340.125,9.6312516,a
10,28,2020,28/10/2020,41.37041039,-83.09968831,0,FM,340.125,9.6312516,a
8,11,2020,08/11/2020,41.43640227,-83.04112213,0,M,237.28125,6.7190457,a
8,11,2020,08/11/2020,41.43852384,-83.03148216,0,M,237.28125,6.7190457,a
8,11,2020,08/11/2020,41.40128307,-83.09744995,0,LM,237.28125,6.7190457,a
8,11,2020,08/11/2020,41.37548442,-83.09492137,0,UM,237.28125,6.7190457,a
8,11,2020,08/11/2020,41.38939588,-83.1043515,0,UM,237.28125,6.7190457,a
8,11,2020,08/11/2020,41.3968016,-83.10284156,0,UM,237.28125,6.7190457,a
8,11,2020,08/11/2020,41.38684587,-83.09044442,1,UM,237.28125,6.7190457,a
9,11,2020,09/11/2020,41.38455601,-83.09724852,0,UM,209.5520833,5.933844432,a
9,11,2020,09/11/2020,41.37384991,-83.09476475,1,UM,209.5520833,5.933844432,a
9,11,2020,09/11/2020,41.38954344,-83.08554579,1,UM,209.5520833,5.933844432,a
9,11,2020,09/11/2020,41.39350353,-83.10709089,0,UM,209.5520833,5.933844432,a
9,11,2020,09/11/2020,41.39121191,-83.10303846,1,UM,209.5520833,5.933844432,a
8,12,2020,08/12/2020,41.42547,-83.04812,0,M,1366.66667,38.69962676,b
8,12,2020,08/12/2020,41.38575827,-83.09575402,0,UM,1366.66667,38.69962676,b
8,12,2020,08/12/2020,41.38934773,-83.08639801,0,UM,1366.66667,38.69962676,b
8,12,2020,08/12/2020,41.39681273,-83.10283718,0,UM,1366.66667,38.69962676,b
10,12,2020,10/12/2020,41.35417402,-83.1045998,0,FM,722.40625,20.4562333,b
10,12,2020,10/12/2020,41.36033888,-83.10056206,2,FM,722.40625,20.4562333,b
