Basin,Grid,Site,GEAR,SPECIES,LENGTH,walleye
1,2,,,,340,NA
1,3,,,,340,NA
1,6,,,,340,NA
1,7,,,,340,NA
1,9,,,,340,NA
1,11,,,,340,NA
2,15,,,,340,NA
2,17,,,,340,NA
2,23,,,,340,NA
2,24,,,,340,NA
2,25,,,,340,NA
3,29,,,,340,NA
3,30,,,,340,NA
1,13,GN08,7,334,656,1
1,13,GN09,7,334,630,1
1,13,GN09,7,334,611,1
1,1,GN01,7,334,599,1
1,13,GN08,7,334,588,1
1,13,GN08,7,334,581,1
1,10,GN06,7,334,576,1
1,12,GN07,7,334,569,1
1,13,GN08,7,334,567,1
1,12,GN07,7,334,565,1
1,13,GN08,7,334,556,1
1,13,GN09,7,334,540,1
1,1,GN01,7,334,538,1
1,13,GN09,7,334,535,1
1,13,GN09,7,334,535,1
1,13,GN08,7,334,532,1
1,13,GN08,7,334,530,1
1,13,GN09,7,334,530,1
1,13,GN08,7,334,529,1
1,1,GN01,7,334,528,1
1,13,GN09,7,334,525,1
1,13,GN08,7,334,524,1
1,13,GN09,7,334,524,1
1,13,GN09,7,334,524,1
1,1,GN01,7,334,521,1
1,10,GN06,7,334,521,1
1,4,GN03,7,334,516,1
1,1,GN01,7,334,515,1
1,10,GN06,7,334,513,1
1,12,GN07,7,334,513,1
1,13,GN09,7,334,513,1
1,4,GN03,7,334,512,1
1,13,GN09,7,334,509,1
1,13,GN09,7,334,509,1
1,13,GN09,7,334,508,1
1,1,GN01,7,334,506,1
1,4,GN03,7,334,506,1
1,13,GN08,7,334,506,1
1,1,GN01,7,334,505,1
1,8,GN05,7,334,504,1
1,4,GN03,7,334,502,1
1,1,GN01,7,334,499,1
1,1,GN01,7,334,497,1
1,13,GN09,7,334,497,1
1,8,GN05,7,334,496,1
1,13,GN09,7,334,495,1
1,1,GN01,7,334,494,1
1,12,GN07,7,334,494,1
1,13,GN09,7,334,494,1
1,1,GN01,7,334,493,1
1,4,GN03,7,334,491,1
1,10,GN06,7,334,490,1
1,12,GN07,7,334,490,1
1,12,GN07,7,334,488,1
1,13,GN08,7,334,488,1
1,1,GN01,7,334,487,1
1,4,GN03,7,334,486,1
1,13,GN08,7,334,486,1
1,13,GN09,7,334,485,1
1,13,GN09,7,334,485,1
1,13,GN09,7,334,485,1
1,13,GN09,7,334,484,1
1,13,GN09,7,334,483,1
1,13,GN09,7,334,482,1
1,1,GN01,7,334,481,1
1,13,GN08,7,334,481,1
1,4,GN03,7,334,480,1
1,13,GN08,7,334,480,1
1,4,GN03,7,334,477,1
1,4,GN03,7,334,477,1
1,4,GN03,7,334,477,1
1,13,GN08,7,334,477,1
1,13,GN08,7,334,477,1
1,5,GN04,7,334,476,1
1,13,GN08,7,334,476,1
1,1,GN01,7,334,475,1
1,1,GN01,7,334,474,1
1,13,GN09,7,334,474,1
1,13,GN09,7,334,474,1
1,8,GN05,7,334,473,1
1,12,GN07,7,334,473,1
1,13,GN09,7,334,473,1
1,1,GN01,7,334,472,1
1,4,GN03,7,334,472,1
1,5,GN04,7,334,472,1
1,4,GN03,7,334,471,1
1,4,GN03,7,334,470,1
1,4,GN03,7,334,469,1
1,10,GN06,7,334,469,1
1,13,GN08,7,334,468,1
1,13,GN09,7,334,468,1
1,13,GN09,7,334,468,1
1,12,GN07,7,334,467,1
1,13,GN09,7,334,467,1
1,4,GN03,7,334,466,1
1,4,GN03,7,334,466,1
1,13,GN08,7,334,466,1
1,4,GN03,7,334,465,1
1,13,GN09,7,334,465,1
1,13,GN09,7,334,465,1
1,4,GN03,7,334,464,1
1,13,GN09,7,334,464,1
1,4,GN03,7,334,463,1
1,4,GN03,7,334,463,1
1,10,GN06,7,334,463,1
1,12,GN07,7,334,463,1
1,13,GN09,7,334,463,1
1,13,GN08,7,334,462,1
1,4,GN03,7,334,459,1
1,13,GN08,7,334,459,1
1,13,GN09,7,334,459,1
1,13,GN09,7,334,459,1
1,13,GN09,7,334,458,1
1,4,GN03,7,334,457,1
1,12,GN07,7,334,457,1
1,13,GN09,7,334,457,1
1,4,GN03,7,334,456,1
1,10,GN06,7,334,456,1
1,12,GN07,7,334,456,1
1,13,GN09,7,334,456,1
1,10,GN06,7,334,455,1
1,13,GN08,7,334,455,1
1,13,GN08,7,334,455,1
1,13,GN09,7,334,455,1
1,13,GN09,7,334,455,1
1,13,GN09,7,334,455,1
1,12,GN07,7,334,454,1
1,4,GN03,7,334,453,1
1,4,GN03,7,334,453,1
1,12,GN07,7,334,453,1
1,4,GN03,7,334,452,1
1,13,GN08,7,334,452,1
1,13,GN09,7,334,452,1
1,13,GN08,7,334,451,1
1,12,GN07,7,334,450,1
1,1,GN01,7,334,449,1
1,1,GN01,7,334,449,1
1,12,GN07,7,334,449,1
1,13,GN08,7,334,449,1
1,13,GN09,7,334,449,1
1,4,GN03,7,334,448,1
1,8,GN05,7,334,448,1
1,13,GN08,7,334,448,1
1,4,GN03,7,334,447,1
1,13,GN09,7,334,447,1
1,13,GN09,7,334,446,1
1,1,GN01,7,334,445,1
1,4,GN03,7,334,445,1
1,8,GN05,7,334,445,1
1,13,GN09,7,334,445,1
1,4,GN03,7,334,444,1
1,4,GN03,7,334,444,1
1,13,GN09,7,334,444,1
1,4,GN03,7,334,443,1
1,12,GN07,7,334,443,1
1,13,GN08,7,334,443,1
1,12,GN07,7,334,442,1
1,13,GN09,7,334,442,1
1,4,GN03,7,334,441,1
1,13,GN09,7,334,441,1
1,13,GN09,7,334,441,1
1,1,GN01,7,334,439,1
1,1,GN01,7,334,439,1
1,1,GN01,7,334,439,1
1,12,GN07,7,334,439,1
1,13,GN09,7,334,439,1
1,4,GN03,7,334,438,1
1,13,GN08,7,334,438,1
1,4,GN03,7,334,437,1
1,12,GN07,7,334,437,1
1,13,GN09,7,334,437,1
1,4,GN03,7,334,436,1
1,1,GN01,7,334,435,1
1,13,GN08,7,334,435,1
1,13,GN08,7,334,434,1
1,13,GN09,7,334,434,1
1,1,GN01,7,334,433,1
1,4,GN03,7,334,433,1
1,13,GN08,7,334,433,1
1,13,GN09,7,334,433,1
1,4,GN03,7,334,432,1
1,1,GN01,7,334,431,1
1,1,GN01,7,334,431,1
1,12,GN07,7,334,429,1
1,13,GN09,7,334,429,1
1,1,GN01,7,334,428,1
1,4,GN03,7,334,427,1
1,4,GN03,7,334,427,1
1,10,GN06,7,334,427,1
1,1,GN01,7,334,426,1
1,12,GN07,7,334,426,1
1,13,GN08,7,334,426,1
1,13,GN09,7,334,426,1
1,13,GN09,7,334,426,1
1,4,GN03,7,334,425,1
1,4,GN03,7,334,424,1
1,4,GN03,7,334,423,1
1,1,GN01,7,334,422,1
1,4,GN03,7,334,422,1
1,13,GN09,7,334,421,1
1,13,GN09,7,334,418,1
1,4,GN03,7,334,415,1
1,12,GN07,7,334,410,1
1,4,GN03,7,334,408,1
1,8,GN05,7,334,407,1
1,10,GN06,7,334,407,1
1,13,GN09,7,334,407,1
1,10,GN06,7,334,400,1
1,13,GN09,7,334,397,1
1,13,GN09,7,334,397,1
1,4,GN03,7,334,393,1
1,13,GN09,7,334,392,1
1,13,GN09,7,334,392,1
1,13,GN08,7,334,390,1
1,4,GN03,7,334,389,1
1,13,GN09,7,334,389,1
1,4,GN03,7,334,387,1
1,13,GN09,7,334,387,1
1,4,GN03,7,334,386,1
1,13,GN09,7,334,386,1
1,13,GN09,7,334,385,1
1,13,GN09,7,334,383,1
1,4,GN03,7,334,382,1
1,4,GN03,7,334,381,1
1,13,GN09,7,334,381,1
1,1,GN01,7,334,380,1
1,1,GN01,7,334,380,1
1,4,GN03,7,334,380,1
1,4,GN03,7,334,380,1
1,4,GN03,7,334,380,1
1,13,GN08,7,334,380,1
1,4,GN03,7,334,379,1
1,12,GN07,7,334,379,1
1,1,GN01,7,334,378,1
1,4,GN03,7,334,378,1
1,13,GN09,7,334,378,1
1,1,GN01,7,334,377,1
1,4,GN03,7,334,377,1
1,4,GN03,7,334,377,1
1,13,GN08,7,334,377,1
1,13,GN09,7,334,377,1
1,13,GN09,7,334,377,1
1,13,GN09,7,334,377,1
1,4,GN03,7,334,376,1
1,4,GN03,7,334,376,1
1,4,GN03,7,334,376,1
1,1,GN01,7,334,375,1
1,1,GN01,7,334,375,1
1,13,GN08,7,334,375,1
1,13,GN09,7,334,375,1
1,13,GN09,7,334,375,1
1,4,GN03,7,334,374,1
1,4,GN03,7,334,374,1
1,13,GN09,7,334,374,1
1,1,GN01,7,334,373,1
1,1,GN01,7,334,373,1
1,1,GN01,7,334,373,1
1,4,GN03,7,334,373,1
1,13,GN09,7,334,373,1
1,1,GN01,7,334,372,1
1,1,GN01,7,334,372,1
1,1,GN01,7,334,372,1
1,4,GN03,7,334,372,1
1,4,GN03,7,334,372,1
1,4,GN03,7,334,372,1
1,4,GN03,7,334,372,1
1,4,GN03,7,334,372,1
1,13,GN09,7,334,372,1
1,4,GN03,7,334,371,1
1,4,GN03,7,334,371,1
1,4,GN03,7,334,370,1
1,4,GN03,7,334,370,1
1,4,GN03,7,334,369,1
1,12,GN07,7,334,369,1
1,13,GN09,7,334,369,1
1,1,GN01,7,334,368,1
1,1,GN01,7,334,368,1
1,4,GN03,7,334,368,1
1,4,GN03,7,334,368,1
1,12,GN07,7,334,368,1
1,13,GN09,7,334,368,1
1,13,GN09,7,334,368,1
1,1,GN01,7,334,367,1
1,1,GN01,7,334,367,1
1,4,GN03,7,334,367,1
1,4,GN03,7,334,367,1
1,4,GN03,7,334,367,1
1,12,GN07,7,334,367,1
1,13,GN08,7,334,367,1
1,13,GN08,7,334,367,1
1,13,GN09,7,334,367,1
1,13,GN09,7,334,367,1
1,13,GN09,7,334,367,1
1,13,GN09,7,334,367,1
1,4,GN03,7,334,366,1
1,4,GN03,7,334,366,1
1,4,GN03,7,334,366,1
1,4,GN03,7,334,366,1
1,1,GN01,7,334,365,1
1,1,GN01,7,334,365,1
1,1,GN01,7,334,365,1
1,12,GN07,7,334,365,1
1,12,GN07,7,334,365,1
1,13,GN09,7,334,365,1
1,13,GN09,7,334,365,1
1,13,GN09,7,334,365,1
1,1,GN01,7,334,364,1
1,1,GN01,7,334,364,1
1,4,GN03,7,334,364,1
1,4,GN03,7,334,364,1
1,10,GN06,7,334,364,1
1,13,GN09,7,334,364,1
1,1,GN01,7,334,363,1
1,4,GN03,7,334,363,1
1,13,GN09,7,334,363,1
1,13,GN09,7,334,363,1
1,13,GN09,7,334,363,1
1,4,GN03,7,334,362,1
1,4,GN03,7,334,362,1
1,13,GN08,7,334,362,1
1,13,GN08,7,334,362,1
1,13,GN09,7,334,362,1
1,13,GN09,7,334,362,1
1,13,GN09,7,334,362,1
1,13,GN09,7,334,362,1
1,4,GN03,7,334,361,1
1,1,GN01,7,334,360,1
1,4,GN03,7,334,360,1
1,4,GN03,7,334,360,1
1,4,GN03,7,334,360,1
1,4,GN03,7,334,360,1
1,13,GN08,7,334,360,1
1,13,GN08,7,334,360,1
1,13,GN09,7,334,360,1
1,4,GN03,7,334,359,1
1,4,GN03,7,334,359,1
1,13,GN09,7,334,359,1
1,13,GN09,7,334,359,1
1,13,GN09,7,334,359,1
1,13,GN09,7,334,359,1
1,1,GN01,7,334,358,1
1,4,GN03,7,334,358,1
1,12,GN07,7,334,358,1
1,12,GN07,7,334,358,1
1,13,GN08,7,334,358,1
1,1,GN01,7,334,357,1
1,4,GN03,7,334,357,1
1,4,GN03,7,334,357,1
1,10,GN06,7,334,357,1
1,12,GN07,7,334,357,1
1,12,GN07,7,334,357,1
1,12,GN07,7,334,357,1
1,13,GN08,7,334,357,1
1,13,GN09,7,334,357,1
1,13,GN09,7,334,357,1
1,13,GN09,7,334,357,1
1,10,GN06,7,334,356,1
1,13,GN08,7,334,356,1
1,13,GN08,7,334,356,1
1,1,GN01,7,334,355,1
1,1,GN01,7,334,355,1
1,1,GN01,7,334,355,1
1,13,GN09,7,334,355,1
1,13,GN09,7,334,354,1
1,13,GN09,7,334,354,1
1,13,GN09,7,334,354,1
1,13,GN09,7,334,354,1
1,4,GN03,7,334,353,1
1,4,GN03,7,334,353,1
1,4,GN03,7,334,353,1
1,4,GN03,7,334,353,1
1,13,GN08,7,334,353,1
1,4,GN03,7,334,352,1
1,12,GN07,7,334,352,1
1,13,GN08,7,334,352,1
1,13,GN08,7,334,352,1
1,13,GN09,7,334,352,1
1,4,GN03,7,334,351,1
1,4,GN03,7,334,351,1
1,12,GN07,7,334,351,1
1,1,GN01,7,334,350,1
1,12,GN07,7,334,350,1
1,13,GN09,7,334,350,1
1,13,GN09,7,334,350,1
1,4,GN03,7,334,349,1
1,13,GN09,7,334,349,1
1,4,GN03,7,334,348,1
1,13,GN09,7,334,348,1
1,13,GN09,7,334,347,1
1,13,GN09,7,334,347,1
1,4,GN03,7,334,346,1
1,13,GN09,7,334,346,1
1,13,GN09,7,334,346,1
1,13,GN09,7,334,346,1
1,4,GN03,7,334,345,1
1,12,GN07,7,334,345,1
1,13,GN08,7,334,345,1
1,13,GN09,7,334,345,1
1,13,GN09,7,334,344,1
1,1,GN01,7,334,343,1
1,1,GN01,7,334,343,1
1,13,GN08,7,334,343,1
1,4,GN03,7,334,341,1
1,13,GN08,7,334,341,1
1,13,GN09,7,334,341,1
1,13,GN09,7,334,341,1
1,13,GN09,7,334,340,1
1,4,GN03,7,334,337,1
1,4,GN03,7,334,337,1
1,13,GN09,7,334,337,1
1,13,GN08,7,334,335,1
1,13,GN09,7,334,335,1
1,13,GN09,7,334,335,1
1,13,GN09,7,334,334,1
1,4,GN03,7,334,332,1
1,4,GN03,7,334,332,1
1,1,GN01,7,334,331,1
1,13,GN08,7,334,328,1
1,4,GN03,7,334,327,1
1,13,GN08,7,334,317,1
1,4,GN03,7,334,314,1
1,1,GN01,7,334,310,1
1,4,GN03,7,334,310,1
1,13,GN09,7,334,269,1
2,21,GN20,7,334,727,1
2,16,GN16,7,334,674,1
2,14,GN14,7,334,662,1
2,22,GN21,7,334,655,1
2,16,GN17,7,334,649,1
2,18,GN15,7,334,632,1
2,14,GN14,7,334,607,1
2,19,GN18,7,334,590,1
2,22,GN21,7,334,588,1
2,22,GN22,7,334,586,1
2,16,GN16,7,334,584,1
2,22,GN21,7,334,583,1
2,19,GN18,7,334,582,1
2,16,GN16,7,334,581,1
2,22,GN22,7,334,575,1
2,20,GN19,7,334,570,1
2,22,GN22,7,334,564,1
2,22,GN22,7,334,558,1
2,16,GN16,7,334,557,1
2,16,GN16,7,334,554,1
2,20,GN19,7,334,554,1
2,18,GN15,7,334,552,1
2,19,GN18,7,334,546,1
2,14,GN14,7,334,545,1
2,16,GN16,7,334,544,1
2,20,GN19,7,334,544,1
2,16,GN16,7,334,543,1
2,19,GN18,7,334,541,1
2,19,GN18,7,334,541,1
2,22,GN21,7,334,541,1
2,22,GN21,7,334,539,1
2,18,GN15,7,334,537,1
2,21,GN20,7,334,537,1
2,19,GN18,7,334,536,1
2,16,GN17,7,334,533,1
2,16,GN16,7,334,533,1
2,16,GN16,7,334,533,1
2,16,GN16,7,334,533,1
2,21,GN20,7,334,533,1
2,16,GN16,7,334,532,1
2,14,GN14,7,334,530,1
2,21,GN20,7,334,528,1
2,22,GN21,7,334,527,1
2,22,GN21,7,334,527,1
2,22,GN21,7,334,527,1
2,22,GN22,7,334,527,1
2,14,GN14,7,334,526,1
2,22,GN21,7,334,526,1
2,22,GN21,7,334,522,1
2,14,GN14,7,334,521,1
2,18,GN15,7,334,521,1
2,14,GN14,7,334,519,1
2,21,GN20,7,334,519,1
2,14,GN14,7,334,518,1
2,16,GN17,7,334,518,1
2,22,GN21,7,334,518,1
2,16,GN16,7,334,517,1
2,19,GN18,7,334,517,1
2,21,GN20,7,334,517,1
2,16,GN16,7,334,514,1
2,18,GN15,7,334,514,1
2,14,GN14,7,334,512,1
2,22,GN21,7,334,512,1
2,16,GN16,7,334,511,1
2,18,GN15,7,334,511,1
2,14,GN14,7,334,510,1
2,20,GN19,7,334,510,1
2,21,GN20,7,334,510,1
2,16,GN16,7,334,509,1
2,16,GN16,7,334,508,1
2,21,GN20,7,334,508,1
2,16,GN17,7,334,506,1
2,16,GN17,7,334,506,1
2,21,GN20,7,334,506,1
2,14,GN14,7,334,505,1
2,22,GN21,7,334,505,1
2,22,GN22,7,334,505,1
2,14,GN14,7,334,503,1
2,22,GN21,7,334,501,1
2,22,GN21,7,334,500,1
2,20,GN19,7,334,497,1
2,16,GN16,7,334,496,1
2,20,GN19,7,334,496,1
2,20,GN19,7,334,495,1
2,18,GN15,7,334,494,1
2,19,GN18,7,334,494,1
2,21,GN20,7,334,493,1
2,14,GN14,7,334,492,1
2,16,GN16,7,334,491,1
2,14,GN14,7,334,490,1
2,14,GN14,7,334,489,1
2,16,GN17,7,334,489,1
2,14,GN14,7,334,488,1
2,14,GN14,7,334,486,1
2,16,GN16,7,334,486,1
2,16,GN16,7,334,485,1
2,22,GN21,7,334,485,1
2,22,GN21,7,334,484,1
2,16,GN16,7,334,483,1
2,21,GN20,7,334,482,1
2,16,GN17,7,334,481,1
2,16,GN16,7,334,481,1
2,16,GN16,7,334,480,1
2,20,GN19,7,334,480,1
2,22,GN21,7,334,480,1
2,21,GN20,7,334,479,1
2,22,GN21,7,334,479,1
2,16,GN17,7,334,478,1
2,16,GN16,7,334,477,1
2,19,GN18,7,334,477,1
2,16,GN16,7,334,476,1
2,16,GN17,7,334,475,1
2,16,GN16,7,334,475,1
2,22,GN22,7,334,475,1
2,14,GN14,7,334,474,1
2,16,GN16,7,334,473,1
2,22,GN21,7,334,473,1
2,22,GN21,7,334,473,1
2,20,GN19,7,334,472,1
2,20,GN19,7,334,472,1
2,16,GN16,7,334,471,1
2,22,GN21,7,334,471,1
2,22,GN22,7,334,470,1
2,16,GN16,7,334,469,1
2,16,GN16,7,334,468,1
2,22,GN21,7,334,468,1
2,22,GN21,7,334,468,1
2,18,GN15,7,334,467,1
2,21,GN20,7,334,467,1
2,21,GN20,7,334,467,1
2,14,GN14,7,334,466,1
2,16,GN17,7,334,466,1
2,16,GN17,7,334,464,1
2,16,GN16,7,334,464,1
2,22,GN21,7,334,464,1
2,16,GN16,7,334,463,1
2,16,GN16,7,334,463,1
2,16,GN16,7,334,463,1
2,19,GN18,7,334,463,1
2,22,GN21,7,334,463,1
2,22,GN22,7,334,463,1
2,16,GN16,7,334,462,1
2,18,GN15,7,334,460,1
2,22,GN21,7,334,458,1
2,16,GN16,7,334,456,1
2,19,GN18,7,334,456,1
2,21,GN20,7,334,456,1
2,14,GN14,7,334,454,1
2,16,GN17,7,334,454,1
2,14,GN14,7,334,453,1
2,16,GN16,7,334,453,1
2,16,GN16,7,334,453,1
2,16,GN16,7,334,453,1
2,16,GN17,7,334,452,1
2,16,GN17,7,334,452,1
2,16,GN17,7,334,451,1
2,16,GN17,7,334,451,1
2,16,GN16,7,334,451,1
2,16,GN16,7,334,451,1
2,22,GN21,7,334,451,1
2,16,GN16,7,334,450,1
2,21,GN20,7,334,450,1
2,16,GN16,7,334,448,1
2,18,GN15,7,334,448,1
2,18,GN15,7,334,446,1
2,22,GN21,7,334,445,1
2,22,GN21,7,334,445,1
2,22,GN21,7,334,445,1
2,16,GN17,7,334,444,1
2,21,GN20,7,334,443,1
2,22,GN22,7,334,442,1
2,14,GN14,7,334,441,1
2,16,GN16,7,334,439,1
2,18,GN15,7,334,439,1
2,22,GN22,7,334,439,1
2,16,GN16,7,334,438,1
2,19,GN18,7,334,438,1
2,16,GN16,7,334,436,1
2,19,GN18,7,334,436,1
2,16,GN16,7,334,435,1
2,16,GN16,7,334,433,1
2,18,GN15,7,334,433,1
2,21,GN20,7,334,432,1
2,16,GN16,7,334,431,1
2,22,GN21,7,334,429,1
2,22,GN21,7,334,428,1
2,22,GN21,7,334,428,1
2,22,GN21,7,334,428,1
2,16,GN17,7,334,427,1
2,19,GN18,7,334,426,1
2,19,GN18,7,334,422,1
2,16,GN16,7,334,417,1
2,18,GN15,7,334,411,1
2,16,GN16,7,334,409,1
2,21,GN20,7,334,407,1
2,16,GN17,7,334,403,1
2,19,GN18,7,334,393,1
2,22,GN22,7,334,393,1
2,16,GN16,7,334,392,1
2,16,GN17,7,334,391,1
2,21,GN20,7,334,388,1
2,16,GN17,7,334,386,1
2,19,GN18,7,334,382,1
2,16,GN17,7,334,381,1
2,16,GN17,7,334,381,1
2,16,GN17,7,334,381,1
2,18,GN15,7,334,381,1
2,19,GN18,7,334,380,1
2,22,GN21,7,334,380,1
2,14,GN14,7,334,379,1
2,16,GN17,7,334,379,1
2,14,GN14,7,334,377,1
2,16,GN17,7,334,377,1
2,16,GN16,7,334,376,1
2,19,GN18,7,334,376,1
2,19,GN18,7,334,374,1
2,16,GN17,7,334,373,1
2,19,GN18,7,334,372,1
2,16,GN16,7,334,371,1
2,22,GN21,7,334,371,1
2,16,GN17,7,334,370,1
2,16,GN17,7,334,369,1
2,16,GN17,7,334,369,1
2,16,GN17,7,334,369,1
2,16,GN16,7,334,368,1
2,22,GN22,7,334,368,1
2,14,GN14,7,334,367,1
2,16,GN17,7,334,367,1
2,18,GN15,7,334,367,1
2,18,GN15,7,334,367,1
2,21,GN20,7,334,365,1
2,22,GN21,7,334,365,1
2,22,GN21,7,334,364,1
2,16,GN17,7,334,362,1
2,16,GN16,7,334,362,1
2,16,GN16,7,334,362,1
2,16,GN17,7,334,361,1
2,22,GN22,7,334,361,1
2,14,GN14,7,334,360,1
2,16,GN17,7,334,360,1
2,16,GN17,7,334,360,1
2,16,GN16,7,334,358,1
2,19,GN18,7,334,358,1
2,14,GN14,7,334,357,1
2,16,GN17,7,334,357,1
2,16,GN16,7,334,357,1
2,22,GN21,7,334,357,1
2,14,GN14,7,334,356,1
2,14,GN14,7,334,355,1
2,19,GN18,7,334,355,1
2,16,GN17,7,334,354,1
2,16,GN17,7,334,354,1
2,16,GN17,7,334,353,1
2,16,GN17,7,334,352,1
2,20,GN19,7,334,352,1
2,22,GN21,7,334,350,1
2,19,GN18,7,334,349,1
2,14,GN14,7,334,348,1
2,20,GN19,7,334,347,1
2,22,GN22,7,334,346,1
2,21,GN20,7,334,344,1
2,22,GN22,7,334,344,1
2,16,GN17,7,334,343,1
2,22,GN21,7,334,342,1
2,18,GN15,7,334,337,1
2,19,GN18,7,334,332,1
2,16,GN17,7,334,323,1
2,19,GN18,7,334,323,1
2,16,GN17,7,334,301,1
2,16,GN17,7,334,264,1
2,19,GN18,7,334,255,1
3,31,GN27,7,334,689,1
3,28,GN26,7,334,658,1
3,31,GN27,7,334,638,1
3,34,GN30,7,334,602,1
3,31,GN27,7,334,587,1
3,32,GN29,7,334,587,1
3,31,GN27,7,334,581,1
3,28,GN26,7,334,575,1
3,31,GN27,7,334,571,1
3,28,GN26,7,334,567,1
3,28,GN26,7,334,560,1
3,28,GN26,7,334,552,1
3,31,GN27,7,334,551,1
3,28,GN26,7,334,549,1
3,32,GN29,7,334,549,1
3,27,GN24,7,334,545,1
3,27,GN24,7,334,541,1
3,34,GN30,7,334,534,1
3,31,GN27,7,334,530,1
3,27,GN24,7,334,528,1
3,31,GN27,7,334,528,1
3,27,GN24,7,334,527,1
3,31,GN27,7,334,527,1
3,31,GN27,7,334,526,1
3,31,GN27,7,334,525,1
3,31,GN27,7,334,524,1
3,28,GN26,7,334,521,1
3,31,GN27,7,334,521,1
3,32,GN29,7,334,519,1
3,31,GN27,7,334,518,1
3,28,GN26,7,334,517,1
3,31,GN27,7,334,517,1
3,31,GN27,7,334,515,1
3,31,GN27,7,334,515,1
3,27,GN24,7,334,510,1
3,28,GN26,7,334,496,1
3,31,GN27,7,334,495,1
3,31,GN27,7,334,495,1
3,27,GN24,7,334,494,1
3,33,GN28,7,334,492,1
3,31,GN27,7,334,491,1
3,27,GN24,7,334,486,1
3,27,GN24,7,334,485,1
3,27,GN24,7,334,484,1
3,33,GN28,7,334,484,1
3,28,GN26,7,334,483,1
3,28,GN26,7,334,474,1
3,27,GN24,7,334,471,1
3,32,GN29,7,334,470,1
3,27,GN24,7,334,463,1
3,33,GN28,7,334,455,1
3,27,GN24,7,334,451,1
3,27,GN24,7,334,432,1
3,27,GN24,7,334,428,1
3,28,GN26,7,334,428,1
3,28,GN26,7,334,409,1
3,28,GN26,7,334,381,1
3,28,GN26,7,334,375,1
3,34,GN30,7,334,375,1
3,34,GN30,7,334,375,1
3,28,GN26,7,334,372,1
3,28,GN26,7,334,367,1
3,28,GN26,7,334,367,1
3,27,GN24,7,334,361,1
3,28,GN26,7,334,353,1
3,34,GN30,7,334,352,1
3,28,GN26,7,334,348,1
3,28,GN26,7,334,331,1
1,13,GN09,7,302,400,0
1,12,GN07,7,302,397,0
1,13,GN08,7,302,383,0
1,12,GN07,7,302,380,0
1,10,GN06,7,302,379,0
1,13,GN09,7,302,375,0
1,12,GN07,7,302,372,0
1,13,GN09,7,302,372,0
1,1,GN01,7,302,370,0
1,8,GN05,7,302,370,0
1,13,GN08,7,302,370,0
1,13,GN09,7,302,370,0
1,5,GN04,7,302,368,0
1,13,GN09,7,302,368,0
1,10,GN06,7,302,367,0
1,13,GN08,7,302,364,0
1,13,GN09,7,302,362,0
1,1,GN01,7,302,361,0
1,10,GN06,7,302,361,0
1,12,GN07,7,302,361,0
1,12,GN07,7,302,361,0
1,13,GN09,7,302,361,0
1,10,GN06,7,302,360,0
1,13,GN09,7,302,359,0
1,13,GN09,7,302,359,0
1,1,GN01,7,302,358,0
1,12,GN07,7,302,358,0
1,12,GN07,7,302,358,0
1,12,GN07,7,302,358,0
1,13,GN09,7,302,358,0
1,4,GN03,7,302,357,0
1,4,GN03,7,302,356,0
1,4,GN03,7,302,356,0
1,10,GN06,7,302,356,0
1,13,GN09,7,302,356,0
1,10,GN06,7,302,355,0
1,13,GN08,7,302,355,0
1,4,GN03,7,302,354,0
1,10,GN06,7,302,354,0
1,12,GN07,7,302,354,0
1,13,GN08,7,302,354,0
1,12,GN07,7,302,353,0
1,13,GN09,7,302,353,0
1,1,GN01,7,302,352,0
1,12,GN07,7,302,351,0
1,12,GN07,7,302,351,0
1,12,GN07,7,302,351,0
1,13,GN09,7,302,351,0
1,13,GN09,7,302,350,0
1,13,GN09,7,302,350,0
1,8,GN05,7,302,348,0
1,12,GN07,7,302,348,0
1,13,GN08,7,302,348,0
1,13,GN09,7,302,348,0
1,8,GN05,7,302,347,0
1,10,GN06,7,302,347,0
1,10,GN06,7,302,347,0
1,13,GN09,7,302,347,0
1,13,GN09,7,302,347,0
1,13,GN09,7,302,347,0
1,1,GN01,7,302,345,0
1,10,GN06,7,302,345,0
1,13,GN08,7,302,345,0
1,13,GN09,7,302,344,0
1,10,GN06,7,302,342,0
1,13,GN08,7,302,342,0
1,13,GN09,7,302,342,0
1,13,GN09,7,302,342,0
1,13,GN09,7,302,341,0
1,1,GN01,7,302,340,0
1,4,GN03,7,302,340,0
1,4,GN03,7,302,340,0
1,10,GN06,7,302,340,0
1,12,GN07,7,302,340,0
1,12,GN07,7,302,340,0
1,13,GN08,7,302,340,0
1,13,GN08,7,302,340,0
1,4,GN03,7,302,339,0
1,12,GN07,7,302,339,0
1,12,GN07,7,302,339,0
1,12,GN07,7,302,338,0
1,13,GN08,7,302,338,0
1,13,GN08,7,302,338,0
1,13,GN09,7,302,338,0
1,13,GN09,7,302,338,0
1,13,GN09,7,302,338,0
1,4,GN03,7,302,337,0
1,8,GN05,7,302,337,0
1,10,GN06,7,302,337,0
1,12,GN07,7,302,337,0
1,12,GN07,7,302,337,0
1,13,GN08,7,302,337,0
1,13,GN08,7,302,337,0
1,13,GN09,7,302,337,0
1,13,GN09,7,302,337,0
1,10,GN06,7,302,336,0
1,10,GN06,7,302,336,0
1,10,GN06,7,302,336,0
1,13,GN08,7,302,335,0
1,13,GN09,7,302,335,0
1,13,GN09,7,302,335,0
1,1,GN01,7,302,334,0
1,4,GN03,7,302,334,0
1,4,GN03,7,302,334,0
1,10,GN06,7,302,334,0
1,12,GN07,7,302,334,0
1,12,GN07,7,302,334,0
1,12,GN07,7,302,333,0
1,12,GN07,7,302,333,0
1,13,GN08,7,302,333,0
1,13,GN08,7,302,333,0
1,13,GN08,7,302,333,0
1,1,GN01,7,302,332,0
1,4,GN03,7,302,332,0
1,10,GN06,7,302,332,0
1,10,GN06,7,302,332,0
1,10,GN06,7,302,332,0
1,12,GN07,7,302,332,0
1,12,GN07,7,302,332,0
1,13,GN08,7,302,332,0
1,13,GN09,7,302,332,0
1,13,GN09,7,302,332,0
1,13,GN09,7,302,332,0
1,1,GN01,7,302,331,0
1,4,GN03,7,302,331,0
1,12,GN07,7,302,331,0
1,13,GN08,7,302,331,0
1,10,GN06,7,302,330,0
1,13,GN08,7,302,330,0
1,13,GN08,7,302,330,0
1,13,GN09,7,302,330,0
1,10,GN06,7,302,329,0
1,10,GN06,7,302,329,0
1,10,GN06,7,302,329,0
1,12,GN07,7,302,329,0
1,12,GN07,7,302,329,0
1,12,GN07,7,302,329,0
1,13,GN09,7,302,329,0
1,13,GN09,7,302,329,0
1,1,GN01,7,302,328,0
1,4,GN03,7,302,328,0
1,12,GN07,7,302,328,0
1,13,GN08,7,302,328,0
1,13,GN09,7,302,328,0
1,1,GN01,7,302,327,0
1,1,GN01,7,302,327,0
1,4,GN03,7,302,327,0
1,10,GN06,7,302,327,0
1,10,GN06,7,302,327,0
1,12,GN07,7,302,327,0
1,12,GN07,7,302,327,0
1,12,GN07,7,302,327,0
1,13,GN08,7,302,327,0
1,10,GN06,7,302,326,0
1,10,GN06,7,302,326,0
1,10,GN06,7,302,326,0
1,10,GN06,7,302,326,0
1,12,GN07,7,302,326,0
1,12,GN07,7,302,326,0
1,13,GN08,7,302,326,0
1,13,GN08,7,302,326,0
1,13,GN09,7,302,326,0
1,10,GN06,7,302,325,0
1,12,GN07,7,302,325,0
1,13,GN08,7,302,325,0
1,13,GN09,7,302,325,0
1,13,GN09,7,302,325,0
1,4,GN03,7,302,324,0
1,10,GN06,7,302,324,0
1,10,GN06,7,302,324,0
1,12,GN07,7,302,324,0
1,13,GN09,7,302,324,0
1,1,GN01,7,302,323,0
1,10,GN06,7,302,323,0
1,12,GN07,7,302,323,0
1,12,GN07,7,302,323,0
1,13,GN08,7,302,323,0
1,13,GN09,7,302,323,0
1,13,GN09,7,302,323,0
1,1,GN01,7,302,322,0
1,1,GN01,7,302,322,0
1,1,GN01,7,302,322,0
1,4,GN03,7,302,322,0
1,4,GN03,7,302,322,0
1,5,GN04,7,302,322,0
1,12,GN07,7,302,322,0
1,13,GN09,7,302,322,0
1,4,GN03,7,302,321,0
1,4,GN03,7,302,321,0
1,4,GN03,7,302,321,0
1,10,GN06,7,302,321,0
1,12,GN07,7,302,321,0
1,13,GN09,7,302,321,0
1,1,GN01,7,302,320,0
1,4,GN03,7,302,320,0
1,12,GN07,7,302,320,0
1,13,GN08,7,302,320,0
1,13,GN09,7,302,320,0
1,1,GN01,7,302,319,0
1,4,GN03,7,302,319,0
1,10,GN06,7,302,319,0
1,10,GN06,7,302,319,0
1,10,GN06,7,302,319,0
1,12,GN07,7,302,319,0
1,12,GN07,7,302,319,0
1,12,GN07,7,302,319,0
1,12,GN07,7,302,319,0
1,13,GN08,7,302,319,0
1,13,GN09,7,302,319,0
1,1,GN01,7,302,318,0
1,10,GN06,7,302,318,0
1,12,GN07,7,302,318,0
1,13,GN09,7,302,318,0
1,1,GN01,7,302,317,0
1,8,GN05,7,302,317,0
1,10,GN06,7,302,317,0
1,10,GN06,7,302,317,0
1,13,GN09,7,301,317,0
1,1,GN01,7,302,316,0
1,4,GN03,7,302,316,0
1,4,GN03,7,302,316,0
1,5,GN04,7,302,316,0
1,10,GN06,7,302,316,0
1,10,GN06,7,302,316,0
1,13,GN08,7,302,316,0
1,13,GN09,7,302,316,0
1,13,GN09,7,302,316,0
1,13,GN09,7,302,316,0
1,13,GN08,7,302,315,0
1,13,GN09,7,302,315,0
1,13,GN09,7,302,315,0
1,1,GN01,7,302,314,0
1,4,GN03,7,302,314,0
1,4,GN03,7,302,314,0
1,10,GN06,7,302,314,0
1,12,GN07,7,302,314,0
1,12,GN07,7,302,314,0
1,4,GN03,7,302,313,0
1,12,GN07,7,302,313,0
1,12,GN07,7,302,313,0
1,12,GN07,7,302,313,0
1,13,GN09,7,302,313,0
1,13,GN09,7,302,313,0
1,1,GN01,7,302,312,0
1,12,GN07,7,302,312,0
1,12,GN07,7,302,312,0
1,13,GN08,7,302,312,0
1,13,GN09,7,302,312,0
1,13,GN09,7,302,312,0
1,10,GN06,7,302,311,0
1,12,GN07,7,302,311,0
1,12,GN07,7,302,311,0
1,13,GN08,7,302,311,0
1,13,GN08,7,302,311,0
1,13,GN08,7,302,311,0
1,13,GN08,7,302,311,0
1,13,GN09,7,302,311,0
1,1,GN01,7,302,310,0
1,8,GN05,7,302,310,0
1,10,GN06,7,302,310,0
1,10,GN06,7,302,310,0
1,12,GN07,7,302,310,0
1,13,GN09,7,302,310,0
1,13,GN09,7,302,310,0
1,13,GN09,7,302,310,0
1,13,GN09,7,302,310,0
1,13,GN09,7,302,310,0
1,13,GN09,7,302,310,0
1,12,GN07,7,302,309,0
1,13,GN09,7,301,309,0
1,13,GN09,7,302,309,0
1,13,GN09,7,302,309,0
1,12,GN07,7,302,308,0
1,13,GN08,7,302,308,0
1,4,GN03,7,302,307,0
1,12,GN07,7,302,307,0
1,13,GN08,7,302,307,0
1,13,GN08,7,302,307,0
1,13,GN09,7,302,307,0
1,13,GN09,7,302,307,0
1,13,GN09,7,302,307,0
1,1,GN01,7,302,306,0
1,4,GN03,7,302,306,0
1,12,GN07,7,302,306,0
1,13,GN09,7,302,306,0
1,13,GN09,7,302,306,0
1,13,GN09,7,302,306,0
1,13,GN09,7,302,306,0
1,13,GN09,7,302,306,0
1,1,GN01,7,302,305,0
1,4,GN03,7,302,305,0
1,10,GN06,7,302,305,0
1,10,GN06,7,302,305,0
1,10,GN06,7,302,305,0
1,12,GN07,7,302,305,0
1,10,GN06,7,302,304,0
1,10,GN06,7,302,304,0
1,13,GN08,7,302,304,0
1,13,GN08,7,302,304,0
1,13,GN09,7,302,304,0
1,13,GN09,7,302,304,0
1,13,GN09,7,302,304,0
1,1,GN01,7,302,303,0
1,4,GN03,7,302,303,0
1,12,GN07,7,302,303,0
1,12,GN07,7,302,303,0
1,13,GN09,7,302,303,0
1,13,GN09,7,302,303,0
1,13,GN09,7,302,303,0
1,1,GN01,7,302,302,0
1,1,GN01,7,302,302,0
1,5,GN04,7,302,302,0
1,13,GN09,7,302,302,0
1,13,GN09,7,302,302,0
1,1,GN01,7,302,301,0
1,1,GN01,7,302,301,0
1,4,GN03,7,302,301,0
1,4,GN03,7,302,301,0
1,10,GN06,7,302,301,0
1,13,GN09,7,302,301,0
1,13,GN09,7,302,301,0
1,4,GN03,7,302,300,0
1,10,GN06,7,302,300,0
1,13,GN08,7,302,300,0
1,13,GN09,7,302,300,0
1,8,GN05,7,302,299,0
1,13,GN08,7,302,299,0
1,13,GN09,7,302,299,0
1,13,GN09,7,302,299,0
1,13,GN09,7,302,299,0
1,13,GN09,7,302,299,0
1,1,GN01,7,302,298,0
1,4,GN03,7,302,298,0
1,4,GN03,7,302,298,0
1,8,GN05,7,302,298,0
1,13,GN08,7,302,298,0
1,13,GN08,7,302,298,0
1,13,GN09,7,302,298,0
1,13,GN09,7,302,298,0
1,1,GN01,7,302,297,0
1,1,GN01,7,302,297,0
1,4,GN03,7,302,297,0
1,10,GN06,7,302,297,0
1,10,GN06,7,302,297,0
1,10,GN06,7,302,297,0
1,10,GN06,7,302,297,0
1,13,GN08,7,302,297,0
1,13,GN09,7,302,297,0
1,1,GN01,7,302,296,0
1,13,GN08,7,302,296,0
1,13,GN08,7,302,296,0
1,13,GN08,7,302,296,0
1,13,GN09,7,302,296,0
1,13,GN09,7,302,296,0
1,13,GN09,7,302,296,0
1,4,GN03,7,302,295,0
1,12,GN07,7,302,295,0
1,12,GN07,7,302,295,0
1,13,GN09,7,302,295,0
1,13,GN09,7,302,295,0
1,1,GN01,7,302,294,0
1,4,GN03,7,302,294,0
1,13,GN08,7,302,294,0
1,13,GN08,7,302,294,0
1,1,GN01,7,302,293,0
1,5,GN04,7,302,293,0
1,8,GN05,7,302,293,0
1,13,GN08,7,302,293,0
1,13,GN09,7,302,293,0
1,13,GN09,7,302,293,0
1,8,GN05,7,302,292,0
1,8,GN05,7,302,292,0
1,12,GN07,7,302,292,0
1,13,GN08,7,302,292,0
1,13,GN08,7,302,292,0
1,1,GN01,7,302,290,0
1,10,GN06,7,302,290,0
1,13,GN08,7,302,290,0
1,13,GN08,7,302,290,0
1,1,GN01,7,302,289,0
1,4,GN03,7,302,289,0
1,13,GN09,7,302,289,0
1,13,GN09,7,302,289,0
1,10,GN06,7,302,288,0
1,10,GN06,7,302,288,0
1,13,GN08,7,302,288,0
1,13,GN09,7,302,288,0
1,4,GN03,7,302,287,0
1,13,GN09,7,302,287,0
1,1,GN01,7,302,286,0
1,4,GN03,7,302,286,0
1,4,GN03,7,302,286,0
1,4,GN03,7,302,286,0
1,12,GN07,7,302,285,0
1,13,GN09,7,301,285,0
1,13,GN09,7,302,285,0
1,13,GN08,7,302,284,0
1,4,GN03,7,302,283,0
1,4,GN03,7,302,283,0
1,10,GN06,7,302,283,0
1,12,GN07,7,302,283,0
1,12,GN07,7,302,283,0
1,13,GN09,7,302,283,0
1,1,GN01,7,302,282,0
1,13,GN08,7,302,282,0
1,13,GN09,7,302,282,0
1,4,GN03,7,302,281,0
1,4,GN03,7,302,280,0
1,12,GN07,7,302,280,0
1,4,GN03,7,301,279,0
1,4,GN03,7,301,279,0
1,13,GN09,7,301,278,0
1,4,GN03,7,301,277,0
1,13,GN09,7,301,277,0
1,13,GN09,7,302,277,0
1,13,GN09,7,301,276,0
1,10,GN06,7,302,275,0
1,4,GN03,7,301,274,0
1,4,GN03,7,301,273,0
1,13,GN09,7,302,273,0
1,4,GN03,7,301,272,0
1,13,GN09,7,302,271,0
1,12,GN07,7,301,267,0
1,4,GN03,7,301,263,0
1,4,GN03,7,302,261,0
1,4,GN03,7,301,261,0
1,13,GN09,7,301,261,0
1,13,GN09,7,302,260,0
1,4,GN03,7,301,259,0
1,4,GN03,7,301,257,0
1,4,GN03,7,301,256,0
1,13,GN09,7,301,255,0
1,4,GN03,7,301,254,0
1,4,GN03,7,301,254,0
1,1,GN01,7,302,253,0
1,4,GN03,7,301,253,0
1,4,GN03,7,301,252,0
1,4,GN03,7,301,251,0
1,13,GN08,7,302,251,0
1,13,GN09,7,301,251,0
1,4,GN03,7,301,249,0
1,4,GN03,7,301,248,0
1,13,GN09,7,301,248,0
1,1,GN01,7,301,247,0
1,4,GN03,7,301,247,0
1,4,GN03,7,301,247,0
1,4,GN03,7,301,246,0
1,10,GN06,7,301,246,0
1,1,GN01,7,301,245,0
1,4,GN03,7,301,245,0
1,1,GN01,7,301,244,0
1,4,GN03,7,301,244,0
1,13,GN09,7,301,244,0
1,4,GN03,7,301,242,0
1,4,GN03,7,301,241,0
1,4,GN03,7,301,241,0
1,13,GN09,7,301,241,0
1,13,GN09,7,301,241,0
1,13,GN08,7,302,240,0
1,4,GN03,7,302,238,0
1,4,GN03,7,301,238,0
1,4,GN03,7,301,238,0
1,4,GN03,7,301,237,0
1,4,GN03,7,301,236,0
1,10,GN06,7,301,234,0
1,13,GN09,7,301,233,0
1,4,GN03,7,301,232,0
1,4,GN03,7,301,231,0
1,4,GN03,7,301,231,0
1,4,GN03,7,301,229,0
1,4,GN03,7,301,228,0
1,4,GN03,7,301,228,0
1,13,GN09,7,301,226,0
1,1,GN01,7,301,225,0
1,13,GN09,7,301,225,0
1,4,GN03,7,301,223,0
1,4,GN03,7,301,223,0
1,1,GN01,7,301,222,0
1,4,GN03,7,301,222,0
1,1,GN01,7,301,221,0
1,10,GN06,7,301,221,0
1,4,GN03,7,301,220,0
1,4,GN03,7,301,219,0
1,1,GN01,7,301,218,0
1,12,GN07,7,301,218,0
1,1,GN01,7,301,217,0
1,4,GN03,7,301,217,0
1,4,GN03,7,301,216,0
1,4,GN03,7,301,216,0
1,1,GN01,7,301,215,0
1,4,GN03,7,301,213,0
1,1,GN01,7,301,212,0
1,1,GN01,7,301,212,0
1,1,GN01,7,301,212,0
1,4,GN03,7,301,212,0
1,4,GN03,7,301,212,0
1,1,GN01,7,63,209,0
1,4,GN03,7,301,209,0
1,1,GN01,7,301,208,0
1,13,GN09,7,301,208,0
1,1,GN01,7,301,207,0
1,1,GN01,7,301,206,0
1,4,GN03,7,301,206,0
1,5,GN04,7,301,206,0
1,4,GN03,7,301,205,0
1,4,GN03,7,301,204,0
1,4,GN03,7,301,204,0
1,4,GN03,7,301,203,0
1,4,GN03,7,301,203,0
1,4,GN03,7,301,203,0
1,4,GN03,7,301,202,0
1,4,GN03,7,301,201,0
1,13,GN08,7,302,201,0
1,1,GN01,7,301,200,0
1,4,GN03,7,301,200,0
1,5,GN04,7,301,199,0
1,1,GN01,7,301,198,0
1,4,GN03,7,301,198,0
1,4,GN03,7,301,198,0
1,1,GN01,7,301,197,0
1,4,GN03,7,63,197,0
1,12,GN07,7,63,197,0
1,4,GN03,7,63,195,0
1,4,GN03,7,301,195,0
1,1,GN01,7,301,192,0
1,4,GN03,7,63,192,0
1,4,GN03,7,301,192,0
1,13,GN09,7,301,192,0
1,1,GN01,7,301,191,0
1,1,GN01,7,301,191,0
1,4,GN03,7,301,191,0
1,10,GN06,7,63,191,0
1,4,GN03,7,63,190,0
1,4,GN03,7,301,190,0
1,1,GN01,7,301,189,0
1,4,GN03,7,301,189,0
1,4,GN03,7,301,189,0
1,4,GN03,7,301,189,0
1,4,GN03,7,63,188,0
1,4,GN03,7,301,188,0
1,4,GN03,7,63,187,0
1,4,GN03,7,301,187,0
1,1,GN01,7,63,186,0
1,4,GN03,7,301,186,0
1,8,GN05,7,63,186,0
1,12,GN07,7,63,186,0
1,1,GN01,7,301,184,0
1,4,GN03,7,63,184,0
1,1,GN01,7,301,183,0
1,4,GN03,7,63,183,0
1,4,GN03,7,301,183,0
1,12,GN07,7,63,183,0
1,1,GN01,7,301,182,0
1,10,GN06,7,63,182,0
1,12,GN07,7,301,182,0
1,4,GN03,7,63,181,0
1,4,GN03,7,301,181,0
1,12,GN07,7,63,181,0
1,10,GN06,7,63,180,0
1,10,GN06,7,63,180,0
1,1,GN01,7,301,179,0
1,13,GN08,7,63,179,0
1,4,GN03,7,63,178,0
1,4,GN03,7,63,178,0
1,8,GN05,7,63,178,0
1,4,GN03,7,63,177,0
1,1,GN01,7,301,176,0
1,10,GN06,7,63,175,0
1,1,GN01,7,301,174,0
1,1,GN01,7,63,173,0
1,1,GN01,7,301,173,0
1,4,GN03,7,63,172,0
1,12,GN07,7,63,172,0
1,13,GN08,7,63,172,0
1,13,GN08,7,63,172,0
1,13,GN09,7,63,169,0
2,22,GN22,7,302,397,0
2,21,GN20,7,302,395,0
2,20,GN19,7,302,386,0
2,18,GN15,7,302,378,0
2,16,GN16,7,302,374,0
2,22,GN22,7,302,367,0
2,16,GN16,7,302,365,0
2,20,GN19,7,302,365,0
2,22,GN22,7,302,363,0
2,21,GN20,7,302,362,0
2,22,GN22,7,302,362,0
2,16,GN16,7,302,361,0
2,20,GN19,7,302,361,0
2,22,GN21,7,302,361,0
2,18,GN15,7,302,360,0
2,19,GN18,7,302,360,0
2,22,GN21,7,302,360,0
2,16,GN16,7,302,358,0
2,21,GN20,7,302,358,0
2,14,GN14,7,302,357,0
2,14,GN14,7,302,357,0
2,16,GN16,7,302,356,0
2,16,GN16,7,302,356,0
2,19,GN18,7,302,356,0
2,22,GN21,7,302,356,0
2,18,GN15,7,302,354,0
2,22,GN21,7,302,354,0
2,21,GN20,7,302,353,0
2,21,GN20,7,302,351,0
2,18,GN15,7,302,350,0
2,18,GN15,7,302,349,0
2,21,GN20,7,302,349,0
2,21,GN20,7,302,349,0
2,22,GN22,7,302,349,0
2,19,GN18,7,302,348,0
2,21,GN20,7,302,348,0
2,21,GN20,7,302,348,0
2,16,GN16,7,302,347,0
2,21,GN20,7,302,347,0
2,22,GN21,7,302,346,0
2,22,GN21,7,302,345,0
2,21,GN20,7,302,344,0
2,22,GN21,7,302,344,0
2,16,GN16,7,302,343,0
2,18,GN15,7,302,343,0
2,19,GN18,7,302,343,0
2,22,GN22,7,302,343,0
2,19,GN18,7,302,342,0
2,22,GN21,7,302,342,0
2,22,GN21,7,302,341,0
2,16,GN17,7,302,340,0
2,16,GN16,7,302,340,0
2,16,GN16,7,302,340,0
2,16,GN16,7,302,340,0
2,22,GN21,7,302,340,0
2,21,GN20,7,302,339,0
2,22,GN21,7,302,339,0
2,14,GN14,7,302,338,0
2,16,GN17,7,302,338,0
2,21,GN20,7,302,338,0
2,22,GN22,7,302,338,0
2,16,GN16,7,302,337,0
2,16,GN16,7,302,337,0
2,21,GN20,7,302,337,0
2,21,GN20,7,302,337,0
2,16,GN16,7,302,336,0
2,16,GN16,7,302,336,0
2,20,GN19,7,302,336,0
2,21,GN20,7,302,336,0
2,21,GN20,7,302,335,0
2,14,GN14,7,302,333,0
2,14,GN14,7,302,333,0
2,16,GN16,7,302,333,0
2,22,GN21,7,302,333,0
2,21,GN20,7,302,332,0
2,22,GN21,7,302,332,0
2,22,GN21,7,302,332,0
2,16,GN16,7,302,330,0
2,22,GN21,7,302,330,0
2,22,GN21,7,302,330,0
2,22,GN21,7,302,330,0
2,22,GN21,7,302,329,0
2,20,GN19,7,302,328,0
2,22,GN21,7,302,328,0
2,16,GN16,7,302,327,0
2,21,GN20,7,302,327,0
2,21,GN20,7,302,327,0
2,21,GN20,7,302,327,0
2,22,GN21,7,302,327,0
2,22,GN21,7,302,327,0
2,22,GN22,7,302,327,0
2,20,GN19,7,302,326,0
2,21,GN20,7,302,326,0
2,21,GN20,7,302,326,0
2,21,GN20,7,302,326,0
2,22,GN21,7,302,326,0
2,22,GN22,7,302,326,0
2,22,GN22,7,302,326,0
2,21,GN20,7,302,325,0
2,21,GN20,7,302,325,0
2,20,GN19,7,302,324,0
2,20,GN19,7,302,324,0
2,21,GN20,7,302,324,0
2,22,GN21,7,302,324,0
2,22,GN22,7,302,324,0
2,14,GN14,7,302,323,0
2,14,GN14,7,302,323,0
2,16,GN16,7,302,323,0
2,16,GN16,7,302,323,0
2,16,GN16,7,302,323,0
2,18,GN15,7,302,323,0
2,21,GN20,7,302,323,0
2,22,GN21,7,302,323,0
2,22,GN22,7,302,323,0
2,22,GN22,7,302,323,0
2,14,GN14,7,302,322,0
2,18,GN15,7,302,322,0
2,21,GN20,7,302,322,0
2,21,GN20,7,302,322,0
2,16,GN16,7,302,321,0
2,22,GN22,7,302,321,0
2,16,GN16,7,302,320,0
2,19,GN18,7,302,320,0
2,19,GN18,7,302,320,0
2,21,GN20,7,302,320,0
2,21,GN20,7,302,320,0
2,22,GN21,7,302,320,0
2,22,GN21,7,302,320,0
2,21,GN20,7,302,319,0
2,21,GN20,7,302,319,0
2,21,GN20,7,302,319,0
2,22,GN22,7,302,319,0
2,14,GN14,7,302,318,0
2,14,GN14,7,302,318,0
2,20,GN19,7,302,318,0
2,14,GN14,7,302,317,0
2,16,GN16,7,302,317,0
2,21,GN20,7,302,317,0
2,21,GN20,7,302,317,0
2,21,GN20,7,302,317,0
2,22,GN21,7,302,317,0
2,22,GN21,7,302,317,0
2,22,GN22,7,302,317,0
2,16,GN16,7,302,316,0
2,21,GN20,7,302,316,0
2,22,GN21,7,302,316,0
2,22,GN21,7,302,316,0
2,22,GN21,7,302,316,0
2,22,GN21,7,302,316,0
2,22,GN21,7,302,316,0
2,22,GN21,7,302,316,0
2,22,GN22,7,302,316,0
2,19,GN18,7,302,315,0
2,21,GN20,7,302,315,0
2,21,GN20,7,302,315,0
2,21,GN20,7,302,315,0
2,22,GN22,7,302,315,0
2,22,GN22,7,302,315,0
2,16,GN16,7,302,314,0
2,21,GN20,7,302,314,0
2,20,GN19,7,302,313,0
2,21,GN20,7,302,313,0
2,22,GN21,7,302,313,0
2,14,GN14,7,302,312,0
2,21,GN20,7,302,312,0
2,21,GN20,7,302,312,0
2,22,GN21,7,302,312,0
2,22,GN21,7,302,312,0
2,14,GN14,7,302,310,0
2,16,GN16,7,302,310,0
2,18,GN15,7,302,310,0
2,19,GN18,7,302,310,0
2,21,GN20,7,302,310,0
2,22,GN21,7,302,310,0
2,22,GN21,7,302,310,0
2,22,GN22,7,302,310,0
2,14,GN14,7,302,309,0
2,16,GN16,7,302,309,0
2,21,GN20,7,302,309,0
2,22,GN21,7,302,309,0
2,22,GN21,7,302,309,0
2,22,GN21,7,302,309,0
2,22,GN21,7,302,309,0
2,22,GN22,7,302,309,0
2,19,GN18,7,302,308,0
2,20,GN19,7,302,308,0
2,21,GN20,7,302,308,0
2,22,GN21,7,302,308,0
2,22,GN21,7,302,308,0
2,22,GN22,7,302,308,0
2,19,GN18,7,302,307,0
2,21,GN20,7,302,307,0
2,21,GN20,7,302,307,0
2,22,GN21,7,302,307,0
2,22,GN21,7,302,307,0
2,14,GN14,7,302,306,0
2,14,GN14,7,302,306,0
2,19,GN18,7,302,306,0
2,21,GN20,7,302,306,0
2,21,GN20,7,302,306,0
2,21,GN20,7,302,306,0
2,21,GN20,7,302,306,0
2,22,GN21,7,302,306,0
2,22,GN21,7,302,306,0
2,22,GN21,7,302,306,0
2,22,GN21,7,302,306,0
2,22,GN21,7,302,306,0
2,22,GN22,7,302,306,0
2,22,GN22,7,302,306,0
2,21,GN20,7,302,305,0
2,21,GN20,7,302,305,0
2,21,GN20,7,302,305,0
2,22,GN21,7,302,305,0
2,22,GN21,7,302,305,0
2,22,GN22,7,302,305,0
2,22,GN22,7,302,305,0
2,22,GN22,7,302,305,0
2,22,GN22,7,302,305,0
2,18,GN15,7,302,304,0
2,19,GN18,7,302,304,0
2,21,GN20,7,302,304,0
2,21,GN20,7,302,304,0
2,22,GN21,7,302,304,0
2,16,GN16,7,302,303,0
2,16,GN16,7,302,303,0
2,16,GN16,7,302,303,0
2,16,GN16,7,302,303,0
2,18,GN15,7,302,303,0
2,21,GN20,7,302,303,0
2,21,GN20,7,302,303,0
2,21,GN20,7,302,303,0
2,22,GN21,7,302,303,0
2,22,GN21,7,302,303,0
2,14,GN14,7,302,302,0
2,16,GN16,7,302,302,0
2,16,GN16,7,302,302,0
2,18,GN15,7,302,302,0
2,21,GN20,7,302,302,0
2,21,GN20,7,302,302,0
2,21,GN20,7,302,302,0
2,21,GN20,7,302,302,0
2,21,GN20,7,302,302,0
2,21,GN20,7,302,302,0
2,22,GN21,7,302,302,0
2,22,GN21,7,302,302,0
2,14,GN14,7,302,301,0
2,18,GN15,7,302,301,0
2,20,GN19,7,302,301,0
2,21,GN20,7,302,301,0
2,22,GN21,7,302,301,0
2,22,GN21,7,302,301,0
2,22,GN21,7,302,301,0
2,22,GN21,7,302,301,0
2,22,GN21,7,302,301,0
2,22,GN21,7,302,301,0
2,22,GN21,7,302,301,0
2,22,GN21,7,302,301,0
2,14,GN14,7,302,300,0
2,19,GN18,7,302,300,0
2,19,GN18,7,302,300,0
2,19,GN18,7,302,300,0
2,21,GN20,7,302,300,0
2,21,GN20,7,302,300,0
2,22,GN21,7,302,300,0
2,22,GN21,7,302,300,0
2,22,GN21,7,302,300,0
2,22,GN21,7,302,300,0
2,22,GN21,7,302,300,0
2,22,GN21,7,302,300,0
2,22,GN21,7,302,300,0
2,22,GN22,7,302,300,0
2,22,GN22,7,302,300,0
2,19,GN18,7,302,299,0
2,20,GN19,7,302,299,0
2,21,GN20,7,302,299,0
2,21,GN20,7,302,299,0
2,21,GN20,7,302,299,0
2,22,GN21,7,302,299,0
2,22,GN21,7,302,299,0
2,22,GN21,7,302,299,0
2,16,GN16,7,302,298,0
2,16,GN16,7,302,298,0
2,21,GN20,7,302,298,0
2,21,GN20,7,302,298,0
2,21,GN20,7,302,298,0
2,22,GN21,7,302,298,0
2,22,GN21,7,302,298,0
2,22,GN21,7,302,298,0
2,22,GN21,7,302,298,0
2,22,GN22,7,302,298,0
2,22,GN22,7,302,298,0
2,14,GN14,7,302,297,0
2,14,GN14,7,302,297,0
2,16,GN16,7,302,297,0
2,20,GN19,7,302,297,0
2,20,GN19,7,302,297,0
2,20,GN19,7,302,297,0
2,21,GN20,7,302,297,0
2,21,GN20,7,302,297,0
2,21,GN20,7,302,297,0
2,21,GN20,7,302,297,0
2,21,GN20,7,302,297,0
2,22,GN21,7,302,297,0
2,22,GN21,7,302,297,0
2,22,GN21,7,302,297,0
2,22,GN21,7,302,297,0
2,14,GN14,7,302,296,0
2,16,GN16,7,302,296,0
2,19,GN18,7,302,296,0
2,20,GN19,7,302,296,0
2,21,GN20,7,302,296,0
2,21,GN20,7,302,296,0
2,21,GN20,7,302,296,0
2,21,GN20,7,302,296,0
2,22,GN21,7,302,296,0
2,22,GN21,7,302,296,0
2,22,GN21,7,302,296,0
2,16,GN17,7,302,295,0
2,20,GN19,7,302,295,0
2,21,GN20,7,302,295,0
2,21,GN20,7,302,295,0
2,21,GN20,7,302,295,0
2,22,GN21,7,302,295,0
2,22,GN21,7,302,295,0
2,22,GN21,7,302,295,0
2,22,GN21,7,302,295,0
2,22,GN21,7,302,295,0
2,22,GN22,7,302,295,0
2,22,GN22,7,302,295,0
2,22,GN22,7,302,295,0
2,22,GN22,7,302,295,0
2,14,GN14,7,302,294,0
2,14,GN14,7,302,294,0
2,16,GN16,7,302,294,0
2,21,GN20,7,302,294,0
2,21,GN20,7,302,294,0
2,22,GN21,7,302,294,0
2,22,GN21,7,302,294,0
2,22,GN21,7,302,294,0
2,14,GN14,7,302,293,0
2,21,GN20,7,302,293,0
2,21,GN20,7,302,293,0
2,22,GN21,7,302,293,0
2,22,GN22,7,302,293,0
2,16,GN17,7,302,292,0
2,16,GN16,7,302,292,0
2,16,GN16,7,302,292,0
2,18,GN15,7,302,292,0
2,21,GN20,7,302,292,0
2,21,GN20,7,302,292,0
2,21,GN20,7,302,292,0
2,21,GN20,7,302,292,0
2,22,GN21,7,302,292,0
2,22,GN21,7,302,292,0
2,22,GN22,7,302,292,0
2,22,GN22,7,302,292,0
2,14,GN14,7,302,291,0
2,16,GN16,7,302,291,0
2,20,GN19,7,302,291,0
2,20,GN19,7,302,291,0
2,22,GN21,7,302,291,0
2,22,GN22,7,302,291,0
2,16,GN17,7,302,290,0
2,16,GN16,7,302,290,0
2,21,GN20,7,302,290,0
2,21,GN20,7,302,290,0
2,22,GN21,7,302,290,0
2,22,GN21,7,302,290,0
2,16,GN16,7,302,289,0
2,22,GN22,7,302,289,0
2,14,GN14,7,302,288,0
2,16,GN16,7,302,288,0
2,19,GN18,7,302,288,0
2,22,GN21,7,302,288,0
2,22,GN21,7,302,288,0
2,21,GN20,7,302,287,0
2,21,GN20,7,302,287,0
2,21,GN20,7,302,287,0
2,21,GN20,7,302,287,0
2,21,GN20,7,302,287,0
2,22,GN21,7,302,287,0
2,20,GN19,7,302,286,0
2,21,GN20,7,302,286,0
2,21,GN20,7,302,286,0
2,22,GN22,7,302,286,0
2,22,GN22,7,302,286,0
2,22,GN22,7,302,286,0
2,22,GN22,7,302,286,0
2,20,GN19,7,302,285,0
2,22,GN21,7,302,285,0
2,22,GN21,7,302,285,0
2,22,GN21,7,302,285,0
2,14,GN14,7,302,284,0
2,18,GN15,7,302,284,0
2,22,GN21,7,302,284,0
2,22,GN21,7,302,284,0
2,22,GN21,7,302,283,0
2,22,GN21,7,302,282,0
2,22,GN21,7,302,282,0
2,22,GN21,7,302,282,0
2,16,GN16,7,302,281,0
2,21,GN20,7,302,281,0
2,22,GN21,7,302,281,0
2,22,GN21,7,302,281,0
2,22,GN21,7,302,280,0
2,21,GN20,7,302,278,0
2,22,GN21,7,302,278,0
2,22,GN22,7,302,278,0
2,22,GN21,7,302,274,0
2,22,GN22,7,302,269,0
2,22,GN22,7,302,258,0
2,21,GN20,7,302,251,0
2,22,GN21,7,302,234,0
2,16,GN16,7,63,215,0
2,22,GN21,7,63,208,0
2,22,GN21,7,301,205,0
2,22,GN21,7,63,204,0
2,16,GN16,7,63,203,0
2,22,GN21,7,63,203,0
2,19,GN18,7,301,202,0
2,22,GN21,7,63,202,0
2,22,GN21,7,63,200,0
2,22,GN21,7,63,199,0
2,20,GN19,7,63,198,0
2,16,GN16,7,63,197,0
2,20,GN19,7,63,197,0
2,22,GN21,7,63,197,0
2,16,GN16,7,63,195,0
2,16,GN17,7,63,194,0
2,16,GN17,7,63,193,0
2,22,GN21,7,63,193,0
2,22,GN21,7,63,193,0
2,22,GN21,7,63,192,0
2,21,GN20,7,63,191,0
2,16,GN16,7,63,190,0
2,19,GN18,7,63,190,0
2,20,GN19,7,63,190,0
2,22,GN21,7,63,190,0
2,16,GN16,7,63,189,0
2,16,GN16,7,63,189,0
2,22,GN21,7,63,189,0
2,22,GN22,7,63,189,0
2,16,GN17,7,63,188,0
2,22,GN21,7,63,188,0
2,22,GN21,7,63,188,0
2,16,GN17,7,63,187,0
2,16,GN17,7,63,187,0
2,22,GN21,7,63,187,0
2,14,GN14,7,63,186,0
2,16,GN17,7,63,186,0
2,16,GN17,7,63,186,0
2,16,GN16,7,63,186,0
2,22,GN21,7,63,186,0
2,22,GN21,7,63,186,0
2,16,GN17,7,63,185,0
2,16,GN16,7,63,185,0
2,20,GN19,7,63,185,0
2,21,GN20,7,63,185,0
2,20,GN19,7,63,184,0
2,22,GN21,7,63,184,0
2,16,GN16,7,63,183,0
2,19,GN18,7,63,183,0
2,22,GN21,7,63,183,0
2,20,GN19,7,63,182,0
2,22,GN21,7,63,182,0
2,22,GN21,7,63,182,0
2,16,GN17,7,63,180,0
2,16,GN17,7,63,180,0
2,16,GN16,7,301,180,0
2,19,GN18,7,63,180,0
2,20,GN19,7,63,180,0
2,20,GN19,7,63,180,0
2,21,GN20,7,63,180,0
2,22,GN21,7,63,180,0
2,14,GN14,7,63,179,0
2,16,GN16,7,63,179,0
2,19,GN18,7,63,179,0
2,20,GN19,7,63,179,0
2,22,GN21,7,63,179,0
2,16,GN17,7,63,178,0
2,16,GN16,7,63,178,0
2,19,GN18,7,63,178,0
2,20,GN19,7,63,178,0
2,21,GN20,7,63,178,0
2,22,GN21,7,63,178,0
2,16,GN16,7,63,177,0
2,19,GN18,7,63,177,0
2,21,GN20,7,63,177,0
2,16,GN16,7,63,176,0
2,16,GN16,7,63,176,0
2,20,GN19,7,63,176,0
2,22,GN21,7,63,176,0
2,16,GN17,7,63,175,0
2,20,GN19,7,63,175,0
2,21,GN20,7,63,175,0
2,21,GN20,7,63,175,0
2,22,GN21,7,63,175,0
2,16,GN17,7,63,174,0
2,16,GN17,7,63,173,0
2,16,GN17,7,63,173,0
2,20,GN19,7,63,173,0
2,21,GN20,7,63,173,0
2,21,GN20,7,63,173,0
2,22,GN21,7,63,173,0
2,16,GN17,7,63,172,0
2,20,GN19,7,63,172,0
2,20,GN19,7,63,172,0
2,21,GN20,7,63,172,0
2,22,GN21,7,63,172,0
2,20,GN19,7,63,171,0
2,20,GN19,7,63,171,0
2,20,GN19,7,63,171,0
2,22,GN21,7,63,171,0
2,19,GN18,7,63,170,0
2,20,GN19,7,63,170,0
2,21,GN20,7,63,170,0
2,21,GN20,7,63,170,0
2,20,GN19,7,63,169,0
2,21,GN20,7,63,169,0
2,16,GN17,7,63,168,0
2,20,GN19,7,63,168,0
2,20,GN19,7,63,168,0
2,20,GN19,7,63,167,0
2,20,GN19,7,63,167,0
2,20,GN19,7,63,166,0
2,21,GN20,7,63,166,0
2,20,GN19,7,63,165,0
2,21,GN20,7,63,165,0
2,21,GN20,7,63,165,0
2,20,GN19,7,63,164,0
2,20,GN19,7,63,163,0
2,21,GN20,7,63,160,0
2,19,GN18,7,63,156,0
2,21,GN20,7,63,156,0
2,16,GN17,7,63,155,0
2,22,GN21,7,63,153,0
2,20,GN19,7,63,139,0
2,20,GN19,7,63,139,0
2,21,GN20,7,63,135,0
2,21,GN20,7,63,131,0
2,21,GN20,7,63,125,0
2,16,GN17,7,63,111,0
3,28,GN26,7,302,385,0
3,27,GN24,7,302,381,0
3,34,GN30,7,302,375,0
3,27,GN24,7,302,374,0
3,27,GN24,7,302,364,0
3,26,GN23,7,302,362,0
3,31,GN27,7,302,362,0
3,33,GN28,7,302,362,0
3,32,GN29,7,302,358,0
3,33,GN28,7,302,357,0
3,32,GN29,7,302,354,0
3,26,GN23,7,302,352,0
3,27,GN24,7,302,352,0
3,28,GN26,7,302,348,0
3,27,GN24,7,302,347,0
3,27,GN24,7,302,347,0
3,26,GN23,7,302,345,0
3,28,GN26,7,302,344,0
3,26,GN23,7,302,343,0
3,31,GN27,7,302,342,0
3,33,GN28,7,302,340,0
3,26,GN23,7,302,339,0
3,26,GN23,7,302,338,0
3,27,GN24,7,302,338,0
3,26,GN23,7,302,337,0
3,26,GN23,7,302,337,0
3,34,GN30,7,302,337,0
3,27,GN24,7,302,336,0
3,32,GN29,7,302,335,0
3,27,GN24,7,302,334,0
3,27,GN24,7,302,333,0
3,31,GN27,7,302,333,0
3,27,GN24,7,302,331,0
3,27,GN24,7,302,328,0
3,31,GN27,7,302,328,0
3,33,GN28,7,302,328,0
3,26,GN23,7,302,327,0
3,26,GN23,7,302,327,0
3,28,GN26,7,302,327,0
3,33,GN28,7,302,326,0
3,26,GN23,7,302,324,0
3,27,GN24,7,302,322,0
3,28,GN26,7,302,321,0
3,28,GN26,7,302,320,0
3,26,GN23,7,302,318,0
3,26,GN23,7,302,318,0
3,27,GN24,7,302,318,0
3,27,GN24,7,302,316,0
3,28,GN26,7,302,316,0
3,28,GN26,7,302,316,0
3,33,GN28,7,302,315,0
3,26,GN23,7,302,314,0
3,26,GN23,7,302,314,0
3,27,GN24,7,302,314,0
3,27,GN24,7,302,314,0
3,28,GN26,7,302,314,0
3,32,GN29,7,302,314,0
3,26,GN23,7,302,313,0
3,26,GN23,7,302,313,0
3,28,GN26,7,302,313,0
3,34,GN30,7,302,313,0
3,26,GN23,7,302,312,0
3,27,GN24,7,302,312,0
3,28,GN26,7,302,312,0
3,33,GN28,7,302,312,0
3,26,GN23,7,302,311,0
3,26,GN23,7,302,311,0
3,27,GN24,7,302,311,0
3,28,GN26,7,302,311,0
3,31,GN27,7,302,311,0
3,32,GN29,7,302,311,0
3,27,GN24,7,302,310,0
3,28,GN26,7,302,310,0
3,28,GN26,7,302,310,0
3,28,GN26,7,302,310,0
3,31,GN27,7,302,310,0
3,26,GN23,7,302,309,0
3,27,GN24,7,302,309,0
3,27,GN24,7,302,307,0
3,28,GN26,7,302,307,0
3,26,GN23,7,302,306,0
3,26,GN23,7,302,306,0
3,27,GN24,7,302,306,0
3,28,GN26,7,302,306,0
3,28,GN26,7,302,306,0
3,27,GN24,7,302,305,0
3,27,GN24,7,302,305,0
3,27,GN24,7,302,305,0
3,27,GN24,7,302,305,0
3,27,GN24,7,302,305,0
3,27,GN24,7,302,305,0
3,28,GN26,7,302,305,0
3,26,GN23,7,302,303,0
3,28,GN26,7,302,303,0
3,28,GN26,7,302,303,0
3,28,GN26,7,302,303,0
3,27,GN24,7,302,302,0
3,27,GN24,7,302,302,0
3,27,GN24,7,302,302,0
3,28,GN26,7,302,302,0
3,31,GN27,7,302,302,0
3,27,GN24,7,302,301,0
3,27,GN24,7,302,301,0
3,27,GN24,7,302,301,0
3,26,GN23,7,302,300,0
3,27,GN24,7,302,300,0
3,27,GN24,7,302,300,0
3,27,GN24,7,302,300,0
3,28,GN26,7,302,300,0
3,33,GN28,7,302,300,0
3,26,GN23,7,302,299,0
3,26,GN23,7,302,299,0
3,34,GN30,7,302,299,0
3,26,GN23,7,302,297,0
3,28,GN26,7,302,297,0
3,28,GN26,7,302,297,0
3,31,GN27,7,302,297,0
3,26,GN23,7,302,295,0
3,28,GN26,7,302,295,0
3,31,GN27,7,302,295,0
3,26,GN23,7,302,294,0
3,26,GN23,7,302,294,0
3,27,GN24,7,302,294,0
3,27,GN24,7,302,294,0
3,27,GN24,7,302,294,0
3,27,GN24,7,302,294,0
3,27,GN24,7,302,294,0
3,26,GN23,7,302,293,0
3,26,GN23,7,302,293,0
3,27,GN24,7,302,293,0
3,28,GN26,7,302,293,0
3,31,GN27,7,302,293,0
3,26,GN23,7,302,292,0
3,26,GN23,7,302,291,0
3,32,GN29,7,302,291,0
3,26,GN23,7,302,290,0
3,27,GN24,7,302,290,0
3,26,GN23,7,302,289,0
3,27,GN24,7,302,289,0
3,34,GN30,7,302,288,0
3,27,GN24,7,302,287,0
3,28,GN26,7,302,287,0
3,28,GN26,7,302,287,0
3,31,GN27,7,302,287,0
3,26,GN23,7,302,286,0
3,27,GN24,7,302,286,0
3,27,GN24,7,302,285,0
3,32,GN29,7,302,285,0
3,26,GN23,7,302,283,0
3,33,GN28,7,302,282,0
3,28,GN26,7,302,281,0
3,34,GN30,7,302,281,0
3,28,GN26,7,302,278,0
3,27,GN24,7,302,274,0
3,26,GN23,7,302,272,0
3,26,GN23,7,302,272,0
3,26,GN23,7,301,264,0
3,28,GN26,7,301,260,0
3,26,GN23,7,301,258,0
3,26,GN23,7,302,252,0
3,26,GN23,7,302,248,0
3,31,GN27,7,301,212,0
3,27,GN24,7,63,204,0
3,26,GN23,7,63,202,0
3,34,GN30,7,63,197,0
3,33,GN28,7,63,196,0
3,26,GN23,7,63,193,0
3,31,GN27,7,63,193,0
3,27,GN24,7,63,191,0
3,28,GN26,7,63,189,0
3,28,GN26,7,63,187,0
3,26,GN23,7,63,186,0
3,26,GN23,7,63,183,0
3,26,GN23,7,63,182,0
3,32,GN29,7,63,182,0
3,26,GN23,7,63,181,0
3,26,GN23,7,63,180,0
3,26,GN23,7,63,180,0
3,28,GN26,7,63,178,0
3,26,GN23,7,63,176,0
3,27,GN24,7,63,176,0
3,31,GN27,7,63,176,0
3,26,GN23,7,63,175,0
3,26,GN23,7,63,175,0
3,34,GN30,7,63,175,0
3,26,GN23,7,63,174,0
3,26,GN23,7,63,174,0
3,26,GN23,7,63,174,0
3,26,GN23,7,63,173,0
3,32,GN29,7,63,173,0
3,26,GN23,7,63,172,0
3,26,GN23,7,63,172,0
3,26,GN23,7,63,172,0
3,26,GN23,7,63,171,0
3,26,GN23,7,63,171,0
3,26,GN23,7,63,170,0
3,34,GN30,7,63,169,0
3,33,GN28,7,63,168,0
3,34,GN30,7,63,168,0
3,26,GN23,7,63,167,0
3,26,GN23,7,63,165,0
3,26,GN23,7,63,163,0
3,26,GN23,7,63,163,0
3,26,GN23,7,63,162,0
3,26,GN23,7,63,161,0
3,26,GN23,7,63,151,0
