datetime,waterT,conc,flow
1/5/1979,5.162266693,1.5,11220937.52
3/13/1979,11.60455055,0.58,50704811.36
4/3/1979,20.02907559,0.4,25416394.15
4/18/1979,14.08235203,0.68,13998877.32
5/10/1979,23.49799766,0.84,5796796.775
5/22/1979,23.00243737,0.41,23036419.84
6/6/1979,23.00243737,1.1,11034298.25
6/19/1979,24.48911826,0.75,10619281.57
7/9/1979,22.50687707,0.5,2704633.369
7/26/1979,27.46248004,0.74,6057972.692
8/30/1979,26.96691974,0.9,1971649.426
9/11/1979,25.48023885,2.3,36172779
9/20/1979,23.99355796,0.59,5201153.9
11/7/1979,15.56903292,0.99,9671749.706
11/14/1979,12.59567114,1.7,11847042.46
12/6/1979,17.05571381,0.25,18029767.01
1/9/1980,11.10899025,1.1,7912915.95
5/18/1980,23.49799766,1,3304825.01
6/10/1980,24.48911826,0.7,2216240.329
8/11/1980,29.44472122,0.35,1210761.106
10/9/1980,22.50687707,1.3,2625542.509
11/24/1980,17.05571381,1.1,3989478.995
12/11/1980,8.631188769,1.1,3153279.981
1/12/1981,1.3,1.4,4470508.877
2/5/1981,2.188904914,1.2,5880418.217
3/5/1981,15.56903292,0.88,5666358.008
4/9/1981,18.5423947,0.96,4178298.034
5/18/1981,19.53351529,0.88,1760224.125
6/11/1981,25.48023885,1,5457047.948
7/31/1981,25.48023885,0.87,1824552.944
8/13/1981,25.97579915,0.63,10587860.98
9/15/1981,26.96691974,0.64,6582580.849
10/14/1981,19.03795499,1,939589.7405
11/17/1981,14.08235203,1,1349112.589
12/10/1981,4.1711461,1.5,1799727.482
1/11/1982,1.3,0.88,26969272.03
2/10/1982,12.59567114,0.81,22623235.66
3/17/1982,21.02019618,0.5,26830622.74
4/19/1982,16.56015351,0.86,5221749.269
5/19/1982,23.49799766,1.2,2634827.473
6/9/1982,23.49799766,0.72,16483278.7
7/12/1982,27.95804033,0.73,4839157.11
8/12/1982,24.48911826,0.77,5891358.668
9/7/1982,22.01131677,0.94,2461193.893
10/12/1982,20.52463588,0.86,1533692.421
11/4/1982,23.99355796,0.66,4041531.744
12/1/1982,21.51575648,0.98,4202003.834
1/11/1983,13.58679173,0.91,18351042.31
2/7/1983,8.135628472,1,14824193.98
3/14/1983,14.08235203,1.1,23871914.08
4/11/1983,17.05571381,0.56,30518317.43
5/10/1983,17.55127411,0.77,10578355.55
6/15/1983,24.48911826,0.98,8596218.994
7/7/1983,24.98467855,0.96,4551857.015
10/4/1983,23.99355796,1,1132887.049
11/14/1983,10.11786966,1.4,1290579.284
12/6/1983,18.5423947,1.1,4904302.175
1/10/1984,15.07347262,0.95,9470923.726
2/8/1984,4.666706397,1,10124465.84
3/15/1984,13.09123144,0.63,28578953.77
4/10/1984,10.61342995,0.44,30621030.83
5/15/1984,19.03795499,0.66,15127086.65
6/14/1984,26.96691974,0.55,5270587.702
7/9/1984,22.50687707,0.52,5113332.963
8/14/1984,26.96691974,0.68,9481247.636
9/11/1984,24.48911826,0.58,3499157.078
10/8/1984,21.02019618,0.98,5380873.948
11/7/1984,11.60455055,1,3714572.824
12/11/1984,13.58679173,0.75,7195002.262
1/15/1985,3.675585804,0.72,12867095.61
2/8/1985,2.188904914,1,25256065
3/14/1985,19.53351529,1,7108778.4
4/2/1985,15.56903292,0.78,7103305.896
5/13/1985,23.49799766,1.2,2565725.115
6/28/1985,22.50687707,0.81,1843094.08
7/29/1985,26.47135944,0.9,6005193.119
8/7/1985,26.47135944,0.63,5020561.725
9/25/1985,24.98467855,0.66,897016.1925
10/16/1985,23.99355796,0.92,1947412.104
11/12/1985,21.51575648,1,3930424.105
12/3/1985,6.648947583,0.74,14448121.77
1/16/1986,9.126749065,1.2,3566347.4
2/10/1986,11.60455055,0.97,5483703.889
3/18/1986,17.05571381,0.84,10206522.17
4/2/1986,20.52463588,0.74,4895662.626
5/8/1986,24.98467855,1.1,1476372.071
6/19/1986,23.99355796,1.1,1643843.857
7/11/1986,28.94916092,1.1,1775296.542
8/20/1986,27.46248004,0.64,8430202.093
9/16/1986,25.48023885,1.1,2209896.418
10/21/1986,15.07347262,1.3,1260306.928
1/21/1987,10.11786966,1.5,15476824.71
3/12/1987,8.135628472,0.43,45537728.71
4/21/1987,21.51575648,0.68,31485833.19
5/11/1987,22.50687707,0.83,6830034.568
5/27/1987,23.99355796,0.86,5733422.256
6/8/1987,26.96691974,0.85,2752605.244
7/14/1987,28.45360063,0.85,1722146.512
8/20/1987,27.95804033,0.89,1623805.039
9/8/1987,28.45360063,1,1474856.113
10/20/1987,21.02019618,1.3,1295243.975
11/18/1987,18.0468344,1.4,1600470.622
12/9/1987,17.05571381,1,1758266.332
1/20/1988,17.55127411,1.6,5505664.078
2/17/1988,12.10011084,0.95,11759505.65
3/14/1988,11.60455055,1.1,8105254.254
4/6/1988,21.51575648,0.8,3841711.786
4/27/1988,20.02907559,0.63,8975730.508
5/24/1988,26.47135944,0.85,7889877.705
6/27/1988,23.00243737,0.79,3301519.327
7/12/1988,27.95804033,0.95,1271663.282
8/22/1988,26.47135944,0.75,2599163.532
9/19/1988,25.97579915,0.91,2990491.11
10/19/1988,16.56015351,1.2,1885813.994
11/15/1988,18.0468344,0.57,4001054.714
12/6/1988,11.10899025,0.72,4890756.792
1/5/1989,6.153387286,1.2,5692155.761
2/7/1989,16.56015351,1.1,3466449.027
3/21/1989,18.0468344,0.49,32711321.29
4/19/1989,23.00243737,0.58,36006708.01
5/18/1989,19.4,0.46,38325281.31
6/15/1989,27.1,0.59,12245073.77
7/11/1989,28,0.9,6756025.239
8/9/1989,29.2,0.43,13486117.79
9/19/1989,23,1.1,4407256.226
10/12/1989,16,0.46,12320152.23
11/8/1989,17.7,0.55,12488233.8
12/13/1989,6.9,1.2,20261017.4
1/18/1990,7,0.86,15684450.3
2/5/1990,13,0.69,16421580.02
3/27/1990,14,0.66,9003557.21
4/25/1990,19,0.82,7190874.019
5/17/1990,23,0.48,13770453.89
6/19/1990,27,1.3,3084528.671
7/26/1990,29,0.99,2160816.295
8/21/1990,23,0.8,8011603.151
9/27/1990,21,1.6,1468173.358
10/24/1990,21,1.1,2501040.474
11/19/1990,10,0.95,3134234.654
12/17/1990,10,0.97,3753491.054
1/15/1991,9.4,0.67,14760028.27
4/10/1991,20.9,0.4,15364148.48
5/8/1991,23.5,1.2,3959673.707
6/11/1991,25.2,1.3,2010735.981
7/11/1991,29,0.71,4716829.674
8/12/1991,26.9,0.58,10912064.53
9/11/1991,26.3,1.2,2825057.716
10/16/1991,19.2,1.4,2709773.887
11/7/1991,12.2,1.5,2229766.663
12/18/1991,10,1.2,2655483.52
1/15/1992,9.9,0.71,15285907.18
2/13/1992,7.5,1.3,5124277.066
3/5/1992,15.3,0.68,13309688.05
4/9/1992,16.8,0.75,5939745.96
5/14/1992,21.2,1.3,3569179.633
6/4/1992,21.7,1.3,4657297.549
7/22/1992,28.7,0.95,3885474.391
8/17/1992,27.1,0.65,24054143.41
9/17/1992,26.5,1,3321265.101
10/14/1992,18.9,0.58,4578373.183
11/9/1992,14.5,0.41,13011602.05
12/17/1992,9.5,0.78,22112822.08
1/26/1993,8.5,1.1,22766008.42
2/8/1993,8.2,1.3,9606504.055
3/11/1993,12.3,0.56,32043168.03
4/21/1993,17,0.38,30735130.76
5/17/1993,23,0.85,4491546.366
6/22/1993,29,1.4,1639960.694
7/14/1993,31,0.91,1357898.677
8/17/1993,28,1,1625807.71
9/9/1993,27,1.2,3177482.494
10/25/1993,18,1.4,1478280.067
11/22/1993,13,1.3,1630197.682
2/22/1994,11,0.71,17030146.46
3/22/1994,14,0.44,15098788.14
4/20/1994,21,0.92,7067510.913
5/5/1994,19,1.1,5087155.15
6/20/1994,29,1.1,3086115.946
7/18/1994,30,0.97,1268857.342
8/10/1994,26,0.92,3141709.928
9/9/1994,22.5,0.82,4349475.029
10/12/1994,18,1.7,1180672.256
11/22/1994,18,1.6,2209812.267
12/6/1994,20.02907559,1.07,3205528.979
12/12/1994,11,0.94,2773474.496
1/12/1995,17.05571381,1.13,6481686.992
1/17/1995,13,0.8,6592581.784
2/1/1995,6,0.9,8669633.995
2/27/1995,14.57791233,0.68,39313977.01
3/21/1995,19.53351529,0.44,19736991.67
4/12/1995,19,1,3987514.382
4/13/1995,23.49799766,1.14,3888802.326
5/9/1995,20,1.3,2607534.854
6/1/1995,25,1.2,3048337.789
6/13/1995,19.03795499,0.6,26937234.31
7/6/1995,25,0.36,22927274.42
7/17/1995,27.46248004,0.27,21458184.72
8/7/1995,29,0.98,2685908.158
9/14/1995,26.47135944,0.96,2542748.785
9/21/1995,23,1.3,2443745.064
10/12/1995,23.49799766,0.13,29328443.26
11/29/1995,13.58679173,0.72,7718621.645
12/11/1995,7,0.89,9036733.086
12/14/1995,13.58679173,0.68,11297475.96
1/4/1996,8,0.89,6434426.305
1/18/1996,16.56015351,0.72,13704575.77
2/8/1996,3,0.85,24890711.08
2/16/1996,6.153387286,0.92,18559599.62
3/13/1996,9.622309362,0.64,21184714.02
4/3/1996,12,0.81,15063734.93
4/9/1996,10.61342995,0.59,10942821.55
4/10/1996,9.126749065,0.62,9582210.579
4/11/1996,13.09123144,0.61,8911620.104
4/12/1996,19.03795499,0.56,8853471.79
4/13/1996,21.02019618,0.66,8799518.154
4/14/1996,21.51575648,0.47,8359254.051
4/15/1996,17,0.8,7928921.745
4/16/1996,17.05571381,0.67,8009283.887
4/17/1996,15.07347262,0.62,7920477.028
4/18/1996,16.06459322,0.59,8818188.688
4/19/1996,20.02907559,0.55,10249945.15
4/20/1996,22.50687707,0.55,11040544.77
4/21/1996,23.49799766,0.48,10471938.18
4/22/1996,23.49799766,0.5,9126761.435
4/23/1996,22.01131677,0.55,8014626.9
4/24/1996,15.56903292,0.56,7516093.824
4/25/1996,15.56903292,0.61,7123327.023
4/26/1996,21.51575648,0.68,6674630.018
4/27/1996,20.02907559,0.67,6300533.389
4/28/1996,19.53351529,0.7,5940083.466
4/29/1996,23.99355796,0.73,5746108.51
5/1/1996,17.05571381,0.85,5737613.371
5/2/1996,18.5423947,0.94,7156579.438
5/3/1996,19.53351529,0.92,9932032.151
5/4/1996,23.00243737,0.99,11518988.12
5/5/1996,24.48911826,0.7,13001767.57
5/6/1996,24.98467855,0.54,14016778.34
5/15/1996,17.05571381,0.58,6089182.308
5/20/1996,27.46248004,1,6452180.3
5/30/1996,20.02907559,0.99,5923841.348
5/31/1996,17.55127411,1.1,8625297.67
6/1/1996,19.53351529,1.1,10256400.24
6/2/1996,22.01131677,0.9,11481146.49
6/3/1996,21.51575648,0.76,11324269.83
6/4/1996,23.49799766,0.57,10011464.58
6/5/1996,24.48911826,0.47,8167231.296
6/6/1996,23.99355796,0.47,6409508.076
6/7/1996,24.98467855,0.54,5658861.677
6/8/1996,25.48023885,0.54,5696043.35
6/9/1996,25.97579915,0.64,5466531.361
6/10/1996,24.98467855,0.65,5028596.527
6/11/1996,25.97579915,0.68,4474672.814
6/12/1996,25.97579915,0.7,5959277.654
6/13/1996,26.47135944,0.75,7732062.965
6/14/1996,26.47135944,0.84,7243644.218
6/15/1996,26.47135944,0.69,6603951.981
6/16/1996,24.98467855,0.58,6528722.671
6/17/1996,25.97579915,0.66,6491725.947
6/18/1996,25.97579915,0.62,6182552.702
6/19/1996,26.47135944,0.62,5697890.478
6/20/1996,27.46248004,0.57,5460581.057
6/21/1996,27.95804033,0.53,4517952.501
6/22/1996,28.45360063,0.55,3829669.721
6/23/1996,29.44472122,0.55,3600748.839
6/24/1996,27.95804033,0.57,3372476.479
6/25/1996,27.46248004,0.76,3301722.509
6/26/1996,24.48911826,0.91,4176991.685
6/27/1996,23.00243737,0.96,4007932.51
6/28/1996,26.9,0.95,3557525.485
6/29/1996,27.6,1,3315896.203
6/30/1996,27.2,1.1,3108740.701
7/1/1996,27.7,1.1,2835792.798
7/2/1996,28.9,1,2620659.162
7/3/1996,28.3,0.93,2667422.485
7/4/1996,27.3,0.91,3286158.833
7/5/1996,26.9,0.99,3135650.582
7/6/1996,26.8,1,3011934.564
7/7/1996,27.9,1,2890733.872
7/8/1996,28.4,1.1,2687426.475
7/9/1996,28.3,1.1,2456007.698
7/10/1996,25.48023885,1,2367085.792
7/11/1996,23.99355796,0.86,2563622.724
7/12/1996,23.99355796,0.86,3932971.058
7/13/1996,26.96691974,0.54,7874953.696
7/14/1996,26.96691974,0.68,11039051.2
7/15/1996,27.46248004,0.75,12645071.12
7/16/1996,25.97579915,0.57,14495865.27
7/17/1996,26,0.45,15516878.93
7/18/1996,28.45360063,0.31,15602813.25
7/19/1996,27.2,0.29,15435063.23
7/20/1996,27.9,0.29,14949468.31
7/21/1996,28.8,0.25,13816746.55
7/22/1996,28.2,0.24,10272435.62
7/23/1996,28.5,0.22,7408361.945
7/24/1996,28,0.25,5943703.683
7/25/1996,27.7,0.32,4931185.446
7/26/1996,27.1,0.38,4867253.061
7/27/1996,27.3,0.49,4737099.15
7/28/1996,27.5,0.57,4673541.777
7/29/1996,27.2,0.6,6049392.929
7/30/1996,27.9,0.79,6813100.853
7/31/1996,27.9,0.96,6537240.436
8/1/1996,27.7,0.85,6285387.751
8/2/1996,27,0.77,6014101.699
8/3/1996,26.8,0.67,6063957.53
8/5/1996,26.9,0.65,5751083.919
8/6/1996,27.7,0.47,5483312.421
8/7/1996,27.5,0.49,5072026.971
8/8/1996,24.48911826,0.43,4740947.237
8/9/1996,24.48911826,0.47,5273178.727
8/10/1996,26.47135944,0.46,8248858.315
8/11/1996,25.48023885,0.58,8755111.006
8/12/1996,25.48023885,0.39,8448307.917
8/13/1996,25.48023885,0.4,8128952.771
8/14/1996,24.98467855,0.4,7685633.484
8/15/1996,24.98467855,0.4,7110819.624
8/16/1996,25.48023885,0.43,6883513.087
8/17/1996,25.48023885,0.46,6714090.614
8/18/1996,26.47135944,0.48,6480547.482
8/19/1996,26,0.7,5713014.768
8/20/1996,25.48023885,0.47,5136282.788
8/21/1996,23.99355796,0.51,4642331.343
8/22/1996,27.5,0.62,4206353.14
8/23/1996,27.9,0.61,3707632.433
8/24/1996,28,0.67,3335244.249
8/25/1996,27.8,0.7,3191954.148
8/26/1996,28,0.72,3388822.225
8/27/1996,27.8,0.74,4218203.493
8/28/1996,27.3,0.75,6256962.757
8/29/1996,27.3,1,6738627.672
8/30/1996,27.1,0.78,6723219.048
8/31/1996,26.7,0.61,6644754.688
9/1/1996,26.6,0.52,5847496.405
9/2/1996,27.1,0.58,4772089.192
9/3/1996,26.9,0.53,4058338.993
9/4/1996,26.2,0.52,3640642.382
9/5/1996,25.48023885,0.33,3914618.249
9/6/1996,27.46248004,0.55,11922295.45
9/7/1996,28.45360063,0.35,16282829.13
9/8/1996,26.96691974,0.33,20114715.36
9/9/1996,26.96691974,0.14,22635659.68
9/23/1996,22.50687707,0.01,52157883.24
9/28/1996,23.49799766,0.01,35254149.36
9/29/1996,22.50687707,0.03,31837862.77
9/30/1996,21.02019618,0.02,28741208.95
10/1/1996,23.00243737,0.07,29848227.2
10/2/1996,21.02019618,0.12,26912336
10/3/1996,22.01131677,0.11,24465760
10/4/1996,17.55127411,0.13,23731787.2
10/5/1996,17.55127411,0.15,20086388.96
10/6/1996,19.03795499,0.17,19279018.88
10/7/1996,19.53351529,0.17,18740772.16
10/8/1996,22.50687707,0.24,20331046.56
10/9/1996,19.03795499,0.32,26667678.4
10/10/1996,17.05571381,0.26,32294803.2
10/11/1996,15.56903292,0.32,34252064
10/12/1996,18.3,0.38,33762748.8
10/13/1996,18,0.39,32539460.8
10/14/1996,17.8,0.41,31316172.8
10/15/1996,18,0.36,30337542.4
10/21/1996,16.7,0.32,26912336
10/22/1996,17,0.16,24955075.2
10/23/1996,17.7,0.27,24710417.6
10/24/1996,17.9,0.31,22263841.6
10/26/1996,17.9,0.42,17615347.2
10/27/1996,18.6,0.43,14801784.8
10/28/1996,19,0.46,11131920.8
10/29/1996,19.2,0.37,9737372.48
10/30/1996,19.1,0.6,8098166.56
11/3/1996,16.3,0.87,8073700.8
11/4/1996,15.2,0.85,8318358.4
11/5/1996,15,0.98,8563016
11/6/1996,15.2,1,9052331.2
11/7/1996,15.3,1,10226687.68
11/8/1996,16.8,1,10030961.6
11/9/1996,17,0.85,10349016.48
11/11/1996,14.1,0.81,10006495.84
11/12/1996,12.6,0.83,10471345.28
11/13/1996,11.5,0.96,11254249.6
11/14/1996,11,0.91,11890359.36
11/15/1996,10.2,0.8,11768030.56
11/16/1996,9.8,0.78,11498907.2
11/17/1996,9.2,0.74,11131920.8
11/18/1996,9.5,0.79,10862797.44
11/19/1996,10.3,0.83,10618139.84
11/20/1996,10.8,0.88,10618139.84
11/21/1996,10.6,0.94,10667071.36
11/22/1996,10.1,0.91,10642605.6
11/23/1996,9.3,0.86,10716002.88
11/24/1996,9.2,0.88,10740468.64
11/25/1996,9.5,0.96,11058523.52
11/26/1996,10.8,1.1,11401044.16
11/27/1996,10.4,0.92,11719099.04
11/28/1996,5.65782699,0.79,11254249.6
11/29/1996,8.8,0.83,10911728.96
11/30/1996,8.7,0.8,10838331.68
12/1/1996,9.4,0.8,10740468.64
12/2/1996,10.6,0.71,11180852.32
12/3/1996,10.7,0.7,12012688.16
12/4/1996,10.5,0.74,12673263.68
12/5/1996,10.1,0.55,13578496.8
12/6/1996,10.61342995,0.68,14214606.56
12/7/1996,13.58679173,0.55,14948579.36
12/8/1996,9.8,0.4,17126032
12/9/1996,9,0.55,19230087.36
12/10/1996,8,0.6,19646005.28
12/11/1996,8.2,0.64,20306580.8
12/12/1996,17.05571381,0.65,20771430.24
12/13/1996,16.56015351,0.59,21016087.84
12/14/1996,11.60455055,0.67,20869293.28
12/15/1996,10.11786966,0.68,19964060.16
12/16/1996,11.60455055,0.71,18593977.6
12/17/1996,16.06459322,0.77,16465456.48
12/18/1996,16.06459322,0.76,15437894.56
12/19/1996,8.631188769,0.64,15462360.32
12/21/1996,4.1711461,0.64,16392059.2
12/22/1996,7.144507879,0.72,17126032
12/24/1996,17.55127411,0.72,18104662.4
12/25/1996,10.11786966,0.68,18569511.84
12/26/1996,10.61342995,0.66,19034361.28
12/27/1996,14.57791233,0.69,19425813.44
12/28/1996,14.57791233,0.72,19450279.2
12/29/1996,17.55127411,0.71,18814169.44
12/30/1996,17.55127411,0.83,17566415.68
12/31/1996,18.0468344,0.82,16171867.36
1/1/1997,10.11786966,0.86,14728387.52
1/2/1997,11.60455055,0.72,14239072.32
1/3/1997,16.56015351,0.88,13896551.68
1/5/1997,18.0468344,0.89,13798688.64
1/6/1997,14.57791233,0.92,13798688.64
1/7/1997,10.11786966,0.85,14018880.48
1/8/1997,7.144507879,0.715,14263538.08
1/9/1997,11.60455055,0.46,14361401.12
1/10/1997,9.126749065,0.84,14532661.44
1/11/1997,6.648947583,0.84,14679456
1/12/1997,4.666706397,0.93,15242168.48
1/13/1997,4.1711461,1,15902744
1/14/1997,5.3,1,16343127.68
1/15/1997,5,0.95,16710114.08
1/16/1997,6,0.83,17835539.04
1/17/1997,5.4,0.78,18838635.2
1/21/1997,2.8,0.91,20575704.16
1/28/1997,6.9,1,15266634.24
1/29/1997,7,1,14508195.68
1/30/1997,6.7,1,14043346.24
1/31/1997,6.8,1,13823154.4
2/1/1997,6.8,1,13627428.32
2/2/1997,7.6,0.98,13431702.24
2/3/1997,8,1,13113647.36
2/4/1997,8.8,1.1,12917921.28
2/5/1997,9.5,1,13015784.32
2/6/1997,9.4,0.93,13113647.36
2/7/1997,9.2,0.91,12868989.76
2/8/1997,8.8,0.92,12746660.96
2/11/1997,6.8,0.95,11914825.12
2/12/1997,6.9,0.96,11278715.36
2/13/1997,6.8,1.057777778,9933098.56
2/14/1997,7.1,1.1,10349016.48
2/15/1997,7.4,1,11768030.56
2/16/1997,7.3,1.1,12648797.92
2/17/1997,7.4,1,13921017.44
2/18/1997,7.4,0.82,14948579.36
2/19/1997,8.2,1,18178059.68
2/20/1997,9.3,0.93,19107758.56
2/21/1997,9.9,0.84,19964060.16
2/22/1997,11.4,0.77,20991622.08
2/23/1997,11.2,0.71,21798992.16
2/24/1997,11.1,0.65,22312773.12
2/25/1997,10.8,0.59,22386170.4
2/26/1997,10.5,0.51,22141512.8
2/27/1997,11.8,0.5,21627731.84
2/28/1997,13.4,0.38,20918224.8
3/1/1997,14.3,0.4,20379978.08
3/2/1997,15.6,0.41,19743868.32
3/3/1997,16.5,0.39,19205621.6
3/4/1997,16.2,0.38,18667374.88
3/5/1997,16.2,0.35,18153593.92
3/6/1997,16,0.47,16147401.6
3/7/1997,14.6,0.4,13651894.08
3/10/1997,14.3,1,10838331.68
3/11/1997,14.8,0.52,10789400.16
3/12/1997,14.8,0.66,10936194.72
3/13/1997,14.5,0.395,11058523.52
3/14/1997,14.5,0.54,11205318.08
3/15/1997,14.6,0.49,11621236
3/16/1997,13.7,0.53,11278715.36
3/17/1997,13.1,0.9,11645701.76
3/18/1997,13.8,0.96,12330743.04
3/19/1997,14.1,0.78,13089181.6
3/20/1997,13.5,0.82,13578496.8
3/21/1997,13.6,0.81,13382770.72
3/22/1997,14.4,0.84,13113647.36
3/23/1997,14.5,0.67,13260441.92
3/24/1997,14.1,0.74,13333839.2
3/25/1997,13.8,0.7,13505099.52
3/26/1997,14.4,0.61,13725291.36
3/27/1997,14.7,0.46,14336935.36
3/28/1997,15.3,0.44,14508195.68
3/29/1997,16.4,0.42,15878278.24
3/30/1997,19.53351529,0.4,16979237.44
3/31/1997,15.56903292,0.6,14973045.12
4/1/1997,13.58679173,0.64,12893455.52
4/2/1997,15.56903292,0.71,11523372.96
4/4/1997,20.02907559,0.63,9663975.2
4/5/1997,20.52463588,0.59,9027865.44
4/6/1997,21.51575648,0.67,8440687.2
4/7/1997,16.7,0.66,7584385.6
4/8/1997,16.4,0.65,6850412.8
4/9/1997,16.5,0.62,6312166.08
4/10/1997,14.9,0.445,5724987.84
4/11/1997,14.8,0.71,5627124.8
4/12/1997,15.2,0.8,5578193.28
4/13/1997,15.7,0.92,5602659.04
4/14/1997,15.1,0.98,5186741.12
4/15/1997,14.8,1.1,4770823.2
4/16/1997,15.1,1.2,4991015.04
4/17/1997,15.7,1.2,5480330.24
4/18/1997,14.4,1.2,5382467.2
4/19/1997,13.4,1.2,5211206.88
4/20/1997,14,1.1,4526165.6
4/21/1997,14.8,1,4354905.28
4/22/1997,15.4,1.1,4330439.52
4/23/1997,15.3,1,3890055.84
4/24/1997,14.5,1,4991015.04
4/25/1997,14.5,1,6043042.72
4/26/1997,15.2,1.1,7339728
4/27/1997,19.03795499,1.2,8611947.52
4/28/1997,21.51575648,0.88,10030961.6
4/29/1997,16.06459322,0.78,11474441.44
4/30/1997,15.56903292,0.64,12673263.68
5/1/1997,18.8,0.57,13700825.6
5/2/1997,19.3,0.6,14801784.8
5/3/1997,19.6,0.53,15707017.92
5/4/1997,19.6,0.55,16269730.4
5/5/1997,19.5,0.47,16783511.36
5/6/1997,19.9,0.42,17493018.4
5/7/1997,20.2,0.35,18275922.72
5/8/1997,20.4,0.24,18985429.76
5/9/1997,20.6,0.22,19572608
5/10/1997,20.1,0.23,20012991.68
5/11/1997,19.2,0.17,20110854.72
5/12/1997,19.5,0.17,19841731.36
5/13/1997,19.8,0.16,19352416.16
5/14/1997,20.2,0.23,18569511.84
5/15/1997,20.7,0.24,17590881.44
5/16/1997,20.6,0.24,16489922.24
5/17/1997,20.4,0.25,15340031.52
5/18/1997,20.8,0.28,14654990.24
5/19/1997,21.9,0.38,11131920.8
5/20/1997,22.4,0.41,7902440.48
5/21/1997,23,0.4,6018576.96
5/22/1997,22.5,0.44,4550631.36
5/23/1997,22.5,0.41,4452768.32
5/24/1997,22.9,0.28,4428302.56
5/25/1997,22.6,0.27,4575097.12
5/26/1997,22.7,0.46,4452768.32
5/27/1997,22.1,0.56,3327343.36
5/28/1997,21.1,0.71,2984822.72
5/29/1997,21.1,0.86,3449672.16
5/30/1997,21.9,0.98,4795288.96
5/31/1997,22.7,1.1,5333535.68
6/1/1997,23.5,1.1,5406932.96
6/2/1997,23.8,0.99,5162275.36
6/3/1997,23.7,0.9,4697425.92
6/4/1997,22.5,0.88,4746357.44
6/5/1997,21.5,0.91,5015480.8
6/6/1997,20.8,0.98,5822850.88
6/7/1997,19.9,1.3,6067508.48
6/8/1997,19.6,0.94,7388659.52
6/9/1997,19.6,0.82,7731180.16
6/10/1997,20.1,0.71,7877974.72
6/14/1997,22.7,0.65,4697425.92
6/15/1997,23.6,0.63,3816658.56
6/16/1997,23.2,0.81,3841124.32
6/17/1997,23.4,1.1,3572000.96
6/18/1997,24.4,1.2,3498603.68
6/19/1997,25.4,1.3,3278411.84
6/23/1997,26.8,0.86,4208110.72
6/24/1997,27.4,1.2,3449672.16
6/25/1997,28,1,3131617.28
6/26/1997,26.9,0.86,2691233.6
6/27/1997,27.1,0.93,2715699.36
6/28/1997,27,0.98,3033754.24
6/29/1997,26.6,1,3058220
6/30/1997,26.6,1,2886959.68
7/9/1997,28.7,0.84,2519973.28
7/22/1997,28.9,1.1,2666767.84
7/23/1997,27.46248004,1,2593370.56
7/24/1997,26.96691974,0.98,3278411.84
7/25/1997,25.48023885,0.9,3449672.16
7/26/1997,25.97579915,0.98,3572000.96
7/27/1997,26.47135944,1,3987918.88
7/28/1997,29.94028152,1.5,4868686.24
7/29/1997,27.95804033,0.73,5945179.68
7/30/1997,23.00243737,0.53,7290796.48
8/1/1997,23.99355796,0.45,9027865.44
8/2/1997,25.97579915,0.5,9003399.68
8/3/1997,25.97579915,0.59,7780111.68
8/4/1997,26.96691974,0.48,5847316.64
8/5/1997,25.48023885,0.62,4403836.8
8/7/1997,26.8,0.66,3865590.08
8/8/1997,26.4,0.69,3547535.2
8/9/1997,26.2,0.96,3033754.24
8/10/1997,26.2,0.98,2740165.12
8/11/1997,26.6,0.98,2544439.04
8/12/1997,27.4,0.65,2265529.376
8/13/1997,28.2,0.89,2052677.264
8/19/1997,28.7,0.9,2245956.768
8/20/1997,28.1,0.98,2209258.128
8/21/1997,28.3,0.98,2099162.208
8/22/1997,28.9,0.75,2642302.08
8/23/1997,27.5,0.75,3180548.8
8/24/1997,26.8,0.88,3229480.32
8/25/1997,26.3,0.69,3229480.32
8/26/1997,26.1,0.72,2886959.68
8/27/1997,26,0.87,2617836.32
8/28/1997,26.5,0.99,2241063.616
8/30/1997,26.8,0.95,2434343.12
8/31/1997,26.7,1,2201918.4
9/1/1997,27.3,0.83,2052677.264
9/2/1997,27.6,0.91,2294888.288
9/3/1997,28,0.87,2152986.88
9/4/1997,26.7,0.84,2764630.88
9/5/1997,25.4,0.96,2715699.36
9/6/1997,25.4,1.3,2292441.712
9/7/1997,25.2,1.1,1746855.264
9/8/1997,25.1,1.5,1556022.336
9/9/1997,25.6,1.4,1617186.736
9/10/1997,25.8,0.97,1805573.088
9/11/1997,25.6,0.82,2099162.208
9/12/1997,25.8,0.91,2121181.392
9/13/1997,26.2,1.1,2346266.384
9/14/1997,26.7,1.2,2495507.52
9/15/1997,26.1,1.2,2593370.56
9/16/1997,26,1.2,2329140.352
9/17/1997,26.5,1.2,2593370.56
9/18/1997,27,1.2,2348712.96
9/19/1997,27,1.4,2282655.408
9/20/1997,26.8,1.3,1896096.4
9/22/1997,24.2,1.1,2740165.12
9/23/1997,24.3,1.1,2023318.352
9/24/1997,24.1,1.2,2392751.328
9/25/1997,23.2,1.2,2544439.04
9/26/1997,22.9,1.1,2544439.04
9/27/1997,22.6,1.3,4134713.44
9/28/1997,22.7,0.92,4550631.36
9/29/1997,23.2,1,4550631.36
10/1/1997,22.5,0.97,4354905.28
10/2/1997,21.8,0.69,4183644.96
10/3/1997,21.4,0.69,3841124.32
10/4/1997,21.7,0.69,3253946.08
10/5/1997,22.3,0.78,2789096.64
10/6/1997,23.1,0.83,2446576
10/7/1997,22.9,0.84,2201918.4
10/8/1997,24,0.95,2214151.28
10/9/1997,24.6,0.98,2069803.296
10/10/1997,24.6,1,1805573.088
10/14/1997,24,1.3,2037997.808
10/15/1997,23.5,1.3,2052677.264
10/16/1997,21.9,1.165,2223937.584
10/17/1997,20.6,1.2,2351159.536
10/18/1997,20.3,1,2250849.92
10/22/1997,17.9,1.5,2813562.4
10/23/1997,16.9,1.8,3131617.28
10/24/1997,16.8,1.5,3229480.32
10/25/1997,17.2,1.7,2886959.68
10/27/1997,18.2,1.2,2519973.28
10/28/1997,17.3,0.93,2544439.04
10/29/1997,16.7,1.2,2862493.92
10/30/1997,16.1,1.4,2715699.36
10/31/1997,15.9,1.4,2862493.92
11/1/1997,16.9,1.4,2935891.2
11/2/1997,17.4,1.4,2960356.96
11/3/1997,17.3,1.5,3229480.32
11/12/1997,14.7,1.1,3351809.12
11/13/1997,14.2,1.135,3718795.52
11/14/1997,14.3,1,4012384.64
11/15/1997,14.2,1,4208110.72
11/16/1997,13.6,0.98,4819754.72
11/17/1997,12.1,0.98,5455864.48
11/18/1997,11.5,1.2,6165371.52
11/19/1997,11.3,1.2,6410029.12
11/20/1997,11,0.76,6140905.76
11/21/1997,11.9,0.74,5578193.28
11/22/1997,14.1,0.73,4868686.24
11/23/1997,14.7,0.84,4330439.52
11/24/1997,13.2,0.76,3890055.84
11/25/1997,11.5,0.86,3792192.8
11/26/1997,11.4,1,3841124.32
11/27/1997,12,1.2,3914521.6
11/28/1997,11.8,1.5,3841124.32
11/29/1997,11.9,0.96,3572000.96
11/30/1997,12.8,0.86,4036850.4
12/1/1997,13.2,0.87,5088878.08
12/2/1997,12.3,0.94,5994111.2
12/3/1997,11.8,0.895,6752549.76
12/4/1997,12.5,0.99,7413125.28
12/5/1997,12.6,0.95,7829043.2
12/6/1997,11.2,0.85,7877974.72
12/7/1997,9.7,0.77,7633317.12
12/8/1997,8.3,0.8,6997207.36
12/10/1997,8.9,0.78,5627124.8
12/11/1997,9.5,0.82,5064412.32
12/12/1997,9.4,0.89,4893152
12/13/1997,9.4,0.91,4844220.48
12/14/1997,8.8,0.96,4942083.52
12/15/1997,8.3,0.98,5235672.64
12/16/1997,8.4,1,5284604.16
12/17/1997,8.6,1.1,4942083.52
12/18/1997,8.7,0.96,4672960.16
12/19/1997,9.2,0.98,4452768.32
12/20/1997,9.2,0.94,4159179.2
12/21/1997,9.3,0.98,4110247.68
12/23/1997,9.5,0.935,4428302.56
12/24/1997,9.7,0.95,5162275.36
12/25/1997,10.5,1,6752549.76
12/26/1997,10.9,1.1,8367289.92
12/27/1997,11.2,1.2,10177756.16
12/28/1997,9.7,0.97,11939290.88
12/29/1997,8.4,0.89,13358304.96
12/30/1997,7.9,0.84,14606058.72
12/31/1997,7.5,0.85,15486826.08
1/1/1998,6.5,0.86,15951675.52
1/2/1998,6.4,0.75,16171867.36
1/3/1998,6.8,0.78,16049538.56
1/4/1998,7.3,0.8,15486826.08
1/5/1998,8,0.83,14263538.08
1/6/1998,9.6,0.85,12820058.24
1/7/1998,11,0.85,11449975.68
1/9/1998,13.2,0.82,10251153.44
1/10/1998,12.8,0.84,10985126.24
1/11/1998,12.8,0.8,12232880
1/12/1998,12,0.75,13431702.24
1/13/1998,12.1,0.68,14703921.76
1/14/1998,11.5,0.6,15853812.48
1/15/1998,10.7,0.54,16856908.64
1/17/1998,10.3,0.55,18912032.48
1/18/1998,9.9,0.655,19597073.76
1/23/1998,17.55127411,0.85,25444390.4
1/25/1998,9,0.77,31071515.2
1/26/1998,8.5,0.76,33028776
1/27/1998,8.9,0.77,34741379.2
1/29/1998,8.9,0.66,38166585.6
1/30/1998,9.2,0.64,39389873.6
1/31/1998,8.9,0.66,40123846.4
2/1/1998,8.4,0.64,40613161.6
2/2/1998,8.7,0.58,40857819.2
2/3/1998,9.1,0.51,41102476.8
2/4/1998,9.9,0.61,46729601.6
2/5/1998,9.8,0.45,54558644.8
2/6/1998,9.4,0.47,58228508.8
2/7/1998,9,0.53,58962481.6
2/8/1998,8.5,0.57,57983851.2
2/9/1998,8.3,0.58,56271248
2/10/1998,8.4,0.57,54558644.8
2/11/1998,9.2,0.53,52846041.6
2/12/1998,10.3,0.54,51378096
2/13/1998,10.5,0.41,49665492.8
2/14/1998,10,0.4,47708232
2/15/1998,9.3,0.48,45261656
2/16/1998,9.1,0.49,42081107.2
2/17/1998,9.9,0.49,41836449.6
2/18/1998,11.2,0.51,44283025.6
2/19/1998,14.57791233,0.52,45261656
2/20/1998,16.56015351,0.6,45016998.4
2/22/1998,11.60455055,0.56,42815080
2/23/1998,16.06459322,0.5,42325764.8
2/24/1998,13.58679173,0.45,42325764.8
2/25/1998,15.07347262,0.38,42081107.2
2/26/1998,13.09123144,0.36,41591792
2/27/1998,13.58679173,0.34,40368504
2/28/1998,18.0468344,0.34,38411243.2
3/1/1998,16.56015351,0.37,35964667.2
3/2/1998,15.07347262,0.38,33028776
3/3/1998,8.631188769,0.4,30092884.8
3/4/1998,8.631188769,0.4,27646308.8
3/5/1998,11.10899025,0.4,25689048
3/6/1998,11.60455055,0.37,24245568.16
3/7/1998,17.05571381,0.34,23266937.76
3/8/1998,18.5423947,0.31,22802088.32
3/10/1998,10.11786966,0.32,24955075.2
3/11/1998,6.153387286,0.365,27156993.6
3/13/1998,4.666706397,0.46,34986036.8
3/14/1998,9.622309362,0.43,39879188.8
3/15/1998,12.59567114,0.38,44527683.2
3/16/1998,11.1,0.35,48442204.8
3/18/1998,11,0.28,53090699.2
3/19/1998,12.1,0.28,53335356.8
3/20/1998,12.7,0.3,53580014.4
3/21/1998,12.9,0.35,51867411.2
3/22/1998,13.1,0.45,48931520
3/23/1998,12.9,0.55,45506313.6
3/24/1998,12.7,0.62,42081107.2
3/25/1998,12.6,0.71,39389873.6
3/28/1998,15.6,0.42,37921928
3/29/1998,16.9,0.39,38411243.2
3/30/1998,18,0.36,38411243.2
3/31/1998,18.7,0.34,37432612.8
4/1/1998,19.3,0.32,35964667.2
4/2/1998,19.8,0.27,34252064
4/3/1998,19.2,0.27,32539460.8
4/4/1998,18.5,0.28,31560830.4
4/5/1998,16.9,0.28,31071515.2
4/6/1998,16.8,0.29,30826857.6
4/7/1998,17.2,0.32,30826857.6
4/8/1998,18.1,0.34,30826857.6
4/9/1998,18.8,0.32,31805488
4/10/1998,17.9,0.34,34741379.2
4/11/1998,17.2,0.32,37432612.8
4/12/1998,17.2,0.4,38900558.4
4/13/1998,17.1,0.43,39145216
4/14/1998,17,0.42,38166585.6
4/16/1998,18.4,0.4,34986036.8
4/17/1998,19,0.39,33273433.6
4/20/1998,19.9,0.43,27646308.8
4/22/1998,19.2,0.51,23242472
4/23/1998,18.4,0.57,20428909.6
4/24/1998,18.1,0.65,18349320
4/25/1998,18.3,0.75,17321758.08
4/26/1998,18.5,0.69,17174963.52
4/27/1998,18.6,0.65,17419621.12
4/30/1998,18.8,0.56,16832442.88
5/1/1998,18.9,0.6,15658086.4
5/3/1998,19.9,0.64,11474441.44
5/4/1998,20.4,0.73,9859701.28
5/5/1998,20.3,0.79,8881070.88
5/6/1998,21,0.9,8587481.76
5/7/1998,21.9,1,8660879.04
5/8/1998,21.8,0.895,9345920.32
5/9/1998,21.9,0.815,10128824.64
5/11/1998,21.3,0.77,11988222.4
5/12/1998,20,0.75,12771126.72
5/13/1998,19.1,0.73,13162578.88
5/14/1998,18.9,0.67,13235976.16
5/15/1998,19.6,0.64,12991318.56
5/17/1998,21.5,0.64,12159482.72
5/18/1998,21.5,0.63,11401044.16
5/19/1998,22.5,0.63,10202221.92
5/20/1998,23,0.67,8832139.36
5/21/1998,24.7,0.72,7657782.88
5/22/1998,24.1,0.76,6605755.2
5/23/1998,22.9,0.76,6116440
5/24/1998,22.6,0.83,6679152.48
5/26/1998,24.8,1,6703618.24
5/27/1998,25.9,1,6825947.04
5/28/1998,25.4,0.95,7144001.92
5/29/1998,25.9,1,7315262.24
5/30/1998,26.6,1,7731180.16
5/31/1998,26.7,0.87,7731180.16
6/1/1998,26.5,0.83,7241864.96
6/2/1998,26.7,0.76,6703618.24
6/3/1998,27,0.73,5994111.2
6/4/1998,27,0.75,5309069.92
6/5/1998,26.8,0.81,5602659.04
6/6/1998,26.1,0.79,6263234.56
6/7/1998,24.7,0.81,6972741.6
6/8/1998,23.7,0.83,7192933.44
6/10/1998,24.2,0.9,6238768.8
6/11/1998,25.3,0.89,5480330.24
6/12/1998,26.5,0.89,4942083.52
6/13/1998,26.4,0.87,4452768.32
6/14/1998,26.8,0.95,4281508
6/15/1998,26.7,0.92,4403836.8
6/16/1998,27.2,0.91,4746357.44
6/17/1998,27.7,0.96,5137809.6
6/18/1998,28.3,0.95,5039946.56
6/19/1998,28.1,0.78,4721891.68
6/20/1998,27.7,0.81,4428302.56
6/21/1998,28.8,0.85,3865590.08
6/22/1998,28.9,0.79,3400740.64
6/23/1998,29.1,0.85,3082685.76
6/24/1998,29.5,0.61,3205014.56
6/25/1998,29.9,1,3278411.84
6/26/1998,30.6,0.84,3009288.48
6/27/1998,29.9,0.89,2642302.08
6/28/1998,30.3,0.84,2666767.84
6/29/1998,30.4,0.79,2740165.12
7/1/1998,30,0.78,2162773.184
7/2/1998,30.6,0.73,2321800.624
7/3/1998,30.3,0.79,2446576
7/4/1998,29.9,0.71,2241063.616
7/5/1998,29.3,0.64,1971940.256
7/6/1998,28.7,0.71,2666767.84
7/7/1998,28.5,0.73,2715699.36
7/8/1998,28.6,0.76,2715699.36
7/9/1998,28.9,0.63,3474137.92
7/10/1998,29.3,0.93,3816658.56
7/11/1998,29.7,0.88,3645398.24
7/12/1998,29.1,0.75,3498603.68
7/13/1998,28.8,0.69,3278411.84
7/14/1998,28.7,0.78,3156083.04
7/15/1998,28.8,0.67,2764630.88
7/16/1998,28.8,0.73,2299781.44
7/17/1998,28.5,0.76,2378071.872
7/18/1998,28.5,0.76,3058220
7/21/1998,29.4,0.6,3890055.84
7/22/1998,29.6,0.63,3327343.36
7/23/1998,29.7,0.7,2568904.8
7/24/1998,29.7,0.74,2116288.24
7/25/1998,29.5,0.7,2050230.688
7/26/1998,28.8,0.74,2133414.272
7/27/1998,28.1,0.73,2414770.512
7/28/1998,28.6,0.68,2471041.76
7/29/1998,29.7,0.84,3033754.24
8/4/1998,25.9,0.74,3718795.52
8/5/1998,25.7,0.85,3278411.84
8/6/1998,25.8,0.87,2935891.2
8/7/1998,26.5,0.94,2666767.84
8/8/1998,27.8,0.77,2358499.264
8/9/1998,28.6,0.79,2307121.168
8/10/1998,29.1,1.28,2175006.064
8/11/1998,28.5,0.78,2108948.512
8/12/1998,28.1,0.9,2617836.32
8/13/1998,28,0.88,3156083.04
8/15/1998,28.4,0.79,3376274.88
8/16/1998,29,0.68,3107151.52
8/17/1998,29.1,0.66,2764630.88
8/18/1998,29.6,0.79,2544439.04
8/19/1998,28.6,0.55,2617836.32
8/20/1998,27.5,0.47,2862493.92
8/21/1998,27,0.37,3082685.76
8/22/1998,27.2,0.47,2935891.2
8/23/1998,28,0.58,2519973.28
8/24/1998,26.47135944,0.57,2167666.336
8/26/1998,25.97579915,0.54,3082685.76
8/27/1998,25.97579915,0.41,6140905.76
8/28/1998,28.45360063,0.47,7413125.28
8/29/1998,28.45360063,0.526666667,9419317.6
8/30/1998,28.94916092,0.396666667,10960660.48
8/31/1998,27.1,0.22,11596770.24
9/1/1998,27.46248004,0.263333333,11180852.32
9/2/1998,26.96691974,0.263333333,10520276.8
9/3/1998,24.98467855,0.25,9492714.88
9/4/1998,25.48023885,0.283333333,9003399.68
9/5/1998,25.97579915,0.3075,9125728.48
9/6/1998,25.97579915,0.3675,9663975.2
9/7/1998,27.95804033,0.3725,10397948
9/8/1998,24.48911826,0.336666667,11278715.36
9/9/1998,19.53351529,0.31,12110551.2
9/10/1998,19.53351529,0.31,12281811.52
9/11/1998,21.51575648,0.3,11572304.48
9/12/1998,23.49799766,0.31,10446879.52
9/13/1998,25.97579915,0.3,9345920.32
9/14/1998,25.48023885,0.33,8196029.6
9/15/1998,25.48023885,0.35,6850412.8
9/16/1998,25.8,0.42,5455864.48
9/17/1998,26.9,0.43,4257042.24
9/18/1998,27,0.5,3620932.48
9/19/1998,27.1,0.57,3474137.92
9/20/1998,27.1,0.61,3229480.32
9/21/1998,27.3,0.63,3058220
9/22/1998,28.1,0.64,2813562.4
9/23/1998,26.9,0.65,2911425.44
9/24/1998,25.3,0.67,3131617.28
9/25/1998,25.1,0.375,2666767.84
9/26/1998,25.9,0.67,2395197.904
9/27/1998,26,0.66,2192132.096
9/28/1998,25.3,0.66,1945027.92
9/29/1998,25.8,0.72,2304674.592
9/30/1998,25.7,0.75,2192132.096
10/1/1998,26.1,0.71,2143200.576
10/2/1998,25.1,0.68,1746855.264
10/3/1998,24.1,0.7,2020871.776
10/4/1998,24.4,0.72,2265529.376
10/5/1998,24.4,0.76,2446576
10/6/1998,23.8,0.77,2838028.16
10/7/1998,23.5,0.8,3400740.64
10/8/1998,23.7,0.78,3351809.12
10/9/1998,23.5,0.78,3376274.88
10/10/1998,22.7,0.91,3547535.2
10/11/1998,22.4,0.82,3669864
10/12/1998,22.5,0.71,4330439.52
10/13/1998,22.5,0.79,4746357.44
10/14/1998,22.4,0.89,4281508
10/15/1998,21.8,0.77,3205014.56
10/16/1998,21.3,0.85,2666767.84
10/17/1998,20.9,0.86,2495507.52
10/18/1998,21.2,0.82,2382965.024
10/19/1998,21.3,0.72,2321800.624
10/20/1998,21.4,0.74,2150540.304
10/21/1998,20.6,0.73,2096715.632
10/22/1998,19.3,0.73,1998852.592
10/23/1998,17.4,0.79,1945027.92
10/24/1998,16.5,0.82,2015978.624
10/25/1998,16.7,0.84,2018425.2
10/26/1998,17.4,0.87,1971940.256
10/27/1998,17.4,0.89,1891203.248
10/28/1998,18,0.84,1793340.208
10/29/1998,18.4,0.81,1825145.696
10/30/1998,18.7,0.82,1746855.264
10/31/1998,18.7,0.86,1671011.408
11/1/1998,18.3,0.86,1666118.256
11/2/1998,18.2,0.84,1560915.488
11/3/1998,18.2,0.84,1534003.152
11/4/1998,17.7,0.83,1455712.72
11/5/1998,16.1,0.84,1318704.464
11/6/1998,14.8,0.815,1626973.04
11/7/1998,13.6,0.93,2265529.376
11/8/1998,13,0.94,2740165.12
11/9/1998,13.2,0.98,2691233.6
11/10/1998,13.7,1,2519973.28
11/11/1998,15.2,0.98,2373178.72
11/12/1998,15.4,1,2089375.904
11/13/1998,15,1,2143200.576
11/14/1998,14.7,1.1,2130967.696
11/15/1998,14.6,0.97,2123627.968
11/16/1998,14.7,0.98,2045337.536
11/17/1998,15.7,0.95,2104055.36
11/18/1998,15.7,0.96,1984173.136
11/19/1998,15.5,0.9,2265529.376
11/20/1998,15.5,0.79,2984822.72
11/21/1998,15.1,0.81,3400740.64
11/22/1998,14.4,0.8,3425206.4
11/23/1998,14.4,0.81,3253946.08
11/24/1998,15,0.84,3033754.24
11/26/1998,15.1,0.7,2764630.88
11/27/1998,14.7,0.71,2666767.84
11/28/1998,14.3,0.69,2691233.6
11/29/1998,14.4,0.76,2642302.08
11/30/1998,14.7,0.73,2666767.84
12/1/1998,15.6,0.71,2691233.6
12/3/1998,15.8,0.69,2519973.28
12/4/1998,16.2,0.72,2446576
12/5/1998,16.5,0.79,2387858.176
12/6/1998,17,0.72,2387858.176
12/7/1998,16,0.71,2363392.416
12/8/1998,16.6,0.78,2302228.016
12/10/1998,15.2,0.86,2113841.664
12/11/1998,14.4,0.87,2045337.536
12/12/1998,13.4,0.93,1976833.408
12/13/1998,13.5,1,2201918.4
12/14/1998,13.3,0.905,2099162.208
12/15/1998,12.3,0.96,2267975.952
12/16/1998,12.2,1,2886959.68
12/17/1998,11.7,0.8,4159179.2
12/18/1998,11,0.9,5260138.4
12/19/1998,10.4,1,5455864.48
12/20/1998,11,0.96,5284604.16
12/21/1998,11.5,0.79,5260138.4
12/22/1998,12,0.87,4868686.24
12/23/1998,11.6,0.84,4330439.52
12/24/1998,10.4,0.8,4012384.64
12/25/1998,9.1,0.8,4232576.48
12/26/1998,8.2,0.78,5651590.56
12/27/1998,7.1,0.99,7608851.36
12/28/1998,7.6,1.1,8930002.4
12/30/1998,8.1,1,10544742.56
12/31/1998,7.1,1.1,10667071.36
1/1/1999,6.3,1.1,10275619.2
1/2/1999,6.1,1,9908632.8
1/3/1999,8.2,1,9541646.4
1/4/1999,8.2,0.95,9296988.8
1/7/1999,5.8,0.96,11425509.92
1/9/1999,8,0.76,12453071.84
1/10/1999,7.8,0.71,14385866.88
1/11/1999,6.8,0.665,15853812.48
1/12/1999,7.3,0.78,15535757.6
1/13/1999,7.7,0.86,12306277.28
1/14/1999,7.8,0.92,10838331.68
1/16/1999,8.7,0.91,9859701.28
1/17/1999,8.8,1.1,8660879.04
1/18/1999,9.8,1.1,9712906.72
1/19/1999,10.5,0.86,11474441.44
1/20/1999,10.3,0.78,17052634.72
1/21/1999,11,0.7,20526772.64
1/22/1999,12.5,0.69,21994718.24
1/23/1999,13.3,0.66,22997814.4
1/24/1999,14,0.63,23120143.2
1/25/1999,13.3,0.6,26178363.2
1/26/1999,12.6,0.66,30826857.6
1/27/1999,12.4,0.72,33762748.8
1/28/1999,13.2,0.73,34986036.8
1/29/1999,12.9,0.63,35475352
1/30/1999,12.3,0.61,35964667.2
1/31/1999,11.1,0.54,34496721.6
2/1/1999,10.4,0.48,33518091.2
2/3/1999,11.8,0.37,32050145.6
2/4/1999,12.2,0.42,30826857.6
2/5/1999,11.6,0.41,29358912
2/6/1999,11.4,0.49,26667678.4
2/7/1999,11.9,0.53,25689048
2/8/1999,12.3,0.51,23878581.76
2/9/1999,12.2,0.365,23169074.72
2/10/1999,13,0.53,21970252.48
2/11/1999,13.4,0.57,20404443.84
2/12/1999,14.2,0.62,14752853.28
2/13/1999,13.1,0.68,10740468.64
2/14/1999,11,0.76,9663975.2
2/15/1999,10.2,0.81,8807673.6
2/16/1999,10.3,0.87,8147098.08
2/17/1999,10.8,0.88,7706714.4
2/18/1999,11.7,0.92,7462056.8
2/19/1999,11.7,0.92,7339728
2/20/1999,11.3,0.9,7192933.44
2/21/1999,10.5,0.96,7462056.8
2/22/1999,9.3,1,7731180.16
2/24/1999,7.7,0.91,8098166.56
2/25/1999,7.5,0.88,8000303.52
2/26/1999,7.9,0.9,8122632.32
2/27/1999,8.2,0.82,8416221.44
2/28/1999,9.2,0.77,8489618.72
3/1/1999,9.5,0.82,8098166.56
3/2/1999,10.1,0.85,7559919.84
3/5/1999,9.6,0.38,7413125.28
3/17/1999,10.2,0.99,6679152.48
3/20/1999,12.8,0.71,8807673.6
3/21/1999,12.5,0.75,8832139.36
3/22/1999,12.7,0.62,8709810.56
3/23/1999,13.2,0.63,8465152.96
3/24/1999,14.3,0.62,7975837.76
3/25/1999,14.8,0.58,8514084.48
3/26/1999,13.5,0.59,9125728.48
3/27/1999,12.1,0.58,9443783.36
3/28/1999,11.6,0.5,9908632.8
3/29/1999,12.9,0.46,10079893.12
3/30/1999,13.5,0.45,10446879.52
3/31/1999,14,0.4,10618139.84
4/1/1999,15,0.37,10764934.4
4/2/1999,16.6,0.34,10618139.84
4/3/1999,17.5,0.37,10275619.2
4/4/1999,18.4,0.39,9150194.24
4/5/1999,18.4,0.43,8587481.76
4/6/1999,17.7,0.47,8098166.56
4/7/1999,18.5,0.53,7853508.96
4/8/1999,19.3,0.45,8122632.32
4/9/1999,19.8,0.35,8440687.2
4/10/1999,19.8,0.31,8807673.6
4/11/1999,18.8,0.4,8881070.88
4/14/1999,17.7,0.51,6410029.12
4/15/1999,17.8,0.55,6263234.56
4/16/1999,18.7,0.58,6850412.8
4/17/1999,18,0.65,7290796.48
4/18/1999,17.2,0.7,7168467.68
4/19/1999,17.4,0.55,6458960.64
4/20/1999,17.5,0.53,5627124.8
4/21/1999,18.3,0.66,4991015.04
4/22/1999,19.1,0.62,4721891.68
4/23/1999,19.9,0.7,4403836.8
4/24/1999,20,0.74,4012384.64
4/25/1999,19.5,0.8,3767727.04
4/26/1999,19.6,0.76,3718795.52
4/27/1999,19.9,0.78,3620932.48
4/29/1999,17.5,0.86,3645398.24
4/30/1999,13.58679173,0.88,3596466.72
5/1/1999,13.09123144,0.86,4379371.04
5/2/1999,14.08235203,0.93,5015480.8
5/3/1999,18.0468344,0.9,5798385.12
5/4/1999,19.03795499,0.9,6312166.08
5/5/1999,20.02907559,0.86,6263234.56
5/6/1999,16.7,0.72,5945179.68
5/7/1999,18.5,0.67,5822850.88
5/8/1999,18.5,0.65,6238768.8
5/9/1999,21,0.45,6654686.72
5/10/1999,21.9,0.36,6385563.36
5/11/1999,22.1,0.39,4917617.76
5/12/1999,21.8,0.53,3865590.08
5/13/1999,22.4,0.6,3547535.2
5/14/1999,22.6,0.62,3914521.6
5/15/1999,20.3,0.77,4501699.84
5/16/1999,18.5,0.86,4770823.2
5/17/1999,19,0.87,5015480.8
5/18/1999,20,0.91,5162275.36
5/19/1999,21.4,0.92,5064412.32
5/20/1999,21.9,0.86,4672960.16
5/21/1999,22.7,0.8,4183644.96
5/22/1999,21.9,0.74,3816658.56
5/23/1999,22,0.77,3523069.44
5/24/1999,22.9,0.78,3425206.4
5/25/1999,23.4,0.77,3792192.8
5/26/1999,23.8,0.94,4232576.48
5/27/1999,23.7,0.86,3620932.48
5/28/1999,24.1,0.82,3205014.56
5/29/1999,24.9,0.84,2886959.68
5/30/1999,25.9,0.87,2691233.6
5/31/1999,25.8,0.87,2471041.76
6/1/1999,25.5,0.86,2292441.712
6/2/1999,25.1,0.83,2177452.64
6/3/1999,25.1,0.78,2106501.936
6/4/1999,25.3,0.77,1693030.592
6/5/1999,25.1,0.73,1504644.24
6/6/1999,26.5,0.65,1644099.072
6/7/1999,27.3,0.515,1614740.16
6/8/1999,26.2,0.61,1529110
6/9/1999,27,0.56,1482625.056
6/10/1999,27.6,0.45,1069153.712
6/11/1999,26.9,0.4,934592.032
6/12/1999,25.6,0.38,1228181.152
6/13/1999,25.6,0.42,1538896.304
6/14/1999,26,0.52,1406781.2
6/15/1999,25.9,0.71,1485071.632
6/16/1999,25.6,0.66,2030658.08
6/17/1999,25,0.65,3694329.76
6/18/1999,24.2,0.73,4795288.96
6/19/1999,23,0.65,4428302.56
6/20/1999,22.9,0.71,3816658.56
6/21/1999,23.7,0.79,4159179.2
6/22/1999,23.6,0.84,4159179.2
6/24/1999,24.2,0.95,3156083.04
6/25/1999,25.3,0.87,2862493.92
6/26/1999,25.9,0.85,2593370.56
6/27/1999,26.4,0.84,2417217.088
6/28/1999,26.2,0.86,2395197.904
6/29/1999,26.8,0.91,2356052.688
6/30/1999,26.6,0.88,2307121.168
7/1/1999,26.8,0.86,2280208.832
7/2/1999,27.5,0.8,2211704.704
7/3/1999,28,0.78,2392751.328
7/5/1999,28.5,0.715,2204364.976
7/6/1999,28.5,0.66,2052677.264
7/8/1999,28.4,0.58,1881416.944
7/9/1999,28.8,0.55,1717496.352
7/10/1999,28.8,0.29,1741962.112
7/11/1999,28.4,0.47,1252646.912
7/12/1999,27.2,0.01,1306471.584
7/13/1999,26.1,0.3,1492411.36
7/14/1999,26.2,0.56,2495507.52
7/15/1999,26.5,0.61,3669864
7/16/1999,27.1,0.73,4819754.72
7/20/1999,28.9,0.75,3645398.24
7/21/1999,30.2,0.65,3033754.24
7/22/1999,29.6,0.65,2764630.88
7/24/1999,30.2,0.49,2223937.584
7/25/1999,29.5,0.4,2691233.6
7/26/1999,29.5,0.49,3351809.12
7/27/1999,30.6,0.63,3816658.56
7/28/1999,30.7,0.64,3718795.52
7/29/1999,30.4,0.55,3278411.84
7/30/1999,30.8,0.62,2764630.88
7/31/1999,31.2,0.61,2331586.928
8/2/1999,30.7,0.48,1849611.456
8/3/1999,29.1,0.56,1507090.816
8/4/1999,27.8,0.55,1404334.624
8/5/1999,27.6,0.53,1656331.952
8/6/1999,28.2,0.53,1536449.728
8/7/1999,28.7,0.49,1384762.016
8/8/1999,28.8,0.46,1529110
8/9/1999,28.5,0.44,1502197.664
8/10/1999,27.8,0.23,1455712.72
8/11/1999,28.2,0.52,1700370.32
8/12/1999,28.5,0.51,1507090.816
8/13/1999,29.1,0.49,1675904.56
8/14/1999,29.5,0.48,1741962.112
8/15/1999,29.2,0.38,1842271.728
8/16/1999,29.2,0.36,1952367.648
8/17/1999,29.7,0.32,2568904.8
8/18/1999,30.1,0.38,3058220
8/19/1999,30,0.44,3327343.36
8/20/1999,29.3,0.52,2960356.96
8/21/1999,29.1,0.47,2519973.28
8/22/1999,25.48023885,0.51,2211704.704
8/23/1999,28.4,0.59,2123627.968
8/24/1999,28,0.54,2077143.024
8/25/1999,27.9,0.46,2568904.8
8/26/1999,27.7,0.63,2593370.56
8/27/1999,27.9,0.7,2319354.048
8/28/1999,27.9,0.77,2011085.472
8/29/1999,26.96691974,0.75,1874077.216
8/30/1999,23.00243737,0.7,1937688.192
8/31/1999,22.50687707,0.63,3180548.8
9/1/1999,22.01131677,0.69,2838028.16
9/2/1999,23.00243737,0.67,2238617.04
9/3/1999,23.99355796,0.59,1734622.384
9/4/1999,23.99355796,0.6,1624526.464
9/5/1999,25.97579915,0.44,6361097.6
9/6/1999,23.99355796,0.6,9859701.28
9/7/1999,25.48023885,0.6,11009592
9/8/1999,27.46248004,0.55,12868989.76
9/9/1999,24.98467855,0.46,16930305.92
9/10/1999,24.98467855,0.36,19401347.68
9/11/1999,23.00243737,0.26,22704225.28
9/12/1999,21.51575648,0.22,25689048
9/13/1999,24.48911826,0.18,26912336
9/14/1999,23.5,0.17,28624939.2
9/22/1999,16.06459322,0.066,135295652.8
9/30/1999,21.7,0.08,96150436.8
10/1/1999,18.0468344,0.07,98597012.8
10/2/1999,20.52463588,0.08,97373724.8
10/3/1999,23.00243737,0.05,92969888
10/4/1999,24.48911826,0.08,86364132.8
10/5/1999,19.03795499,0.07,79758377.6
10/7/1999,20.7,0.09,68504128
10/8/1999,20.5,0.09,63855633.6
10/9/1999,21.3,0.15,59696454.4
10/10/1999,21.6,0.17,55537275.2
10/11/1999,21.3,0.19,51133438.4
10/12/1999,21.2,0.18,46240286.4
10/13/1999,20.9,0.16,41347134.4
10/14/1999,20.8,0.17,36943297.6
10/15/1999,20.4,0.19,32294803.2
10/16/1999,20.3,0.23,28624939.2
10/17/1999,23.99355796,0.22,27646308.8
10/18/1999,19.53351529,0.24,35475352
10/19/1999,18.5423947,0.26,44527683.2
10/20/1999,21.51575648,0.33,51622753.6
10/21/1999,16.06459322,0.36,55781932.8
10/22/1999,17.05571381,0.39,57249878.4
10/23/1999,14.57791233,0.37,58228508.8
10/24/1999,11.60455055,0.33,58228508.8
10/25/1999,12.59567114,0.28,57983851.2
10/26/1999,15.2,0.07,56515905.6
10/27/1999,15.56903292,0.26,53824672
10/28/1999,16.56015351,0.26,50399465.6
10/29/1999,17.05571381,0.27,46484944
10/30/1999,20.52463588,0.4,42081107.2
10/31/1999,20.52463588,0.43,37677270.4
11/1/1999,19.53351529,0.47,33273433.6
11/2/1999,20.02907559,0.49,29603569.6
11/3/1999,10.61342995,0.49,27156993.6
11/4/1999,10.11786966,0.49,25199732.8
11/5/1999,12.10011084,0.52,23976444.8
11/6/1999,14.57791233,0.52,23364800.8
11/7/1999,15.07347262,0.5,23120143.2
11/8/1999,13.09123144,0.46,23120143.2
11/9/1999,13.7,0.4,23120143.2
11/10/1999,20.52463588,0.42,23120143.2
11/11/1999,20.02907559,0.36,22997814.4
11/12/1999,17.05571381,0.39,22581896.48
11/13/1999,16.06459322,0.41,21603266.08
11/14/1999,17.55127411,0.44,19915128.64
11/15/1999,12.10011084,0.49,18055730.88
11/16/1999,11.10899025,0.54,15804880.96
11/17/1999,13,0.56,13333839.2
11/18/1999,13,0.62,11278715.36
11/19/1999,13.6,0.68,9590577.92
11/20/1999,14.1,0.72,8318358.4
11/21/1999,14,0.76,7486522.56
11/22/1999,14.6,0.75,7021673.12
11/23/1999,15.5,0.82,6630220.96
11/24/1999,15.8,0.86,6458960.64
11/25/1999,16.7,0.87,6434494.88
11/26/1999,17,0.83,6507892.16
11/27/1999,17.1,0.8,6752549.76
11/28/1999,16.5,0.77,6923810.08
11/29/1999,16,0.75,6972741.6
11/30/1999,14.3,0.81,6923810.08
12/1/1999,11.5,0.78,6874878.56
12/2/1999,9.6,0.77,6728084
12/3/1999,9,0.78,6507892.16
12/4/1999,9.4,0.74,6238768.8
12/5/1999,10.1,0.82,5994111.2
12/6/1999,11.3,0.88,5773919.36
12/7/1999,11.3,0.95,5553727.52
12/8/1999,11,0.93,5480330.24
12/17/1999,11.2,0.94,5773919.36
12/18/1999,10.6,0.89,6532357.92
12/19/1999,10.8,0.75,7584385.6
12/20/1999,11.5,0.63,8758742.08
12/21/1999,12,0.68,9248057.28
12/31/1999,13.09123144,0.79,5822850.88
1/4/2000,19.03795499,0.91,4917617.76
1/5/2000,11,0.89,4819754.72
1/6/2000,10.4,0.89,5113343.84
1/7/2000,10.4,0.9,5358001.44
1/8/2000,10.4,0.78,5602659.04
1/9/2000,10.5,0.77,5920713.92
1/10/2000,11.1,0.78,6214303.04
1/11/2000,11,0.72,6728084
1/12/2000,11,0.77,7682248.64
1/13/2000,11.4,0.74,9027865.44
1/14/2000,10,0.65,10300084.96
1/19/2000,5.9,0.54,14850716.32
1/20/2000,5.8,0.6,15388963.04
1/21/2000,5.1,0.61,15535757.6
2/2/2000,3.3,1,26912336
2/3/2000,3.6,1.1,27401651.2
2/4/2000,4.7,1.1,27156993.6
2/5/2000,5.1,1.1,26423020.8
2/6/2000,5,1,25689048
2/7/2000,5.5,0.96,25444390.4
2/8/2000,5.9,0.91,25444390.4
2/9/2000,6.1,0.83,24710417.6
2/11/2000,7.5,0.76,23609458.4
2/13/2000,7.3,0.69,23413732.32
2/14/2000,8.2,0.7,23364800.8
2/17/2000,9.2,0.8,23584992.64
2/18/2000,9.2,0.82,23462663.84
2/19/2000,10.6,0.77,23218006.24
2/20/2000,11.1,0.68,23169074.72
2/21/2000,11.2,0.61,23266937.76
2/22/2000,10.9,0.6,23242472
2/23/2000,11.2,0.54,22728691.04
2/24/2000,12.2,0.52,21847923.68
2/25/2000,12.8,0.49,21211813.92
2/26/2000,13.5,0.41,21016087.84
2/27/2000,13.8,0.42,21432005.76
2/28/2000,14.1,0.41,21334142.72
2/29/2000,14.1,0.38,20722498.72
3/1/2000,14,0.41,19450279.2
3/2/2000,14,0.42,17860004.8
3/3/2000,13.7,0.48,16245264.64
3/4/2000,13.1,0.56,15095373.92
3/5/2000,12.8,0.6,13700825.6
3/6/2000,13.3,0.66,12648797.92
3/7/2000,14.1,0.7,11327646.88
3/8/2000,14.6,0.71,9003399.68
3/9/2000,15.2,0.71,8367289.92
3/10/2000,16.6,0.74,8342824.16
3/11/2000,17.1,0.81,7829043.2
3/12/2000,16.5,0.8,7144001.92
3/13/2000,14.8,0.8,6728084
3/14/2000,14.5,0.84,6801481.28
3/15/2000,15.1,0.89,6850412.8
3/16/2000,16,0.89,7168467.68
3/17/2000,16.7,0.75,9590577.92
3/18/2000,15.1,0.63,13945483.2
3/19/2000,14.5,0.77,15584689.12
3/20/2000,14.5,0.79,15144305.44
3/21/2000,14.6,0.87,14336935.36
3/22/2000,13.8,0.79,13969948.96
3/23/2000,13.1,0.84,14067812
3/24/2000,13.3,0.82,13969948.96
3/25/2000,14.4,0.77,14214606.56
3/26/2000,14.9,0.72,14190140.8
3/27/2000,15.6,0.67,14312469.6
3/31/2000,15.5,0.42,14630524.48
4/1/2000,15.7,0.41,14581592.96
4/2/2000,16.4,0.4,14606058.72
4/3/2000,22.50687707,0.38,14483729.92
4/4/2000,18.3,0.39,13969948.96
4/5/2000,16.8,0.46,12648797.92
4/6/2000,16.1,0.53,10226687.68
4/7/2000,17,0.56,8758742.08
4/8/2000,17.5,0.58,7535454.08
4/9/2000,16.3,0.64,6703618.24
4/10/2000,16.2,0.68,6091974.24
4/11/2000,16.6,0.79,5798385.12
4/12/2000,17.4,0.8,6067508.48
4/13/2000,16.3,0.84,6361097.6
4/14/2000,15.6,0.76,6581289.44
4/15/2000,16.3,0.69,6703618.24
4/16/2000,20.02907559,0.7,7755645.92
4/17/2000,21.02019618,0.76,8832139.36
4/18/2000,17.55127411,0.75,9761838.24
4/19/2000,17,0.73,10960660.48
4/20/2000,17.05571381,0.66,12550934.88
4/21/2000,20.02907559,0.57,13529565.28
4/22/2000,17.05571381,0.52,13651894.08
4/23/2000,16.56015351,0.5,13676359.84
4/24/2000,17.55127411,0.48,13554031.04
4/25/2000,16.06459322,0.41,13358304.96
4/26/2000,13.09123144,0.41,13235976.16
4/27/2000,13.58679173,0.44,13407236.48
4/28/2000,14.08235203,0.46,14067812
4/29/2000,17.05571381,0.47,14679456
4/30/2000,17.55127411,0.52,14654990.24
5/1/2000,18.0468344,0.56,14606058.72
5/2/2000,22.50687707,0.59,14116743.52
5/3/2000,19.53351529,0.6,13260441.92
5/4/2000,20,0.69,11278715.36
5/5/2000,21,0.67,10177756.16
5/6/2000,22,0.62,9517180.64
5/7/2000,23.1,0.47,8954468.16
5/8/2000,22.3,0.4,8636413.28
5/9/2000,22.3,0.41,8416221.44
5/10/2000,23.1,0.43,6850412.8
5/11/2000,23.6,0.53,5284604.16
5/12/2000,24.1,0.72,4550631.36
5/13/2000,24.5,0.7,4183644.96
5/14/2000,24.7,0.61,3914521.6
5/15/2000,23.9,0.57,3816658.56
5/16/2000,23.4,0.71,3669864
5/17/2000,23.3,0.75,3180548.8
5/18/2000,23.49799766,0.81,2813562.4
5/19/2000,23.7,0.77,2715699.36
5/20/2000,24.4,0.8,2666767.84
5/21/2000,25.1,0.77,2495507.52
5/22/2000,24.9,0.75,2544439.04
5/23/2000,24.6,0.74,2593370.56
5/24/2000,25.1,0.75,2431896.544
5/25/2000,25.9,0.83,2348712.96
5/26/2000,26.5,0.84,2568904.8
5/27/2000,26.8,0.79,2568904.8
5/28/2000,26.5,0.84,2495507.52
5/29/2000,19.03795499,0.87,2715699.36
5/30/2000,17.55127411,0.87,3180548.8
5/31/2000,20.52463588,1,3498603.68
6/1/2000,22.8,0.95,2813562.4
6/2/2000,24.4,0.95,2691233.6
6/3/2000,23.6,1,2691233.6
6/4/2000,24.1,1,2789096.64
6/5/2000,24.3,0.89,2617836.32
6/6/2000,24.3,0.85,2691233.6
6/7/2000,23.4,0.85,2984822.72
6/8/2000,24.3,0.97,3816658.56
6/9/2000,24.7,0.96,3547535.2
6/10/2000,24.6,0.93,2789096.64
6/11/2000,24.7,0.7,2568904.8
6/12/2000,24.4,0.76,2434343.12
6/13/2000,24.6,0.75,2263082.8
6/14/2000,25.4,0.97,2162773.184
6/15/2000,26.3,0.79,2011085.472
6/16/2000,26.9,0.72,1918115.584
6/17/2000,27.95804033,0.72,1913222.432
6/18/2000,26.8,0.75,2003745.744
6/19/2000,27.1,0.64,2419663.664
6/20/2000,26.8,0.51,2544439.04
6/21/2000,27.6,0.67,2691233.6
6/22/2000,27.2,0.78,2984822.72
6/23/2000,27.7,0.65,3669864
6/24/2000,28.4,0.67,4330439.52
6/25/2000,28.3,0.71,5039946.56
6/26/2000,28.3,0.59,5260138.4
6/27/2000,28.3,0.51,4575097.12
6/28/2000,28.1,0.54,3400740.64
6/29/2000,27.6,0.51,2813562.4
6/30/2000,27.3,0.54,2434343.12
7/1/2000,26.9,0.62,3156083.04
7/2/2000,27.1,0.64,3938987.36
7/3/2000,27,0.58,4721891.68
7/4/2000,27,0.66,4795288.96
7/5/2000,27.5,0.77,4208110.72
7/6/2000,27.5,0.65,3620932.48
7/7/2000,27.5,0.61,3229480.32
7/8/2000,27.5,0.59,3033754.24
7/9/2000,27.1,0.61,3058220
7/10/2000,26.9,0.61,2984822.72
7/11/2000,27.6,0.62,2642302.08
7/13/2000,27.4,0.65,2593370.56
7/14/2000,27.4,0.63,2886959.68
7/15/2000,24.98467855,0.59,3278411.84
7/16/2000,27.9,0.61,4036850.4
7/17/2000,28.4,0.64,3792192.8
7/18/2000,29.2,0.62,3498603.68
7/19/2000,28.8,0.52,4452768.32
7/20/2000,28.5,0.57,4477234.08
7/21/2000,27.9,0.71,3987918.88
7/22/2000,27.5,0.53,3523069.44
7/23/2000,27.7,0.51,3058220
7/24/2000,27.1,0.53,2862493.92
7/25/2000,26.2,0.55,2434343.12
7/26/2000,26.1,0.52,4477234.08
7/27/2000,26.8,0.67,7168467.68
7/28/2000,27.1,0.74,9321454.56
7/29/2000,27.8,0.4,10569208.32
7/30/2000,28.1,0.32,10862797.44
7/31/2000,28.2,0.34,10520276.8
8/1/2000,28.3,0.36,10275619.2
8/2/2000,28.8,0.39,10667071.36
8/3/2000,28.9,0.33,11523372.96
8/4/2000,27.6,0.28,12306277.28
8/5/2000,27.2,0.25,12624332.16
8/6/2000,28,0.22,13407236.48
8/7/2000,27.8,0.21,14190140.8
8/8/2000,27.9,0.18,14997510.88
8/9/2000,28.6,0.14,15584689.12
8/10/2000,28.6,0.12,15804880.96
8/11/2000,28.3,0.09,15804880.96
8/12/2000,27.5,0.08,18153593.92
8/13/2000,27.1,0.08,19474744.96
8/14/2000,23.49799766,0.09,20379978.08
8/15/2000,24.98467855,0.1,20673567.2
8/16/2000,26.47135944,0.15,19499210.72
8/17/2000,27.3,0.17,16416524.96
8/18/2000,27.5,0.22,13994414.72
8/19/2000,27.3,0.3,10960660.48
8/20/2000,26.6,0.37,8073700.8
8/21/2000,26,0.39,6116440
8/22/2000,25.6,0.47,4917617.76
8/23/2000,25.9,0.58,4575097.12
8/24/2000,26.4,0.59,4159179.2
8/25/2000,26.7,0.62,4085781.92
8/26/2000,24.48911826,0.6,3596466.72
8/27/2000,24.48911826,0.66,3229480.32
8/28/2000,24.98467855,0.56,3058220
8/29/2000,24.48911826,0.59,3107151.52
9/2/2000,27.46248004,0.62,8391755.68
9/3/2000,26.96691974,0.66,8342824.16
9/4/2000,25.48023885,0.64,8783207.84
9/5/2000,22.50687707,0.58,11229783.84
9/6/2000,22.50687707,0.57,13162578.88
9/16/2000,19.53351529,0.45,6165371.52
9/17/2000,19.03795499,0.49,4844220.48
9/18/2000,22.50687707,0.53,4648494.4
9/19/2000,24.98467855,0.58,6703618.24
9/20/2000,24.98467855,0.62,7168467.68
9/21/2000,26.96691974,0.39,7095070.4
9/23/2000,23.99355796,0.61,6997207.36
9/24/2000,26.47135944,0.56,10006495.84
9/25/2000,26.96691974,0.58,11596770.24
9/26/2000,21.02019618,0.63,13138113.12
9/27/2000,21,0.54,14654990.24
9/28/2000,20.02907559,0.36,15658086.4
9/29/2000,21.5,0.39,15511291.84
9/30/2000,21.5,0.37,15853812.48
10/1/2000,21.1,0.32,17957867.84
10/2/2000,21.3,0.26,18985429.76
10/3/2000,21.5,0.22,20453375.36
10/4/2000,21.6,0.2,20918224.8
10/5/2000,22.6,0.19,19988525.92
10/6/2000,23.6,0.25,17835539.04
10/7/2000,23,0.25,15682552.16
10/8/2000,20.6,0.29,13358304.96
10/9/2000,18.2,0.36,8244961.12
10/10/2000,17.2,0.43,6752549.76
10/12/2000,17,0.6,4477234.08
10/13/2000,17.9,0.68,3890055.84
10/14/2000,18,0.75,3572000.96
10/15/2000,18.7,0.76,3376274.88
10/16/2000,18.8,0.79,3205014.56
10/17/2000,18.9,0.81,3009288.48
10/18/2000,19.5,0.83,2862493.92
10/19/2000,19.7,0.83,2764630.88
10/20/2000,19.7,0.86,2691233.6
10/21/2000,20.1,0.84,2617836.32
10/22/2000,19.8,0.83,2495507.52
10/23/2000,19.6,0.8,2495507.52
10/24/2000,19.3,3.235,2519973.28
10/25/2000,19.2,0.76,2365838.992
10/26/2000,18.9,0.74,2297334.864
10/27/2000,18.8,0.7,2270422.528
10/28/2000,18.9,0.74,2243510.192
10/29/2000,18.4,0.78,2287548.56
10/30/2000,17.4,0.73,2175006.064
10/31/2000,16.6,0.69,2113841.664
11/1/2000,16.2,0.74,2067356.72
11/2/2000,15.9,0.74,2020871.776
11/3/2000,15.9,0.73,2018425.2
11/4/2000,16.2,0.7,2028211.504
11/5/2000,16.2,0.68,2020871.776
11/6/2000,15.9,0.65,2052677.264
11/7/2000,15.4,0.65,2003745.744
11/8/2000,16.2,0.63,1996406.016
11/9/2000,16.9,0.61,2047784.112
11/10/2000,17.4,0.6,2106501.936
11/11/2000,16.4,0.62,2077143.024
11/12/2000,15.4,0.66,2104055.36
11/13/2000,15.2,0.67,2118734.816
11/14/2000,15.2,0.65,2140754
11/15/2000,14.4,0.62,2135860.848
11/16/2000,13.3,0.68,2277762.256
11/17/2000,13.8,0.69,2353606.112
11/18/2000,13.1,0.74,2568904.8
11/19/2000,12.2,0.7,2935891.2
11/20/2000,11.5,0.61,3302877.6
11/21/2000,10.7,0.67,3351809.12
11/22/2000,9.7,0.67,3327343.36
11/23/2000,9,0.66,3449672.16
11/24/2000,8.7,0.63,3694329.76
11/25/2000,8.7,0.65,3767727.04
11/26/2000,9.6,0.61,4110247.68
11/27/2000,9.7,0.56,4330439.52
11/28/2000,10.3,0.63,4721891.68
11/29/2000,10.1,0.64,5578193.28
11/30/2000,9.9,0.57,6410029.12
12/1/2000,9.6,0.56,6630220.96
12/2/2000,9,0.48,6214303.04
12/3/2000,8.1,0.51,5798385.12
12/4/2000,6.7,0.49,5382467.2
12/5/2000,6.3,0.51,4991015.04
12/6/2000,6.1,0.57,4721891.68
12/7/2000,6.4,0.6,4648494.4
12/8/2000,7,0.65,4648494.4
12/9/2000,7.2,0.73,4599562.88
12/10/2000,7.5,0.74,4624028.64
12/11/2000,7.6,0.78,4501699.84
12/12/2000,8.5,0.76,4403836.8
12/13/2000,8.1,0.99,4232576.48
12/14/2000,9.5,0.89,4330439.52
12/15/2000,10,0.74,4183644.96
12/16/2000,10,0.74,4208110.72
12/17/2000,14.57791233,0.73,4208110.72
12/18/2000,10.5,0.7,4110247.68
12/19/2000,9.5,0.69,4134713.44
12/20/2000,8.6,0.74,4746357.44
12/21/2000,7.3,0.71,5969645.44
12/22/2000,7.2,0.62,6581289.44
12/23/2000,6.4,0.56,6361097.6
12/24/2000,5.5,0.56,5749453.6
12/25/2000,4.9,0.55,5455864.48
12/27/2000,3.5,0.61,4770823.2
12/29/2000,3.7,0.65,4257042.24
12/30/2000,3.8,0.7,4085781.92
1/1/2001,3,0.71,3718795.52
1/2/2001,3,0.74,3620932.48
1/4/2001,2.6,0.85,3474137.92
1/5/2001,2.4,0.89,3523069.44
1/6/2001,2.9,0.93,3547535.2
1/7/2001,3.5,0.9,3572000.96
1/8/2001,4,0.89,3547535.2
1/9/2001,4.4,0.88,3474137.92
1/10/2001,3.9,0.85,3351809.12
1/11/2001,4,0.89,3327343.36
1/12/2001,4.9,0.86,3351809.12
1/13/2001,5.3,0.91,3400740.64
1/14/2001,5.9,0.89,3449672.16
1/15/2001,7.2,0.85,3498603.68
1/18/2001,8.3,0.76,3474137.92
1/29/2001,7,0.54,3890055.84
1/30/2001,7.6,0.56,3743261.28
1/31/2001,8.3,0.56,3547535.2
2/1/2001,9.3,0.59,3351809.12
2/2/2001,9.6,0.67,3278411.84
2/3/2001,8.7,0.62,3302877.6
2/4/2001,8.2,0.63,3400740.64
2/5/2001,8.3,0.66,3523069.44
2/6/2001,8.5,0.69,3645398.24
2/7/2001,8.5,0.72,3718795.52
2/27/2001,12.8,0.61,6899344.32
3/6/2001,5.162266693,0.67,6458960.64
3/7/2001,7.640068176,0.74,7021673.12
3/8/2001,8.6,0.72,8024769.28
3/9/2001,9,0.48,8783207.84
3/13/2001,11.9,0.46,7804577.44
3/14/2001,12.7,0.48,7168467.68
3/15/2001,13.2,0.47,6483426.4
3/16/2001,13.6,0.5,5920713.92
3/17/2001,14.5,0.52,5651590.56
3/18/2001,13.8,0.56,5553727.52
3/19/2001,12.8,0.58,5847316.64
3/20/2001,12,0.61,6043042.72
3/21/2001,15.07347262,0.56,7339728
3/22/2001,15.07347262,0.61,9150194.24
3/23/2001,14.08235203,0.69,13089181.6
3/24/2001,13.58679173,0.69,14973045.12
3/25/2001,10.61342995,0.58,16783511.36
3/26/2001,8.631188769,0.5,18618443.36
3/27/2001,8.135628472,0.44,20110854.72
3/28/2001,11.3,0.36,22092581.28
3/29/2001,11.5,0.32,23560526.88
3/30/2001,13.3,0.3,24710417.6
3/31/2001,14.5,0.29,24465760
4/1/2001,14.1,0.34,23951979.04
4/2/2001,13.2,0.38,22679759.52
4/3/2001,13.2,0.39,21847923.68
4/4/2001,13.6,0.33,21578800.32
4/5/2001,13.5,0.32,22263841.6
4/12/2001,20.7,0.16,23218006.24
4/13/2001,21.2,0.2,21309676.96
4/14/2001,21.4,0.22,19107758.56
4/15/2001,20.5,0.25,17297292.32
4/16/2001,18.8,0.26,15755949.44
4/17/2001,17.7,0.26,14850716.32
4/18/2001,15.6,0.27,14385866.88
4/26/2001,17.2,0.47,8709810.56
4/27/2001,17.1,0.64,8098166.56
4/28/2001,17.5,0.51,8000303.52
4/29/2001,17.9,0.52,8196029.6
4/30/2001,18.5,0.53,8391755.68
5/1/2001,19.7,0.49,8440687.2
5/2/2001,20.9,0.52,7413125.28
5/3/2001,21.8,0.52,5749453.6
5/4/2001,22.7,0.58,4501699.84
5/5/2001,22.9,0.64,3767727.04
5/6/2001,21.6,0.67,3229480.32
5/7/2001,19.4,0.67,3082685.76
5/8/2001,19.9,0.68,2813562.4
5/9/2001,20.5,0.74,2617836.32
5/10/2001,21.7,0.79,2471041.76
5/11/2001,22.1,0.8,2351159.536
5/12/2001,21.7,0.83,2248403.344
5/13/2001,21.9,0.83,2312014.32
5/14/2001,21.9,0.75,2280208.832
5/15/2001,21.5,0.75,2179899.216
5/16/2001,21.3,0.67,2118734.816
5/17/2001,20.4,0.72,2248403.344
5/30/2001,23.9,0.75,4917617.76
5/31/2001,23.6,0.66,4697425.92
6/1/2001,23.5,0.66,4403836.8
6/2/2001,24,0.68,4991015.04
6/3/2001,24.5,0.8,5700522.08
6/4/2001,25.6,0.73,6630220.96
6/5/2001,26,0.66,7608851.36
6/6/2001,26.8,0.65,8073700.8
6/7/2001,26.9,0.46,8342824.16
6/8/2001,26.4,0.38,8440687.2
6/9/2001,26.2,0.36,7804577.44
6/10/2001,27,0.37,6312166.08
6/11/2001,27.4,0.42,4697425.92
6/12/2001,27,0.45,3669864
6/13/2001,26.9,0.52,3009288.48
6/14/2001,26.3,0.47,3107151.52
6/15/2001,26.1,0.58,5969645.44
6/16/2001,26.1,0.92,9492714.88
6/17/2001,26.1,1.1,14092277.76
6/18/2001,26.4,1,14654990.24
6/19/2001,26.7,0.81,14850716.32
6/20/2001,27.4,0.59,14826250.56
6/21/2001,27.9,0.47,14899647.84
6/22/2001,28,0.33,14948579.36
6/23/2001,27.8,0.25,15095373.92
6/24/2001,27.3,0.24,15095373.92
6/25/2001,27.1,0.24,14630524.48
6/26/2001,27.4,0.34,13872085.92
6/27/2001,28,0.38,9370386.08
6/28/2001,28.1,0.42,8147098.08
7/2/2001,26.9,0.33,4305973.76
7/7/2001,26.8,0.65,3669864
7/8/2001,26.2,0.51,4819754.72
7/9/2001,26.9,0.47,6410029.12
7/10/2001,28.3,0.47,7241864.96
7/11/2001,28.6,0.33,7608851.36
7/12/2001,28.2,0.28,7584385.6
7/13/2001,27.2,1.6,6654686.72
7/14/2001,26.6,1.7,5822850.88
7/15/2001,27,1.9,5847316.64
7/16/2001,27,1.6,6165371.52
7/17/2001,26.5,1.7,5431398.72
7/18/2001,26.7,1.8,4012384.64
7/19/2001,26.9,2,3058220
7/20/2001,26.8,0.44,2568904.8
7/21/2001,26.4,0.48,2387858.176
7/22/2001,26.6,0.48,2250849.92
7/23/2001,27,0.53,2121181.392
7/24/2001,27.3,0.56,2020871.776
7/25/2001,27.8,2.5,2037997.808
7/26/2001,27.9,2.2,2011085.472
7/27/2001,27,2.4,1945027.92
7/28/2001,26.3,2.2,2206811.552
7/29/2001,26.1,2.2,2715699.36
7/30/2001,25.8,2,5749453.6
7/31/2001,25.8,1.9,8489618.72
8/1/2001,26,0.38,9394851.84
8/2/2001,26.2,0.31,10079893.12
8/3/2001,26.5,0.25,11131920.8
8/4/2001,26.9,0.23,10471345.28
8/5/2001,27.7,0.23,8954468.16
8/6/2001,28.7,0.25,7437591.04
8/7/2001,29.3,0.26,5700522.08
8/8/2001,29.3,0.27,4257042.24
8/9/2001,29.2,1.1,3498603.68
8/10/2001,29.8,1.2,3107151.52
8/11/2001,29.8,1.2,2715699.36
8/12/2001,29.4,1.1,2617836.32
8/13/2001,29.5,1.2,2960356.96
8/14/2001,28.5,1.1,5113343.84
8/15/2001,28.2,1.1,6825947.04
8/16/2001,28.2,0.96,8269426.88
8/17/2001,28.6,0.96,9003399.68
8/18/2001,29.1,0.9,9810769.76
8/19/2001,28.4,0.85,12453071.84
8/20/2001,27.8,0.84,14263538.08
8/21/2001,27.6,0.84,16881374.4
8/22/2001,27.9,0.8,18716306.4
8/23/2001,28.5,0.84,17982333.6
8/24/2001,27.6,0.84,15976141.28
8/25/2001,26.9,0.87,14679456
8/26/2001,26.8,0.92,10104358.88
8/27/2001,27,0.96,7290796.48
8/28/2001,27.3,1,6067508.48
8/29/2001,27.3,1.1,5235672.64
8/31/2001,27.2,0.46,4550631.36
9/1/2001,26.8,0.49,4452768.32
9/2/2001,26.9,0.5,4599562.88
9/3/2001,26.7,0.5,5406932.96
9/4/2001,26.4,0.53,5822850.88
9/5/2001,26.4,0.52,5529261.76
9/6/2001,26.2,0.62,5015480.8
9/7/2001,26.4,0.56,4501699.84
9/8/2001,26.5,0.52,4036850.4
9/9/2001,26.6,0.52,3694329.76
9/10/2001,27.3,0.53,3547535.2
9/11/2001,27.5,0.56,3523069.44
9/12/2001,26.9,0.58,3694329.76
9/13/2001,26.1,0.61,4036850.4
9/15/2001,24.3,0.59,4232576.48
9/16/2001,23.1,0.53,4183644.96
9/17/2001,22.4,0.53,3914521.6
9/18/2001,23,0.47,3523069.44
9/19/2001,23.3,0.52,3082685.76
9/20/2001,23.9,0.55,2911425.44
9/21/2001,24.3,0.63,2740165.12
9/23/2001,25.2,0.78,2441682.848
9/24/2001,25.9,0.79,2368285.568
9/25/2001,25.2,0.66,2495507.52
9/26/2001,23.4,0.58,2617836.32
9/27/2001,22.4,0.68,3033754.24
9/28/2001,22.2,0.66,3743261.28
9/29/2001,21.6,0.58,4232576.48
9/30/2001,20.6,0.51,3841124.32
10/1/2001,20,0.6,3327343.36
10/2/2001,19.4,0.52,3009288.48
10/3/2001,20.3,0.5,2886959.68
10/4/2001,20.2,0.58,2764630.88
10/5/2001,20.8,0.7,2593370.56
10/6/2001,21.3,0.67,2375625.296
10/8/2001,19.4,0.54,2356052.688
10/9/2001,18.3,0.52,2387858.176
10/10/2001,18.6,0.52,2568904.8
10/11/2001,19.6,0.59,2593370.56
10/16/2001,20.9,0.44,2113841.664
10/17/2001,19.8,0.47,1991512.864
10/19/2001,18.1,0.58,2960356.96
10/21/2001,19.4,0.64,2495507.52
10/22/2001,20.3,0.51,2177452.64
10/23/2001,21.3,0.55,2042890.96
10/25/2001,19.9,0.66,1839825.152
10/26/2001,19.3,0.63,1798233.36
10/27/2001,17.5,0.64,1729729.232
10/28/2001,15.4,0.7,1634312.768
10/29/2001,14.5,0.68,1688137.44
10/30/2001,13.9,0.65,1595167.552
10/31/2001,14.3,0.61,1578041.52
11/1/2001,14.9,0.56,1570701.792
11/2/2001,15.9,0.59,1580488.096
11/7/2001,14.5,0.54,1712603.2
11/8/2001,14.6,0.61,1678351.136
11/9/2001,14.7,0.61,1651438.8
11/10/2001,14.9,0.62,1739515.536
11/11/2001,14.8,0.6,1587827.824
11/13/2001,13.8,0.4,1563362.064
11/14/2001,13.6,0.45,1524216.848
11/15/2001,13.9,0.41,1465499.024
11/16/2001,14.4,0.47,1487518.208
11/17/2001,14.8,0.48,1477731.904
11/18/2001,14.7,0.54,1541342.88
11/19/2001,14.5,0.61,1531556.576
11/20/2001,14.9,0.66,1443479.84
11/21/2001,14.3,0.66,1558468.912
11/22/2001,13.8,0.53,1511983.968
11/23/2001,13.6,0.49,1487518.208
11/24/2001,14.3,0.48,1629419.616
11/26/2001,15.8,0.44,2025764.928
11/27/2001,16.7,0.42,2297334.864
11/28/2001,17.1,0.47,2862493.92
11/30/2001,17,0.47,3253946.08
12/1/2001,17.7,0.44,3009288.48
12/2/2001,17.8,0.42,2715699.36
12/3/2001,16.9,0.4,2568904.8
12/5/2001,15.6,0.45,2263082.8
12/6/2001,15.9,0.5,2116288.24
12/7/2001,16.5,0.54,2040444.384
12/8/2001,16.9,0.57,1986619.712
12/9/2001,16.8,0.58,1898542.976
12/10/2001,15.6,0.23,1964600.528
12/19/2001,14.6,0.55,2642302.08
12/20/2001,13.9,0.52,2495507.52
1/10/2002,6.3,0.7,7046138.88
1/18/2002,8.6,0.75,7266330.72
1/19/2002,8.9,0.71,6581289.44
1/20/2002,8.6,0.73,6043042.72
1/21/2002,8.4,0.78,5920713.92
1/22/2002,8.4,0.78,6581289.44
1/23/2002,8.8,0.78,7975837.76
1/24/2002,9.9,0.8,9884167.04
1/25/2002,10.9,0.75,13651894.08
1/26/2002,10.3,0.8,16000607.04
1/27/2002,10.3,0.77,18324854.24
1/28/2002,11.1,0.71,19890662.88
1/29/2002,11.4,0.62,20893759.04
1/30/2002,11.4,0.55,21480937.28
1/31/2002,12.3,0.47,22239375.84
2/1/2002,12.4,0.41,22753156.8
2/2/2002,13.8,0.4,21407540
2/3/2002,12.5,0.41,19107758.56
2/4/2002,8.631188769,0.42,15070908.16
2/5/2002,5.162266693,0.47,10275619.2
2/6/2002,9.4,0.49,7829043.2
2/7/2002,12.59567114,0.48,7021673.12
2/8/2002,12.59567114,0.58,7144001.92
2/9/2002,11.60455055,0.64,7731180.16
2/10/2002,15.07347262,0.72,8440687.2
2/11/2002,11.60455055,0.66,9492714.88
2/12/2002,10.61342995,0.61,12135016.96
2/13/2002,10.61342995,0.59,13774222.88
2/14/2002,10.11786966,0.57,14288003.84
2/15/2002,13.09123144,0.56,13774222.88
2/16/2002,15.07347262,0.57,11327646.88
2/17/2002,11.10899025,0.6,8636413.28
2/18/2002,7.640068176,0.6,7731180.16
2/19/2002,8.631188769,0.63,6948275.84
2/20/2002,15.56903292,0.7,6214303.04
2/21/2002,17.05571381,0.69,5773919.36
2/22/2002,12.3,0.72,5358001.44
2/23/2002,11.7,0.73,4942083.52
2/24/2002,10.6,0.71,4746357.44
2/25/2002,10.6,0.7,4648494.4
2/26/2002,11,0.71,4501699.84
2/27/2002,11.4,0.72,4281508
2/28/2002,10,0.7,3914521.6
3/1/2002,9.2,0.68,3792192.8
3/2/2002,9.5,0.68,3767727.04
3/3/2002,11.4,0.58,6654686.72
3/4/2002,11.4,0.72,8024769.28
3/5/2002,10.4,0.86,8147098.08
3/6/2002,10.3,0.8,8391755.68
3/7/2002,10.9,0.77,8563016
3/8/2002,13.4,0.71,8416221.44
3/9/2002,14.1,0.61,7902440.48
3/10/2002,14.2,0.6,7168467.68
3/11/2002,13.4,0.57,6336631.84
3/12/2002,13.2,0.58,5749453.6
3/13/2002,13.9,0.6,5504796
3/14/2002,14.9,0.64,6483426.4
3/15/2002,16,0.65,7217399.2
3/16/2002,16.7,0.75,7241864.96
3/17/2002,16.8,0.68,7070604.64
3/18/2002,16.3,0.64,6899344.32
3/19/2002,15.8,0.6,6581289.44
3/20/2002,15.9,0.59,6336631.84
4/3/2002,19.6,0.64,15119839.68
4/4/2002,18.2,0.52,16245264.64
4/5/2002,17.1,0.45,17248360.8
4/6/2002,16.4,0.38,18153593.92
4/7/2002,15.8,0.31,19230087.36
4/8/2002,16,0.23,19939594.4
4/9/2002,17.5,0.25,19009895.52
4/10/2002,18,0.34,16294196.16
4/11/2002,18.1,0.43,14581592.96
4/12/2002,18.8,0.52,10471345.28
4/13/2002,19.5,0.54,8978933.92
4/14/2002,20.1,0.54,8881070.88
4/15/2002,20.2,0.53,8416221.44
4/16/2002,20.5,0.52,7951372
4/17/2002,21,0.53,7584385.6
4/18/2002,21.7,0.54,7095070.4
4/19/2002,20.7,0.52,6556823.68
4/20/2002,20.6,0.51,6116440
4/21/2002,22.3,0.53,5847316.64
4/22/2002,23.2,0.58,5651590.56
4/23/2002,22.1,0.56,5309069.92
4/24/2002,20.7,0.56,5015480.8
4/25/2002,20.3,0.55,4697425.92
4/26/2002,20,0.58,4159179.2
4/27/2002,19.6,0.6,3890055.84
4/28/2002,20.2,0.64,3620932.48
4/29/2002,21.3,0.7,3351809.12
4/30/2002,21.4,0.68,3156083.04
5/1/2002,21.4,0.67,2984822.72
5/2/2002,22.1,0.7,2886959.68
5/3/2002,23,0.75,2617836.32
5/4/2002,21.9,0.74,2568904.8
5/5/2002,20.6,0.73,2691233.6
5/6/2002,20.3,0.74,2764630.88
5/7/2002,21.6,0.67,2813562.4
5/8/2002,23.2,0.64,2764630.88
5/9/2002,25.48023885,0.64,2935891.2
5/10/2002,27.46248004,0.62,2886959.68
5/11/2002,22.50687707,0.62,2593370.56
5/12/2002,24.98467855,0.63,2446576
5/13/2002,25.48023885,0.57,2219044.432
5/14/2002,18.5423947,0.55,2214151.28
5/15/2002,24.3,0.54,2089375.904
5/16/2002,19.53351529,0.57,2143200.576
5/17/2002,23.00243737,0.53,2003745.744
5/18/2002,22.9,0.54,1991512.864
5/19/2002,21.5,0.51,2042890.96
5/20/2002,20.1,0.45,2145647.152
5/21/2002,19.6,0.48,2111395.088
5/22/2002,19.1,0.53,1935241.616
5/23/2002,19.4,0.52,1891203.248
5/24/2002,20.5,0.53,1766427.872
5/25/2002,21.5,0.48,1658778.528
5/26/2002,22.8,0.45,1519323.696
5/27/2002,23.2,0.44,1423907.232
5/28/2002,24.1,0.43,1362742.832
5/29/2002,24.2,0.4,1328490.768
5/30/2002,24.3,0.35,1414120.928
5/31/2002,25.1,0.35,1534003.152
6/1/2002,26.1,0.37,1710156.624
6/2/2002,26.2,0.46,1903436.128
6/3/2002,27.3,0.47,1759088.144
6/4/2002,27.3,0.46,1697923.744
6/5/2002,27.1,0.44,1480178.48
6/6/2002,27,0.42,1414120.928
6/7/2002,26.6,0.19,1470392.176
6/8/2002,25,0.27,1607400.432
6/9/2002,24.6,0.43,1651438.8
6/10/2002,25.5,0.46,1480178.48
6/11/2002,26.2,0.37,1492411.36
6/12/2002,25.7,0.45,1433693.536
6/13/2002,26.6,0.44,1291792.128
6/14/2002,27,0.35,1304025.008
6/15/2002,26.9,0.28,1428800.384
6/16/2002,27.5,0.35,1521770.272
6/17/2002,27.2,0.34,1526663.424
6/18/2002,27,0.42,1406781.2
6/19/2002,26.1,0.38,1343170.224
6/20/2002,25.6,0.3,1350509.952
6/21/2002,25.2,0.36,1396994.896
6/22/2002,25.2,0.45,1443479.84
6/23/2002,25.8,0.48,1323597.616
6/24/2002,26.1,0.39,1198822.24
6/25/2002,26.2,0.41,1135211.264
6/27/2002,26.4,0.21,831835.84
6/29/2002,27.3,0.28,1159677.024
6/30/2002,28.2,0.3,1406781.2
7/1/2002,28.3,0.39,1507090.816
7/2/2002,28.8,0.31,1631866.192
7/3/2002,28.8,0.3,1859397.76
7/4/2002,27.9,0.35,1771321.024
7/5/2002,28.1,0.49,1580488.096
7/6/2002,28.5,0.46,1521770.272
7/7/2002,28.4,0.48,1502197.664
7/8/2002,28.6,0.36,1392101.744
7/9/2002,28.7,0.42,1162123.6
7/10/2002,28.3,0.29,1118085.232
7/11/2002,27.6,0.37,1458159.296
7/12/2002,26.6,0.42,1580488.096
7/13/2002,26.3,0.34,1556022.336
7/14/2002,26.6,0.37,1475285.328
7/15/2002,27.2,0.39,2292441.712
7/16/2002,27.7,0.44,2666767.84
7/17/2002,27.7,0.53,2471041.76
7/18/2002,28,0.43,2106501.936
7/19/2002,28.1,0.37,1844718.304
7/20/2002,28.3,0.33,1656331.952
7/21/2002,29.2,0.28,1521770.272
7/22/2002,29.6,0.26,1399441.472
7/23/2002,29.1,0.21,1306471.584
7/24/2002,28.8,0.34,1318704.464
7/25/2002,28.5,0.28,1582934.672
7/26/2002,28.6,0.28,1849611.456
7/27/2002,28.8,0.3,2194578.672
7/28/2002,28.6,0.43,3033754.24
7/29/2002,28.5,0.43,3620932.48
7/30/2002,29.2,0.46,4061316.16
7/31/2002,30.4,0.47,3718795.52
8/1/2002,30.4,0.4,3253946.08
8/2/2002,30.8,0.38,2740165.12
8/3/2002,30,0.36,2231277.312
8/4/2002,29.7,0.31,1932795.04
8/5/2002,29.3,0.22,1651438.8
8/6/2002,29.2,0.27,1396994.896
8/7/2002,28.1,0.35,1472838.752
8/8/2002,27.1,0.32,1338277.072
8/9/2002,26.1,0.35,1279559.248
8/10/2002,25.9,0.19,1206161.968
8/11/2002,26.2,0.26,1120531.808
8/12/2002,26.8,0.28,1078940.016
8/13/2002,26.9,0.17,971290.672
8/14/2002,27.4,0.04,951718.064
8/15/2002,27.6,0.07,988416.704
8/16/2002,27.8,0.18,1027561.92
8/17/2002,27.7,0.1,941931.76
8/18/2002,27.8,0.04,1105852.352
8/19/2002,29.44472122,0.1,1086279.744
8/20/2002,28.45360063,0.15,1316257.888
8/21/2002,28.6,0.17,1565808.64
8/22/2002,28.3,0.22,1570701.792
8/23/2002,28.4,0.02,1492411.36
8/24/2002,28.8,0.2,1467945.6
8/25/2002,29,0.14,1406781.2
8/26/2002,29.3,0.18,1467945.6
8/27/2002,28.9,0.13,1541342.88
8/28/2002,28.2,0.26,1553575.76
8/29/2002,27.6,0.29,1724836.08
8/30/2002,27.5,0.26,3107151.52
8/31/2002,27,0.24,3963453.12
9/1/2002,26.7,0.29,4305973.76
9/2/2002,26.3,0.21,4550631.36
9/3/2002,26.1,0.26,5553727.52
9/4/2002,26.5,0.22,6850412.8
9/5/2002,27.1,0.22,7755645.92
9/6/2002,27.7,0.16,7755645.92
9/7/2002,27,0.2,7144001.92
9/8/2002,26.6,0.15,6312166.08
9/9/2002,26,0.12,5602659.04
9/11/2002,25.5,0.08,3963453.12
9/12/2002,25.8,0.08,2960356.96
9/13/2002,25.5,0.06,2495507.52
9/14/2002,25.6,0.09,2179899.216
9/15/2002,25.9,0.07,1940134.768
9/16/2002,26.3,0.05,1957260.8
9/17/2002,26.4,0.22,1959707.376
9/18/2002,26.9,0.24,2221491.008
9/19/2002,26.6,0.49,2740165.12
9/20/2002,26.6,0.35,3694329.76
9/21/2002,27,0.31,4159179.2
9/22/2002,27.3,0.26,3743261.28
9/23/2002,27.2,0.2,3278411.84
9/24/2002,26.3,0.12,2960356.96
9/25/2002,25.6,0.21,2666767.84
9/26/2002,25,0.2,2568904.8
9/27/2002,25.5,0.21,2238617.04
9/28/2002,26.1,0.21,1967047.104
9/29/2002,25.8,0.26,2035551.232
9/30/2002,25.6,0.27,1981726.56
10/1/2002,25.4,0.25,1945027.92
10/2/2002,25.5,0.22,1773767.6
10/3/2002,25.4,0.21,1666118.256
10/4/2002,25.9,0.28,1548682.608
10/5/2002,26.1,0.29,1565808.64
10/6/2002,26.4,0.28,1465499.024
10/7/2002,26.3,0.24,1485071.632
10/8/2002,25.8,0.13,1387208.592
10/9/2002,24.7,0.34,1541342.88
10/10/2002,24.6,0.32,1377422.288
10/11/2002,24.4,0.32,1431246.96
10/12/2002,24.2,0.4,1602507.28
10/13/2002,23.9,0.38,1925455.312
10/14/2002,23.6,0.47,3009288.48
10/15/2002,22.2,0.49,6116440
10/16/2002,21.6,0.47,8024769.28
10/17/2002,20.9,0.4,8930002.4
10/18/2002,20.5,0.33,9345920.32
10/19/2002,20.3,0.3,9566112.16
10/20/2002,20,0.3,9248057.28
10/21/2002,19.8,0.3,7926906.24
10/22/2002,19.7,0.29,6067508.48
11/25/2002,12.6,0.26,19621539.52
1/1/2003,9.3,0.34,18349320
1/2/2003,10,0.34,18275922.72
1/3/2003,10.2,0.35,17884470.56
1/4/2003,9.3,0.36,17517484.16
1/5/2003,8.6,0.37,17126032
1/6/2003,8.6,0.36,17174963.52
1/7/2003,7.7,0.34,17346223.84
1/8/2003,6.9,0.33,17566415.68
1/9/2003,7.5,0.33,17517484.16
1/10/2003,8.2,0.34,17077100.48
1/11/2003,7.7,0.37,16000607.04
1/12/2003,6.7,0.39,13945483.2
1/13/2003,6.8,0.44,10079893.12
1/14/2003,6.3,0.5,7829043.2
1/15/2003,6.4,0.51,6874878.56
1/16/2003,5.8,0.53,6165371.52
1/17/2003,5.7,0.55,5749453.6
1/18/2003,4.8,0.55,5455864.48
1/20/2003,11.60455055,0.59,5186741.12
1/21/2003,4.6,0.62,5113343.84
1/22/2003,4.3,0.61,5064412.32
1/23/2003,3.3,0.65,4991015.04
1/24/2003,1.5,0.64,4917617.76
1/25/2003,1.3,0.65,4795288.96
1/26/2003,1.7,0.64,4672960.16
1/27/2003,2.1,0.64,4501699.84
1/28/2003,1.9,0.67,4428302.56
2/6/2003,7.640068176,0.62,8049235.04
2/12/2003,5.7,0.48,14018880.48
2/19/2003,5.7,0.58,22826554.08
2/24/2003,10.7,0.7,19915128.64
3/5/2003,11.6,0.52,24416828.48
3/11/2003,11.4,0.5,34252064
3/18/2003,14.5,0.4,26423020.8
3/26/2003,17.3,0.53,35475352
4/3/2003,15.9,0.39,21505403.04
4/8/2003,16.5,0.3,18716306.4
4/15/2003,15.7,0.56,41102476.8
4/21/2003,17.8,0.35,35964667.2
4/29/2003,20.5,0.32,20086388.96
5/8/2003,22.3,0.28,19230087.36
5/13/2003,22.2,0.38,13921017.44
5/20/2003,20.7,0.7,7657782.88
5/29/2003,21.9,0.66,30826857.6
6/2/2003,21.7,0.45,31316172.8
6/10/2003,26,0.31,18324854.24
6/18/2003,27,0.28,14826250.56
6/23/2003,26.2,0.4,8563016
7/1/2003,28.6,0.48,4452768.32
7/9/2003,28.8,0.24,17052634.72
7/16/2003,27.9,0.35,18080196.64
7/23/2003,27.5,0.33,15707017.92
7/31/2003,27.8,0.51,6899344.32
8/7/2003,27.1,0.39,10349016.48
8/13/2003,27.7,0.32,17566415.68
8/20/2003,28,0.15,41347134.4
8/28/2003,27.4,0.28,16000607.04
9/3/2003,29.3,0.6,4403836.8
9/11/2003,23.4,0.56,5039946.56
9/15/2003,24.1,0.65,4281508
9/22/2003,22.9,0.36,12086085.44
9/30/2003,23,0.3,10569208.32
10/7/2003,21.3,0.47,5015480.8
10/14/2003,21.2,0.68,6336631.84
10/21/2003,19.1,0.58,4819754.72
10/29/2003,18.2,0.5,9101262.72
11/4/2003,18.7,0.51,18765237.92
11/10/2003,16,0.49,11131920.8
11/18/2003,14,0.59,5480330.24
11/25/2003,15.4,0.46,11768030.56
12/1/2003,12,0.59,6410029.12
12/9/2003,7.5,0.76,7951372
12/15/2003,8.5,0.68,20257649.28
12/22/2003,6.2,0.73,28135624
12/30/2003,8.5,0.79,16440990.72
1/5/2004,10.5,0.86,9321454.56
1/12/2004,4.9,0.78,7315262.24
1/20/2004,6.1,0.9,6140905.76
1/28/2004,3.9,0.83,6263234.56
2/2/2004,3.6,0.93,7608851.36
2/9/2004,7.8,0.7,10911728.96
2/19/2004,6.7,0.61,19841731.36
2/23/2004,9.1,0.67,19646005.28
3/1/2004,8.3,0.97,14924113.6
3/9/2004,13.1,0.61,11547838.72
3/15/2004,12.2,0.64,7535454.08
3/23/2004,11.8,0.51,11890359.36
3/29/2004,14.3,0.55,6825947.04
4/6/2004,12.6,0.66,6067508.48
4/14/2004,17.6,0.78,9663975.2
4/20/2004,19.7,0.44,11131920.8
4/27/2004,21.6,0.54,6140905.76
5/4/2004,20.3,0.79,12355208.8
5/10/2004,24.2,0.36,23046745.92
5/19/2004,24.7,0.69,3718795.52
5/24/2004,24.8,0.74,3376274.88
6/2/2004,26.5,0.49,3547535.2
6/7/2004,27.4,0.66,6043042.72
6/15/2004,26.1,0.44,8196029.6
6/22/2004,27.7,0.48,4868686.24
6/28/2004,28.1,0.6,7217399.2
7/6/2004,29.3,0.5,9076796.96
7/12/2004,29.4,0.38,5309069.92
7/19/2004,28.2,0.51,2960356.96
7/26/2004,29.1,0.57,2984822.72
8/2/2004,29.2,0.56,3572000.96
8/11/2004,28,0.34,7755645.92
8/16/2004,25.6,0.32,17493018.4
8/23/2004,26.3,0.13,20379978.08
8/30/2004,26.9,0.3,9835235.52
9/7/2004,26.3,0.1,18006799.36
9/15/2004,24.7,0.2,16563319.52
9/21/2004,21.9,0.36,11719099.04
9/27/2004,23.7,0.33,9688440.96
10/4/2004,24.9,0.5,5773919.36
10/13/2004,21.8,0.54,3156083.04
10/18/2004,19.3,0.6,5749453.6
10/26/2004,17.2,0.6,3205014.56
11/3/2004,19.8,0.71,2471041.76
11/8/2004,17.2,0.59,2471041.76
11/15/2004,12.6,0.71,5920713.92
11/22/2004,13.8,0.38,4819754.72
11/29/2004,12.7,0.47,8709810.56
12/9/2004,14,0.46,7877974.72
12/13/2004,12.4,0.53,6703618.24
12/21/2004,6.7,0.46,8587481.76
12/27/2004,5.1,0.55,7144001.92
1/6/2005,8.6,0.61,8416221.44
1/12/2005,11,0.49,5994111.2
1/20/2005,5.6,0.41,14703921.76
1/25/2005,3.5,0.46,16049538.56
1/31/2005,3.6,0.7,8440687.2
2/8/2005,6,0.63,10446879.52
2/15/2005,8.1,0.56,6605755.2
2/21/2005,9.1,0.69,5798385.12
3/4/2005,7.1,0.62,10813865.92
3/8/2005,9.7,0.44,13064715.84
3/15/2005,10.1,0.41,10985126.24
3/22/2005,11.2,0.63,16734579.84
3/31/2005,16.3,0.35,17395155.36
4/5/2005,16,0.31,17395155.36
4/12/2005,16.6,0.3,14606058.72
4/19/2005,14,0.48,18593977.6
4/26/2005,15.1,0.55,7437591.04
5/4/2005,18.8,0.73,3694329.76
5/9/2005,18,1.2,13040250.08
5/17/2005,22.2,0.65,7731180.16
5/25/2005,21.2,0.66,5382467.2
6/1/2005,21.9,0.63,2617836.32
6/7/2005,22.6,0.73,3645398.24
6/13/2005,27.5,1.3,6287700.32
6/20/2005,25.3,0.53,2157880.032
6/27/2005,27,0.42,1556022.336
7/5/2005,28.9,0.57,3058220
7/11/2005,29.6,0.43,2177452.64
7/18/2005,28.8,0.44,2404984.208
7/25/2005,30,0.7,9663975.2
8/1/2005,28.9,0.49,6997207.36
8/9/2005,28.9,0.48,2960356.96
8/15/2005,31,0.43,5431398.72
8/24/2005,29.5,0.6,2091822.48
8/30/2005,28.6,0.62,2023318.352
10/3/2005,24.8,0.51,1384762.016
10/11/2005,23.6,0.71,11645701.76
10/18/2005,20.4,0.68,3058220
10/25/2005,18.5,0.89,8881070.88
10/31/2005,14.5,0.9,4159179.2
11/8/2005,18.9,0.89,2055123.84
11/15/2005,17.1,0.77,1737068.96
11/21/2005,13.6,0.6,2162773.184
11/29/2005,12,0.43,5455864.48
12/5/2005,12.2,0.51,8587481.76
12/12/2005,8.9,0.7,13089181.6
12/19/2005,7.8,0.95,11596770.24
12/29/2005,8.5,1.2,8514084.48
1/3/2006,10.4,0.82,11034057.76
1/10/2006,9.4,0.82,10373482.24
1/17/2006,9.2,0.86,8073700.8
1/23/2006,11.4,0.78,8611947.52
1/30/2006,10,0.86,8073700.8
2/7/2006,9.4,0.83,7535454.08
2/15/2006,8.3,0.84,5602659.04
2/21/2006,8.8,0.83,4159179.2
2/28/2006,8.6,0.79,6214303.04
3/7/2006,10.2,0.68,3572000.96
3/13/2006,14.7,0.61,3082685.76
3/20/2006,12.8,0.57,2519973.28
3/30/2006,13.9,0.48,4305973.76
4/4/2006,16.8,0.55,3131617.28
4/10/2006,16.8,0.53,3645398.24
4/18/2006,20.4,0.57,2285101.984
4/25/2006,22,0.49,2519973.28
5/2/2006,17.2,0.49,9419317.6
5/9/2006,19.1,0.61,7021673.12
5/16/2006,21.1,0.44,8734276.32
5/23/2006,22.6,0.48,6997207.36
5/30/2006,26.7,0.59,3009288.48
6/6/2006,24.6,0.49,2319354.048
6/15/2006,24.9,0.55,4844220.48
6/19/2006,25.9,0.23,13358304.96
6/26/2006,27.6,0.07,29114254.4
7/5/2006,27.2,0.19,13725291.36
7/11/2006,28.9,0.4,10838331.68
7/17/2006,29.1,0.36,6556823.68
7/24/2006,28.7,0.5,2740165.12
8/4/2006,30.4,0.29,5235672.64
8/7/2006,30.1,0.48,3253946.08
8/14/2006,27.1,0.56,3327343.36
8/21/2006,28.2,0.54,2642302.08
8/29/2006,28.9,0.44,2140754
9/6/2006,24.7,0.27,36209324.8
9/11/2006,24.9,0.23,22851019.84
9/20/2006,24.4,0.62,8318358.4
9/26/2006,23.8,0.52,5920713.92
10/4/2006,23.5,0.72,3596466.72
10/10/2006,22.3,0.82,4012384.64
10/17/2006,19.1,0.74,3205014.56
10/24/2006,17.3,0.56,5602659.04
10/31/2006,16.9,0.72,10764934.4
11/6/2006,12.8,0.47,5651590.56
11/16/2006,15.8,0.4,16710114.08
11/21/2006,12.6,0.2,28135624
11/28/2006,11.9,0.48,43549052.8
12/6/2006,11.4,0.43,23707321.44
12/12/2006,8.1,0.42,19841731.36
12/18/2006,11.1,0.69,12404140.32
12/27/2006,12.8,0.72,16489922.24
1/4/2007,12.1,0.42,29114254.4
1/8/2007,14.8,0.63,17811073.28
1/17/2007,11.4,0.56,16563319.52
1/23/2007,8.1,0.69,15291100
1/31/2007,5.9,0.81,16514388
2/5/2007,5.3,1.1,15193236.96
2/12/2007,5.7,1.1,10030961.6
2/19/2007,5.8,0.97,12820058.24
2/26/2007,9.8,0.86,9101262.72
3/6/2007,11.4,0.59,11498907.2
3/12/2007,13.1,0.42,11523372.96
3/19/2007,12.1,0.64,8856605.12
3/26/2007,17.2,0.25,13994414.72
