month,day,year,cdate,lat,long,count,segment,dischcf,dischcm,discbins,efish_distance
,,,,,,,,,,,
6,15,2018,15/06/2018,41.42125,-83.0762,0,LM,2170.208333,61.45335532,c,
,,,,,,,,,,,
6,15,2018,15/06/2018,41.42036,-83.08446,0,LM,2170.208333,61.45335532,c,
,,,,,,,,,,,
6,15,2018,15/06/2018,41.42041,-83.08381,0,LM,2170.208333,61.45335532,c,
,,,,,,,,,,,
6,27,2018,27/06/2018,41.42125,-83.0762,1,LM,526.875,14.919414,b,
,,,,,,,,,,,
6,27,2018,27/06/2018,41.42041,-83.08381,1,LM,526.875,14.919414,b,
,,,,,,,,,,,
6,27,2018,27/06/2018,41.41992,-83.07491,0,LM,526.875,14.919414,b,
,,,,,,,,,,,
6,27,2018,27/06/2018,41.41758,-83.08432,0,LM,526.875,14.919414,b,
,,,,,,,,,,,
8,23,2018,23/08/2018,41.41725,-83.08471,0,LM,269.0208333,7.617809132,a,
,,,,,,,,,,,
8,23,2018,23/08/2018,41.42024,-83.07612,0,LM,269.0208333,7.617809132,a,
,,,,,,,,,,,
8,23,2018,23/08/2018,41.41032,-83.07905,0,LM,269.0208333,7.617809132,a,
,,,,,,,,,,,
9,13,2018,13/09/2018,41.411732,-83.08069,0,LM,338.4583333,9.584056932,a,
,,,,,,,,,,,
9,13,2018,13/09/2018,41.417321,-83.08586,0,LM,338.4583333,9.584056932,a,
,,,,,,,,,,,
9,13,2018,13/09/2018,41.41985,-83.07481,0,LM,338.4583333,9.584056932,a,
,,,,,,,,,,,
9,13,2018,13/09/2018,41.40286,-83.08535,0,LM,338.4583333,9.584056932,a,
,,,,,,,,,,,
9,14,2018,14/09/2018,41.43538,-83.04153,0,M,265.7291667,7.524599668,a,
,,,,,,,,,,,
9,14,2018,14/09/2018,41.41433,-83.08588,1,LM,265.7291667,7.524599668,a,
,,,,,,,,,,,
9,14,2018,14/09/2018,41.41554,-83.08634,1,LM,265.7291667,7.524599668,a,
,,,,,,,,,,,
11,16,2018,16/11/2018,41.41601,-83.08644,0,LM,734.2708333,20.79220033,b,
,,,,,,,,,,,
11,16,2018,16/11/2018,41.42269,-83.06291,0,LM,734.2708333,20.79220033,b,
,,,,,,,,,,,
10,1,2019,10/1/2019,41.41836,-83.07214,0,LM,919.90625,26.0488013,b,
,,,,,,,,,,,
4,2,2019,4/2/2019,41.41965,-83.07388,0,LM,1126.9375,31.9112638,b,
,,,,,,,,,,,
4,3,2019,4/3/2019,41.3793,-83.09507,0,UM,618.875,17.5245596,b,
,,,,,,,,,,,
10,3,2019,10/3/2019,41.41837,-83.07217,2,LM,905.5,25.6408624,b,
,,,,,,,,,,,
10,3,2019,10/3/2019,41.41837,-83.07217,2,LM,905.5,25.6408624,b,
,,,,,,,,,,,
10,3,2019,10/3/2019,41.42007,-83.07529,0,LM,905.5,25.6408624,b,
,,,,,,,,,,,
4,23,2019,23/04/2019,41.41815,-83.08774,0,LM,8316.5625,235.498437,d,
,,,,,,,,,,,
4,24,2019,24/04/2019,41.37007,-83.09746,0,UM,4445.520833,125.8829243,c,
,,,,,,,,,,,
4,25,2019,25/04/2019,41.43704,-83.04034,0,M,1787.708333,50.62217932,c,
,,,,,,,,,,,
4,25,2019,25/04/2019,41.43719,-83.04134,0,M,1787.708333,50.62217932,c,
,,,,,,,,,,,
4,26,2019,26/04/2019,41.43601,-83.03011,0,M,3811.458333,107.9283033,c,
,,,,,,,,,,,
5,15,2019,15/05/2019,41.42008,-83.07553,1,LM,2743.125,77.676522,c,
,,,,,,,,,,,
5,15,2019,15/05/2019,41.4185,-83.07523,0,LM,2743.125,77.676522,c,
,,,,,,,,,,,
5,15,2019,15/05/2019,41.41942,-83.07997,0,LM,2743.125,77.676522,c,
,,,,,,,,,,,
5,21,2019,21/05/2019,41.41802,-83.08364,0,LM,1146.458333,32.46403132,b,
,,,,,,,,,,,
5,21,2019,21/05/2019,41.41966,-83.07347,0,LM,1146.458333,32.46403132,b,
,,,,,,,,,,,
5,29,2019,29/05/2019,41.41827,-83.0835,0,LM,1075.90625,30.4662221,b,
,,,,,,,,,,,
5,29,2019,29/05/2019,41.41516,-83.08519,0,LM,1075.90625,30.4662221,b,
,,,,,,,,,,,
5,31,2019,31/05/2019,41.34191,-83.10882,1,FM,1616.145833,45.76407832,b,
,,,,,,,,,,,
6,20,2019,20/06/2019,41.3507,-83.1098,0,FM,9324.375,264.036462,d,
,,,,,,,,,,,
6,20,2019,20/06/2019,41.35576,-83.10421,0,FM,9324.375,264.036462,d,
,,,,,,,,,,,
6,20,2019,20/06/2019,41.35445,-83.10703,0,FM,9324.375,264.036462,d,
,,,,,,,,,,,
6,25,2019,25/06/2019,41.35506,-83.10428,0,FM,1810.416667,51.26520668,c,
,,,,,,,,,,,
6,25,2019,25/06/2019,41.35192,-83.11195,0,FM,1810.416667,51.26520668,c,
,,,,,,,,,,,
6,25,2019,25/06/2019,41.35309,-83.11042,0,FM,1810.416667,51.26520668,c,
,,,,,,,,,,,
6,25,2019,25/06/2019,41.35622,-83.10557,0,FM,1810.416667,51.26520668,c,
,,,,,,,,,,,
6,25,2019,25/06/2019,41.34784,-83.11131,0,FM,1810.416667,51.26520668,c,
,,,,,,,,,,,
6,25,2019,25/06/2019,41.35416,-83.10455,0,FM,1810.416667,51.26520668,c,
,,,,,,,,,,,
6,25,2019,25/06/2019,41.35621,-83.10619,0,FM,1810.416667,51.26520668,c,
,,,,,,,,,,,
6,26,2019,26/06/2019,41.43628,-83.04121,0,M,1144.15625,32.3988437,b,
,,,,,,,,,,,
6,26,2019,26/06/2019,41.43466,-83.04232,0,M,1144.15625,32.3988437,b,
,,,,,,,,,,,
6,26,2019,26/06/2019,41.4384,-83.03847,0,M,1144.15625,32.3988437,b,
,,,,,,,,,,,
6,26,2019,26/06/2019,41.42006,-83.07517,0,LM,1144.15625,32.3988437,b,
,,,,,,,,,,,
6,26,2019,26/06/2019,41.41232,-83.07301,0,LM,1144.15625,32.3988437,b,
,,,,,,,,,,,
6,26,2019,26/06/2019,41.4141,-83.09228,0,LM,1144.15625,32.3988437,b,
,,,,,,,,,,,
6,26,2019,26/06/2019,41.41744,-83.08574,0,LM,1144.15625,32.3988437,b,
,,,,,,,,,,,
6,26,2019,26/06/2019,41.41693,-83.07201,0,LM,1144.15625,32.3988437,b,
,,,,,,,,,,,
6,26,2019,26/06/2019,41.41767,-83.08613,0,LM,1144.15625,32.3988437,b,
,,,,,,,,,,,
6,26,2019,26/06/2019,41.41554,-83.08978,1,LM,1144.15625,32.3988437,b,
,,,,,,,,,,,
8,7,2019,8/7/2019,41.41625,-83.08634,0,LM,1210.3125,34.272177,b,
,,,,,,,,,,,
8,7,2019,8/7/2019,41.42035,-83.07765,2,LM,1210.3125,34.272177,b,
,,,,,,,,,,,
8,7,2019,8/7/2019,41.42035,-83.07765,2,LM,1210.3125,34.272177,b,
,,,,,,,,,,,
8,7,2019,8/7/2019,41.41844,-83.07456,0,LM,1210.3125,34.272177,b,
,,,,,,,,,,,
8,7,2019,8/7/2019,41.4235,-83.06561,2,LM,1210.3125,34.272177,b,
,,,,,,,,,,,
8,7,2019,8/7/2019,41.4235,-83.06561,2,LM,1210.3125,34.272177,b,
,,,,,,,,,,,
7,17,2019,17/07/2019,41.43304,-83.04287,0,M,918.375,26.0054412,b,
,,,,,,,,,,,
7,17,2019,17/07/2019,41.41995,-83.07488,0,LM,918.375,26.0054412,b,
,,,,,,,,,,,
7,17,2019,17/07/2019,41.42211,-83.06541,1,LM,918.375,26.0054412,b,
,,,,,,,,,,,
7,17,2019,17/07/2019,41.4199,-83.07474,0,LM,918.375,26.0054412,b,
,,,,,,,,,,,
7,17,2019,17/07/2019,41.42339,-83.06598,0,LM,918.375,26.0054412,b,
,,,,,,,,,,,
7,17,2019,17/07/2019,41.41431,-83.08571,1,LM,918.375,26.0054412,b,
,,,,,,,,,,,
7,17,2019,17/07/2019,41.41753,-83.0889,0,LM,918.375,26.0054412,b,
,,,,,,,,,,,
7,17,2019,17/07/2019,41.41148,-83.08034,0,LM,918.375,26.0054412,b,
,,,,,,,,,,,
7,17,2019,17/07/2019,41.41294,-83.08411,0,LM,918.375,26.0054412,b,
,,,,,,,,,,,
7,17,2019,17/07/2019,41.41872,-83.08781,0,LM,918.375,26.0054412,b,
,,,,,,,,,,,
7,17,2019,17/07/2019,41.42246,-83.07283,0,LM,918.375,26.0054412,b,
,,,,,,,,,,,
7,18,2019,17/07/2019,41.35287,-83.10953,0,FM,918.375,26.0054412,b,
,,,,,,,,,,,
7,18,2019,17/07/2019,41.3533,-83.10579,0,FM,918.375,26.0054412,b,
,,,,,,,,,,,
7,18,2019,17/07/2019,41.34415,-83.11065,0,FM,918.375,26.0054412,b,
,,,,,,,,,,,
7,18,2019,17/07/2019,41.35067,-83.11078,0,FM,918.375,26.0054412,b,
,,,,,,,,,,,
7,18,2019,17/07/2019,41.35084,-83.11106,0,FM,918.375,26.0054412,b,
,,,,,,,,,,,
7,18,2019,17/07/2019,41.34238,-83.10861,0,FM,918.375,26.0054412,b,
,,,,,,,,,,,
7,18,2019,17/07/2019,41.34187,-83.10955,0,FM,918.375,26.0054412,b,
,,,,,,,,,,,
7,18,2019,17/07/2019,41.34174,-83.10864,0,FM,918.375,26.0054412,b,
,,,,,,,,,,,
7,18,2019,17/07/2019,41.34286,-83.10952,0,FM,918.375,26.0054412,b,
,,,,,,,,,,,
7,18,2019,17/07/2019,41.34169,-83.10878,0,FM,918.375,26.0054412,b,
,,,,,,,,,,,
7,18,2019,17/07/2019,41.35451,-83.10938,0,FM,918.375,26.0054412,b,
,,,,,,,,,,,
7,18,2019,17/07/2019,41.34272,-83.10917,0,FM,918.375,26.0054412,b,
,,,,,,,,,,,
7,24,2019,24/07/2019,41.3509,-83.10996,0,FM,5686.041667,161.0105047,d,
,,,,,,,,,,,
7,24,2019,24/07/2019,41.35181,-83.10792,0,FM,5686.041667,161.0105047,d,
,,,,,,,,,,,
7,24,2019,24/07/2019,41.35185,-83.11062,0,FM,5686.041667,161.0105047,d,
,,,,,,,,,,,
7,25,2019,25/07/2019,41.43803,-83.03212,0,M,3184.791667,90.18310868,c,
,,,,,,,,,,,
7,25,2019,25/07/2019,41.42006,-83.07516,0,LM,3184.791667,90.18310868,c,
,,,,,,,,,,,
7,25,2019,25/07/2019,41.42346,-83.06534,0,LM,3184.791667,90.18310868,c,
,,,,,,,,,,,
7,25,2019,25/07/2019,41.41838,-83.07219,1,LM,3184.791667,90.18310868,c,
,,,,,,,,,,,
7,25,2019,25/07/2019,41.41703,-83.07174,1,LM,3184.791667,90.18310868,c,
,,,,,,,,,,,
7,25,2019,25/07/2019,41.41747,-83.08892,0,LM,3184.791667,90.18310868,c,
,,,,,,,,,,,
7,31,2019,31/07/2019,41.41516,-83.08643,0,LM,296.5208333,8.396521132,a,
,,,,,,,,,,,
7,31,2019,31/07/2019,41.41347,-83.08516,0,LM,296.5208333,8.396521132,a,
,,,,,,,,,,,
7,31,2019,31/07/2019,41.41841,-83.07483,0,LM,296.5208333,8.396521132,a,
,,,,,,,,,,,
10,8,2019,10/8/2019,41.41837,-83.07216,1,LM,152.09375,4.3068083,a,
,,,,,,,,,,,
8,13,2019,13/08/2019,41.3532,-83.10555,0,FM,125,3.5396,a,
,,,,,,,,,,,
8,13,2019,13/08/2019,41.3568,-83.10463,0,FM,125,3.5396,a,
,,,,,,,,,,,
8,14,2019,14/08/2019,41.41161,-83.08086,0,LM,125,3.5396,a,
,,,,,,,,,,,
8,14,2019,14/08/2019,41.41888,-83.08236,0,LM,125,3.5396,a,
,,,,,,,,,,,
8,14,2019,14/08/2019,41.42005,-83.0752,0,LM,125,3.5396,a,
,,,,,,,,,,,
8,14,2019,14/08/2019,41.42022,-83.076,1,LM,125,3.5396,a,
,,,,,,,,,,,
8,14,2019,14/08/2019,41.42348,-83.0656,1,LM,125,3.5396,a,
,,,,,,,,,,,
8,14,2019,14/08/2019,41.41835,-83.07216,0,LM,125,3.5396,a,
,,,,,,,,,,,
10,9,2019,10/9/2019,41.43033,-83.07675,0,M,120,3.398016,a,
,,,,,,,,,,,
10,9,2019,10/9/2019,41.41835,-83.07204,0,LM,120,3.398016,a,
,,,,,,,,,,,
10,9,2019,10/9/2019,41.4235,-83.06534,0,LM,120,3.398016,a,
,,,,,,,,,,,
9,17,2019,17/09/2019,41.41692,-83.0859,0,LM,81.4,2.30498752,a,
,,,,,,,,,,,
9,17,2019,17/09/2019,41.4195,-83.07449,0,LM,81.4,2.30498752,a,
,,,,,,,,,,,
9,17,2019,17/09/2019,41.42279,-83.06388,0,LM,81.4,2.30498752,a,
,,,,,,,,,,,
9,19,2019,19/09/2019,41.4152,-83.08643,0,LM,69.4,1.96518592,a,
,,,,,,,,,,,
9,19,2019,19/09/2019,41.41859,-83.08277,0,LM,69.4,1.96518592,a,
,,,,,,,,,,,
9,19,2019,19/09/2019,41.42033,-83.07672,0,LM,69.4,1.96518592,a,
,,,,,,,,,,,
9,19,2019,19/09/2019,41.42346,-83.06538,0,LM,69.4,1.96518592,a,
,,,,,,,,,,,
9,30,2019,30/09/2019,41.41185,-83.08154,0,LM,122.0739583,3.456743862,a,
,,,,,,,,,,,
9,30,2019,30/09/2019,41.41946,-83.07986,0,LM,122.0739583,3.456743862,a,
,,,,,,,,,,,
9,30,2019,30/09/2019,41.42005,-83.07517,0,LM,122.0739583,3.456743862,a,
,,,,,,,,,,,
10,16,2019,16/10/2019,41.41462,-83.08607,0,LM,64.80520833,1.835076123,a,
,,,,,,,,,,,
10,16,2019,16/10/2019,41.40173,-83.09114,0,LM,64.80520833,1.835076123,a,
,,,,,,,,,,,
10,17,2019,17/10/2019,41.41954,-83.07373,0,LM,69.4,1.96518592,a,
,,,,,,,,,,,
10,18,2019,18/10/2019,41.41487,-83.08629,1,LM,67.85833333,1.921530853,a,
,,,,,,,,,,,
10,18,2019,18/10/2019,41.42035,-83.07705,1,LM,67.85833333,1.921530853,a,
,,,,,,,,,,,
10,18,2019,18/10/2019,41.42003,-83.07512,0,LM,67.85833333,1.921530853,a,
,,,,,,,,,,,
10,23,2019,23/10/2019,41.41483,-83.08622,0,LM,62.2,1.76130496,a,
,,,,,,,,,,,
10,23,2019,23/10/2019,41.41483,-83.08622,0,LM,62.2,1.76130496,a,
,,,,,,,,,,,
10,23,2019,23/10/2019,41.41662,-83.08618,0,LM,62.2,1.76130496,a,
,,,,,,,,,,,
10,23,2019,23/10/2019,41.41662,-83.08618,0,LM,62.2,1.76130496,a,
,,,,,,,,,,,
10,23,2019,23/10/2019,41.40396,-83.0823,1,LM,62.2,1.76130496,a,
,,,,,,,,,,,
10,24,2019,24/10/2019,41.37242,-83.09479,1,UM,62.2,1.76130496,a,
,,,,,,,,,,,
10,25,2019,25/10/2019,41.41856,-83.07206,0,LM,59.04791667,1.672048047,a,
,,,,,,,,,,,
10,25,2019,25/10/2019,41.42036,-83.0767,0,LM,59.04791667,1.672048047,a,
,,,,,,,,,,,
10,25,2019,25/10/2019,41.42285,-83.06359,0,LM,59.04791667,1.672048047,a,
,,,,,,,,,,,
10,25,2019,25/10/2019,41.41492,-83.08628,0,LM,59.04791667,1.672048047,a,
,,,,,,,,,,,
6,11,2019,6/11/2019,41.41671,-83.08486,0,LM,278.9479167,7.898912368,a,
,,,,,,,,,,,
6,11,2019,6/11/2019,41.42015,-83.07564,0,LM,278.9479167,7.898912368,a,
,,,,,,,,,,,
6,11,2019,6/11/2019,41.41846,-83.07437,0,LM,278.9479167,7.898912368,a,
,,,,,,,,,,,
6,11,2019,6/11/2019,41.35059,-83.11076,0,FM,278.9479167,7.898912368,a,
,,,,,,,,,,,
7,1,2020,7/1/2020,41.39472,-83.10539,0,UM,1305.833333,36.97702132,b,136.298
,,,,,,,,,,,
7,1,2020,7/1/2020,41.38845,-83.08579,0,UM,1305.833333,36.97702132,b,353.713
,,,,,,,,,,,
7,1,2020,7/1/2020,41.38644,-83.08879,4,UM,1305.833333,36.97702132,b,140.96
,,,,,,,,,,,
7,1,2020,7/1/2020,41.38497,-83.08497,0,UM,1305.833333,36.97702132,b,
,,,,,,,,,,,
9,1,2020,9/1/2020,41.42055112,-83.07152308,0,LM,679.6354167,19.24510017,b,425.657
,,,,,,,,,,,
9,1,2020,9/1/2020,41.41603221,-83.08642586,0,LM,679.6354167,19.24510017,b,514.06
,,,,,,,,,,,
9,1,2020,9/1/2020,41.39437926,-83.10718572,1,UM,679.6354167,19.24510017,b,259.016
,,,,,,,,,,,
9,1,2020,9/1/2020,41.39133655,-83.10146573,0,UM,679.6354167,19.24510017,b,334.271
,,,,,,,,,,,
9,1,2020,9/1/2020,41.39371217,-83.09941685,0,UM,679.6354167,19.24510017,b,168.922
,,,,,,,,,,,
7,2,2020,7/2/2020,41.35594,-83.10363,0,FM,1215,34.404912,b,433.357
,,,,,,,,,,,
7,2,2020,7/2/2020,41.3509,-83.11157,0,FM,1215,34.404912,b,619.481
,,,,,,,,,,,
9,2,2020,9/2/2020,41.38737482,-83.08486819,0,UM,947.3020833,26.82456363,b,345.362
,,,,,,,,,,,
9,2,2020,9/2/2020,41.38649818,-83.08900817,0,UM,947.3020833,26.82456363,b,298.58
,,,,,,,,,,,
9,2,2020,9/2/2020,41.38657795,-83.09389466,0,UM,947.3020833,26.82456363,b,484.198
,,,,,,,,,,,
9,2,2020,9/2/2020,41.37331792,-83.09472693,0,UM,947.3020833,26.82456363,b,377.591
,,,,,,,,,,,
9,2,2020,9/2/2020,41.35843866,-83.10012932,0,FM,947.3020833,26.82456363,b,351.56
,,,,,,,,,,,
9,2,2020,9/2/2020,41.3544843,-83.10489638,0,FM,947.3020833,26.82456363,b,380.63
,,,,,,,,,,,
10,2,2020,10/2/2020,41.40536022,-83.08032382,2,LM,1410.385417,39.93760178,b,530.802
,,,,,,,,,,,
8,4,2020,8/4/2020,41.44677,-83.01259,0,M,1248.21875,35.3455607,b,167.199
,,,,,,,,,,,
8,4,2020,8/4/2020,41.4498323,-83.02821768,0,M,1248.21875,35.3455607,b,367.468
,,,,,,,,,,,
8,4,2020,8/4/2020,41.43711,-83.04355,0,M,1248.21875,35.3455607,b,99.378
,,,,,,,,,,,
8,4,2020,8/4/2020,41.42524,-83.05013,0,M,1248.21875,35.3455607,b,106.406
,,,,,,,,,,,
8,4,2020,8/4/2020,41.42918949,-83.04821266,0,M,1248.21875,35.3455607,b,385.065
,,,,,,,,,,,
8,4,2020,8/4/2020,41.41869,-83.07098,0,LM,1248.21875,35.3455607,b,396.67
,,,,,,,,,,,
8,5,2020,8/5/2020,41.41848,-83.08298,0,LM,494.0416667,13.98967907,b,87.832
,,,,,,,,,,,
8,5,2020,8/5/2020,41.40170676,-83.09114703,0,LM,494.0416667,13.98967907,b,423.93
,,,,,,,,,,,
8,5,2020,8/5/2020,41.39011664,-83.10362342,1,UM,494.0416667,13.98967907,b,
,,,,,,,,,,,
8,5,2020,8/5/2020,41.39434,-83.1078,0,UM,494.0416667,13.98967907,b,73.932
,,,,,,,,,,,
10,5,2020,10/5/2020,41.44606756,-83.0271033,0,M,435.6875,12.3372758,b,600.248
,,,,,,,,,,,
10,5,2020,10/5/2020,41.43515447,-83.02950267,0,M,435.6875,12.3372758,b,299.385
,,,,,,,,,,,
10,5,2020,10/5/2020,41.43716841,-83.03410223,0,M,435.6875,12.3372758,b,416.463
,,,,,,,,,,,
10,5,2020,10/5/2020,41.43450995,-83.04214895,0,M,435.6875,12.3372758,b,367.621
,,,,,,,,,,,
10,5,2020,10/5/2020,41.42842831,-83.05684046,0,M,435.6875,12.3372758,b,297.147
,,,,,,,,,,,
10,5,2020,10/5/2020,41.42210038,-83.06420833,0,LM,435.6875,12.3372758,b,308.597
,,,,,,,,,,,
10,5,2020,10/5/2020,41.41875471,-83.0829867,0,LM,435.6875,12.3372758,b,390.251
,,,,,,,,,,,
10,5,2020,10/5/2020,41.42035432,-83.07754929,0,LM,435.6875,12.3372758,b,261.682
,,,,,,,,,,,
7,6,2020,7/6/2020,41.38565,-83.09558,5,UM,387.9791667,10.98632847,b,138.547
,,,,,,,,,,,
7,6,2020,7/6/2020,41.35069,-83.11092,0,FM,387.9791667,10.98632847,b,148.753
,,,,,,,,,,,
7,6,2020,7/6/2020,41.35334,-83.10535,0,FM,387.9791667,10.98632847,b,266.491
,,,,,,,,,,,
7,6,2020,7/6/2020,41.35617,-83.10425,0,FM,387.9791667,10.98632847,b,
,,,,,,,,,,,
8,6,2020,8/6/2020,41.39250332,-83.08904187,0,UM,459.9375,13.0239582,b,155.765
,,,,,,,,,,,
8,6,2020,8/6/2020,41.38919509,-83.10070327,0,UM,459.9375,13.0239582,b,
,,,,,,,,,,,
8,6,2020,8/6/2020,41.38941408,-83.08636572,1,UM,459.9375,13.0239582,b,159.063
,,,,,,,,,,,
8,6,2020,8/6/2020,41.38542,-83.0946,2,UM,459.9375,13.0239582,b,
,,,,,,,,,,,
8,6,2020,8/6/2020,41.35423007,-83.10461058,0,FM,459.9375,13.0239582,b,379.016
,,,,,,,,,,,
10,6,2020,10/6/2020,41.40335828,-83.08301383,0,LM,309.9166667,8.775848268,a,479.011
,,,,,,,,,,,
10,6,2020,10/6/2020,41.40177336,-83.09226939,0,LM,309.9166667,8.775848268,a,349.35
,,,,,,,,,,,
10,6,2020,10/6/2020,41.39440895,-83.10563661,0,UM,309.9166667,8.775848268,a,445.49
,,,,,,,,,,,
10,6,2020,10/6/2020,41.38719275,-83.08555058,2,UM,309.9166667,8.775848268,a,360.944
,,,,,,,,,,,
6,23,2020,23/06/2020,41.43233,-83.03317,0,M,633.0520833,17.92600923,b,1261.229
,,,,,,,,,,,
6,23,2020,23/06/2020,41.44555,-83.03305,0,M,633.0520833,17.92600923,b,130.2763
,,,,,,,,,,,
6,23,2020,23/06/2020,41.35607,-83.10356,0,FM,633.0520833,17.92600923,b,358.536
,,,,,,,,,,,
6,24,2020,24/06/2020,41.43317,-83.0427,0,M,668.3333333,18.92506133,b,
,,,,,,,,,,,
6,24,2020,24/06/2020,41.35437,-83.10795,0,FM,668.3333333,18.92506133,b,
,,,,,,,,,,,
6,25,2020,25/06/2020,41.37744,-83.09474,0,UM,452.6458333,12.81748153,b,118.9068
,,,,,,,,,,,
6,25,2020,25/06/2020,41.35958,-83.09943,0,FM,452.6458333,12.81748153,b,166.5398
,,,,,,,,,,,
6,29,2020,29/06/2020,41.43569,-83.03005,0,M,208.6666667,5.908772268,a,
,,,,,,,,,,,
6,29,2020,29/06/2020,41.43783,-83.04176,0,M,208.6666667,5.908772268,a,111.9798
,,,,,,,,,,,
6,30,2020,30/06/2020,41.44066,-83.03451,0,M,244.2708333,6.916968332,a,
,,,,,,,,,,,
6,30,2020,30/06/2020,41.4204,-83.07673,0,LM,244.2708333,6.916968332,a,106.7965
,,,,,,,,,,,
6,30,2020,30/06/2020,41.41833,-83.07182,0,LM,244.2708333,6.916968332,a,
,,,,,,,,,,,
6,30,2020,30/06/2020,41.41266,-83.08354,0,LM,244.2708333,6.916968332,a,161.2269
,,,,,,,,,,,
7,7,2020,7/7/2020,41.43233,-83.04323,0,M,93.92708333,2.659714433,a,98.421
,,,,,,,,,,,
7,7,2020,7/7/2020,41.37733,-83.09603,0,UM,93.92708333,2.659714433,a,576.483
,,,,,,,,,,,
8,7,2020,8/7/2020,41.37341,-83.09472,0,UM,86.734375,2.45603995,a,401.534
,,,,,,,,,,,
8,7,2020,8/7/2020,41.36938,-83.10373,0,FM,86.734375,2.45603995,a,473.766
,,,,,,,,,,,
7,13,2020,13/07/2020,41.4236,-83.06623,0,LM,231.875,6.565958,a,154.96
,,,,,,,,,,,
7,13,2020,13/07/2020,41.38581,-83.09554,1,UM,231.875,6.565958,a,119.063
,,,,,,,,,,,
7,13,2020,13/07/2020,41.3696,-83.1048,0,FM,231.875,6.565958,a,400.793
,,,,,,,,,,,
7,14,2020,14/07/2020,41.43109,-83.04417,0,M,215.0104167,6.088406968,a,247.457
,,,,,,,,,,,
7,14,2020,14/07/2020,41.37956,-83.09518,0,UM,215.0104167,6.088406968,a,125.368
,,,,,,,,,,,
7,14,2020,14/07/2020,41.38934,-83.10489,0,UM,215.0104167,6.088406968,a,318.716
,,,,,,,,,,,
7,14,2020,14/07/2020,41.36038,-83.10079,1,FM,215.0104167,6.088406968,a,
,,,,,,,,,,,
7,15,2020,15/07/2020,41.38563,-83.09575,0,UM,159.3333333,4.511810132,a,140.163
,,,,,,,,,,,
7,15,2020,15/07/2020,41.37456,-83.09494,2,UM,159.3333333,4.511810132,a,154.711
,,,,,,,,,,,
7,15,2020,15/07/2020,41.37787,-83.09488,0,UM,159.3333333,4.511810132,a,523.038
,,,,,,,,,,,
7,15,2020,15/07/2020,41.37956,-83.09518,0,UM,159.3333333,4.511810132,a,125.368
,,,,,,,,,,,
7,16,2020,16/07/2020,41.38679,-83.09295,0,UM,117.3333333,3.322504532,a,256.057
,,,,,,,,,,,
7,16,2020,16/07/2020,41.35554,-83.10443,0,FM,117.3333333,3.322504532,a,376.118
,,,,,,,,,,,
7,20,2020,20/07/2020,41.42021,-83.07593,0,LM,64.86354167,1.836727937,a,152.966
,,,,,,,,,,,
7,20,2020,20/07/2020,41.42323,-83.06434,0,LM,64.86354167,1.836727937,a,265.61
,,,,,,,,,,,
7,20,2020,20/07/2020,41.39385,-83.09721,0,UM,64.86354167,1.836727937,a,700.006
,,,,,,,,,,,
7,20,2020,20/07/2020,41.3519,-83.11063,0,FM,64.86354167,1.836727937,a,
,,,,,,,,,,,
7,21,2020,21/07/2020,41.38676,-83.09034,0,UM,59.225,1.67706248,a,121.309
,,,,,,,,,,,
7,21,2020,21/07/2020,41.39007,-83.08667,0,UM,59.225,1.67706248,a,349.63
,,,,,,,,,,,
7,21,2020,21/07/2020,41.39342,-83.0963,0,UM,59.225,1.67706248,a,177.308
,,,,,,,,,,,
7,21,2020,21/07/2020,41.37737,-83.09488,0,UM,59.225,1.67706248,a,383.946
,,,,,,,,,,,
7,21,2020,21/07/2020,41.38619,-83.08831,0,UM,59.225,1.67706248,a,438.392
,,,,,,,,,,,
7,22,2020,22/07/2020,41.36973,-83.09862,0,UM,58.8,1.66502784,a,
,,,,,,,,,,,
7,22,2020,22/07/2020,41.38604,-83.09283,0,UM,58.8,1.66502784,a,
,,,,,,,,,,,
7,22,2020,22/07/2020,41.36142,-83.10114,1,FM,58.8,1.66502784,a,185.81
,,,,,,,,,,,
7,22,2020,22/07/2020,41.36864,-83.10642,0,FM,58.8,1.66502784,a,230.742
,,,,,,,,,,,
7,23,2020,23/07/2020,41.42771,-83.06081,0,M,79.21458333,2.243103513,a,
,,,,,,,,,,,
7,23,2020,23/07/2020,41.43128,-83.0441,1,M,79.21458333,2.243103513,a,225.898
,,,,,,,,,,,
7,23,2020,23/07/2020,41.42269,-83.06274,0,LM,79.21458333,2.243103513,a,173.83
,,,,,,,,,,,
7,23,2020,23/07/2020,41.37269,-83.0948,0,UM,79.21458333,2.243103513,a,354.769
,,,,,,,,,,,
7,23,2020,23/07/2020,41.36664,-83.10656,0,FM,79.21458333,2.243103513,a,225.548
,,,,,,,,,,,
7,24,2020,24/07/2020,41.39191,-83.10242,3,UM,141.3239583,4.001842262,a,395.184
,,,,,,,,,,,
7,28,2020,28/07/2020,41.42767,-83.04749,0,M,264.59375,7.4924483,a,
,,,,,,,,,,,
7,28,2020,28/07/2020,41.41743,-83.08529,0,LM,264.59375,7.4924483,a,
,,,,,,,,,,,
7,28,2020,28/07/2020,41.42035,-83.07757,0,LM,264.59375,7.4924483,a,
,,,,,,,,,,,
7,28,2020,28/07/2020,41.41884,-83.07065,0,LM,264.59375,7.4924483,a,
,,,,,,,,,,,
7,28,2020,28/07/2020,41.40188,-83.09763,2,LM,264.59375,7.4924483,a,128.18
,,,,,,,,,,,
7,28,2020,28/07/2020,41.36986,-83.09776,0,UM,264.59375,7.4924483,a,322.3436
,,,,,,,,,,,
7,28,2020,28/07/2020,41.39147,-83.10277,0,UM,264.59375,7.4924483,a,339.2859
,,,,,,,,,,,
7,28,2020,28/07/2020,41.39171,-83.08909,0,UM,264.59375,7.4924483,a,279.4426
,,,,,,,,,,,
7,29,2020,29/07/2020,41.43678,-83.03633,0,M,702.53125,19.8934369,b,614.4738
,,,,,,,,,,,
7,29,2020,29/07/2020,41.40126,-83.09751,1,LM,702.53125,19.8934369,b,132.7595
,,,,,,,,,,,
7,29,2020,29/07/2020,41.42037,-83.07718,0,LM,702.53125,19.8934369,b,199.2541
,,,,,,,,,,,
7,29,2020,29/07/2020,41.39125,-83.10596,0,UM,702.53125,19.8934369,b,153.6173
,,,,,,,,,,,
7,29,2020,29/07/2020,41.37355,-83.09484,1,UM,702.53125,19.8934369,b,
,,,,,,,,,,,
7,29,2020,29/07/2020,41.38979,-83.10536,0,UM,702.53125,19.8934369,b,265.083
,,,,,,,,,,,
7,29,2020,29/07/2020,41.36671,-83.10735,0,FM,702.53125,19.8934369,b,358.8655
,,,,,,,,,,,
7,30,2020,30/07/2020,41.43365,-83.04251,0,M,413.0104167,11.69513337,b,132.9647
,,,,,,,,,,,
7,30,2020,30/07/2020,41.42301,-83.064,0,LM,413.0104167,11.69513337,b,405.2058
,,,,,,,,,,,
7,30,2020,30/07/2020,41.37873,-83.09498,0,UM,413.0104167,11.69513337,b,146.9637
,,,,,,,,,,,
7,30,2020,30/07/2020,41.36034,-83.10068,0,FM,413.0104167,11.69513337,b,147.7762
,,,,,,,,,,,
8,6,2020,6/8/2020,41.35981049,-83.10083309,0,FM,842.4166667,23.85454427,b,159.2309
,,,,,,,,,,,
7,8,2020,7/8/2020,41.38571,-83.09561,1,UM,442.1041667,12.51897527,b,147.1453
,,,,,,,,,,,
10,8,2020,10/8/2020,41.40276698,-83.08515537,0,LM,155.0104167,4.389398968,a,401.3964
,,,,,,,,,,,
10,8,2020,10/8/2020,41.36921612,-83.10430492,0,FM,155.0104167,4.389398968,a,310.6732
,,,,,,,,,,,
10,8,2020,10/8/2020,41.36540612,-83.10743675,0,FM,155.0104167,4.389398968,a,299.8735
,,,,,,,,,,,
10,8,2020,10/8/2020,41.36243432,-83.10246086,1,FM,155.0104167,4.389398968,a,297.0422
,,,,,,,,,,,
10,8,2020,10/8/2020,41.35637743,-83.10557256,0,FM,155.0104167,4.389398968,a,202.6316
,,,,,,,,,,,
8,13,2020,13/08/2020,41.3867361,-83.09017261,0,UM,85.83854167,2.430672817,a,142.0718
,,,,,,,,,,,
8,13,2020,13/08/2020,41.35322855,-83.10898329,0,FM,85.83854167,2.430672817,a,259.0921
,,,,,,,,,,,
8,18,2020,18/08/2020,41.41544372,-83.08538883,1,LM,81.4,2.30498752,a,227.8288
,,,,,,,,,,,
8,18,2020,18/08/2020,41.38607522,-83.095109,0,UM,81.4,2.30498752,a,216.4544
,,,,,,,,,,,
8,19,2020,19/08/2020,41.3746,-83.09498969,0,UM,81.18125,2.29879322,a,199.1425
,,,,,,,,,,,
8,19,2020,19/08/2020,41.38663,-83.08930541,0,UM,81.18125,2.29879322,a,272.9902
,,,,,,,,,,,
8,19,2020,19/08/2020,41.3908,-83.10311486,0,UM,81.18125,2.29879322,a,326.5801
,,,,,,,,,,,
8,24,2020,24/08/2020,41.43072577,-83.04488965,0,M,59.29583333,1.679068253,a,223.6154
,,,,,,,,,,,
8,24,2020,24/08/2020,41.43841071,-83.03168975,0,M,59.29583333,1.679068253,a,
,,,,,,,,,,,
8,24,2020,24/08/2020,41.42358575,-83.06592688,0,LM,59.29583333,1.679068253,a,247.4838
,,,,,,,,,,,
8,24,2020,24/08/2020,41.37435396,-83.09537695,0,UM,59.29583333,1.679068253,a,401.3101
,,,,,,,,,,,
8,24,2020,24/08/2020,41.38685747,-83.09040147,0,UM,59.29583333,1.679068253,a,361.3039
,,,,,,,,,,,
8,24,2020,24/08/2020,41.38595031,-83.09547439,0,UM,59.29583333,1.679068253,a,363.0837
,,,,,,,,,,,
8,25,2020,25/08/2020,41.40193283,-83.09608421,0,LM,55.61875,1.57494502,a,337.7777
,,,,,,,,,,,
8,25,2020,25/08/2020,41.37817154,-83.09487321,0,UM,55.61875,1.57494502,a,278.9867
,,,,,,,,,,,
8,25,2020,25/08/2020,41.38478699,-83.09575363,0,UM,55.61875,1.57494502,a,
,,,,,,,,,,,
8,25,2020,25/08/2020,41.36030907,-83.10053446,0,FM,55.61875,1.57494502,a,202.6728
,,,,,,,,,,,
8,25,2020,25/08/2020,41.35877349,-83.10162413,0,FM,55.61875,1.57494502,a,312.1431
,,,,,,,,,,,
8,26,2020,26/08/2020,41.40593828,-83.07964021,3,LM,50.5375,1.43106028,a,329.6968
,,,,,,,,,,,
8,26,2020,26/08/2020,41.38759246,-83.08495406,0,UM,50.5375,1.43106028,a,
,,,,,,,,,,,
8,26,2020,26/08/2020,41.3894432,-83.10427544,0,UM,50.5375,1.43106028,a,289.5251
,,,,,,,,,,,
8,26,2020,26/08/2020,41.35374217,-83.10493893,0,FM,50.5375,1.43106028,a,374.702
,,,,,,,,,,,
8,26,2020,26/08/2020,41.36135344,-83.10026776,0,FM,50.5375,1.43106028,a,266.0848
,,,,,,,,,,,
8,31,2020,31/08/2020,41.4432636,-82.99601906,0,M,262.9166667,7.444958668,a,608.8485
,,,,,,,,,,,
8,31,2020,31/08/2020,41.44889808,-83.01578865,0,M,262.9166667,7.444958668,a,478.0376
,,,,,,,,,,,
8,31,2020,31/08/2020,41.45255245,-83.02028786,0,M,262.9166667,7.444958668,a,1136.619
,,,,,,,,,,,
8,31,2020,31/08/2020,41.44366858,-83.02906333,0,M,262.9166667,7.444958668,a,624.1189
,,,,,,,,,,,
8,31,2020,31/08/2020,41.43184955,-83.04540793,0,M,262.9166667,7.444958668,a,422.8429
,,,,,,,,,,,
8,31,2020,31/08/2020,41.42777416,-83.06081185,0,M,262.9166667,7.444958668,a,470.0662
,,,,,,,,,,,
8,31,2020,31/08/2020,41.42237192,-83.06631602,0,LM,262.9166667,7.444958668,a,478.1854
,,,,,,,,,,,
9,15,2020,15/09/2020,41.43913113,-83.03123518,0,M,259.1770833,7.339065632,a,272.0782
,,,,,,,,,,,
9,15,2020,15/09/2020,41.40529006,-83.08070622,1,LM,259.1770833,7.339065632,a,472.3075
,,,,,,,,,,,
9,15,2020,15/09/2020,41.38346116,-83.09755565,0,UM,259.1770833,7.339065632,a,302.3567
,,,,,,,,,,,
9,16,2020,16/09/2020,41.41547631,-83.08526181,0,LM,190.8958333,5.405559132,a,215.8923
,,,,,,,,,,,
9,16,2020,16/09/2020,41.40565692,-83.07993073,0,LM,190.8958333,5.405559132,a,518.0825
,,,,,,,,,,,
9,16,2020,16/09/2020,41.41478533,-83.08602809,0,LM,190.8958333,5.405559132,a,433.2031
,,,,,,,,,,,
9,16,2020,16/09/2020,41.39130667,-83.10299518,0,UM,190.8958333,5.405559132,a,369.0471
,,,,,,,,,,,
9,16,2020,16/09/2020,41.37452646,-83.09495085,0,UM,190.8958333,5.405559132,a,328.2584
,,,,,,,,,,,
9,16,2020,16/09/2020,41.35890317,-83.10138157,0,FM,190.8958333,5.405559132,a,276.2557
,,,,,,,,,,,
9,17,2020,17/09/2020,41.42972228,-83.04546383,0,M,133.65625,3.7847173,a,365.9786
,,,,,,,,,,,
9,17,2020,17/09/2020,41.42592421,-83.06097837,0,M,133.65625,3.7847173,a,432.8199
,,,,,,,,,,,
9,17,2020,17/09/2020,41.40205654,-83.08332139,0,LM,133.65625,3.7847173,a,274.5756
,,,,,,,,,,,
9,17,2020,17/09/2020,41.36016839,-83.10064848,1,FM,133.65625,3.7847173,a,315.6375
,,,,,,,,,,,
9,17,2020,17/09/2020,41.36386822,-83.10540114,0,FM,133.65625,3.7847173,a,
,,,,,,,,,,,
9,17,2020,17/09/2020,41.36648961,-83.10752021,0,FM,133.65625,3.7847173,a,273.9765
,,,,,,,,,,,
9,18,2020,18/09/2020,41.41528221,-83.08645023,0,LM,104.85625,2.96919346,a,415.321
,,,,,,,,,,,
9,18,2020,18/09/2020,41.38685762,-83.09047479,0,UM,104.85625,2.96919346,a,
,,,,,,,,,,,
9,21,2020,21/09/2020,41.37449851,-83.09487853,0,UM,73.94583333,2.093909373,a,
,,,,,,,,,,,
9,21,2020,21/09/2020,41.36019669,-83.10062054,1,FM,73.94583333,2.093909373,a,315.6375
,,,,,,,,,,,
9,22,2020,22/09/2020,41.42795515,-83.06069058,0,M,66.509375,1.88333267,a,607.378
,,,,,,,,,,,
9,22,2020,22/09/2020,41.45084857,-83.02667339,0,M,66.509375,1.88333267,a,344.2398
,,,,,,,,,,,
9,23,2020,23/09/2020,41.43844529,-83.04038984,0,M,65.7,1.86041376,a,209.1009
,,,,,,,,,,,
9,23,2020,23/09/2020,41.40216338,-83.09521125,0,LM,65.7,1.86041376,a,336.2009
,,,,,,,,,,,
9,23,2020,23/09/2020,41.41528205,-83.08645649,0,LM,65.7,1.86041376,a,261.77
,,,,,,,,,,,
9,23,2020,23/09/2020,41.39680322,-83.10289412,1,UM,65.7,1.86041376,a,579.6231
,,,,,,,,,,,
9,23,2020,23/09/2020,41.37418576,-83.09480144,0,UM,65.7,1.86041376,a,325.3981
,,,,,,,,,,,
9,23,2020,23/09/2020,41.39482943,-83.10546205,0,UM,65.7,1.86041376,a,367.0005
,,,,,,,,,,,
9,23,2020,23/09/2020,41.38614295,-83.08924503,0,UM,65.7,1.86041376,a,299.023
,,,,,,,,,,,
9,24,2020,24/09/2020,41.40544,-83.08049,4,LM,65.7,1.86041376,a,438.5043
,,,,,,,,,,,
9,24,2020,24/09/2020,41.39318894,-83.09408081,2,UM,65.7,1.86041376,a,451.2215
,,,,,,,,,,,
9,28,2020,28/09/2020,41.43731514,-83.03355931,0,M,50.00625,1.41601698,a,398.3163
,,,,,,,,,,,
9,28,2020,28/09/2020,41.38072373,-83.09557787,0,UM,50.00625,1.41601698,a,463.136
,,,,,,,,,,,
9,28,2020,28/09/2020,41.35562918,-83.10694828,0,FM,50.00625,1.41601698,a,399.4031
,,,,,,,,,,,
9,29,2020,29/09/2020,41.43832057,-83.03183133,0,M,50.1,1.41867168,a,437.5928
,,,,,,,,,,,
9,29,2020,29/09/2020,41.40543009,-83.08046878,2,LM,50.1,1.41867168,a,316.6276
,,,,,,,,,,,
9,29,2020,29/09/2020,41.40884935,-83.07865473,0,LM,50.1,1.41867168,a,719.2116
,,,,,,,,,,,
9,29,2020,29/09/2020,41.41832571,-83.0834239,0,LM,50.1,1.41867168,a,331.2219
,,,,,,,,,,,
9,29,2020,29/09/2020,41.39494131,-83.10494408,0,UM,50.1,1.41867168,a,433.6151
,,,,,,,,,,,
9,30,2020,30/09/2020,41.40543009,-83.08047371,1,LM,53.25625,1.50804658,a,316.6276
,,,,,,,,,,,
8,10,2020,8/10/2020,41.41531982,-83.08642764,0,LM,64.97083333,1.839766093,a,124.9249
,,,,,,,,,,,
8,10,2020,8/10/2020,41.38573168,-83.09546658,0,UM,64.97083333,1.839766093,a,126.7155
,,,,,,,,,,,
8,10,2020,8/10/2020,41.39023782,-83.10370899,0,UM,64.97083333,1.839766093,a,107.0881
,,,,,,,,,,,
8,10,2020,8/10/2020,41.35881427,-83.10154842,0,FM,64.97083333,1.839766093,a,302.9089
,,,,,,,,,,,
8,10,2020,8/10/2020,41.36746062,-83.10724572,0,FM,64.97083333,1.839766093,a,358.8655
,,,,,,,,,,,
10,13,2020,13/10/2020,41.42685352,-83.06113421,0,M,50.5375,1.43106028,a,333.7053
,,,,,,,,,,,
10,13,2020,13/10/2020,41.40527122,-83.08058704,3,LM,50.5375,1.43106028,a,454.4573
,,,,,,,,,,,
10,13,2020,13/10/2020,41.42332846,-83.0653966,0,LM,50.5375,1.43106028,a,362.1037
,,,,,,,,,,,
10,14,2020,14/10/2020,41.40580565,-83.07959948,0,LM,49.6,1.40451328,a,252.2612
,,,,,,,,,,,
10,14,2020,14/10/2020,41.41733083,-83.08585555,0,LM,49.6,1.40451328,a,156.9275
,,,,,,,,,,,
10,14,2020,14/10/2020,41.39109792,-83.10293662,0,UM,49.6,1.40451328,a,436.9909
,,,,,,,,,,,
10,15,2020,15/10/2020,41.37546,-83.09502,2,UM,49.9125,1.41336228,a,
,,,,,,,,,,,
10,16,2020,16/10/2020,41.40553127,-83.08027299,1,LM,52.6,1.48946368,a,470.0211
,,,,,,,,,,,
10,16,2020,16/10/2020,41.37402448,-83.09488566,0,UM,52.6,1.48946368,a,311.5401
,,,,,,,,,,,
10,19,2020,19/10/2020,41.41748,-83.0861,2,LM,44.71875,1.2662919,a,431.1676
,,,,,,,,,,,
10,20,2020,20/10/2020,41.43638,-83.0301,0,M,57.01041667,1.614352567,a,461.9508
,,,,,,,,,,,
10,20,2020,20/10/2020,41.42969,-83.04544,0,M,57.01041667,1.614352567,a,382.8828
,,,,,,,,,,,
10,20,2020,20/10/2020,41.40533,-83.08068,0,LM,57.01041667,1.614352567,a,119.8001
,,,,,,,,,,,
10,20,2020,20/10/2020,41.38566867,-83.09558474,0,UM,57.01041667,1.614352567,a,228.571
,,,,,,,,,,,
10,20,2020,20/10/2020,41.35609052,-83.10602806,1,FM,57.01041667,1.614352567,a,323.7806
,,,,,,,,,,,
10,20,2020,20/10/2020,41.36018671,-83.10058493,1,FM,57.01041667,1.614352567,a,188.9213
,,,,,,,,,,,
10,22,2020,22/10/2020,41.36023,-83.10049,0,FM,1137.1875,32.201511,b,
,,,,,,,,,,,
10,26,2020,26/10/2020,41.39430236,-83.10581777,0,UM,612.0208333,17.33047153,b,407.7181
,,,,,,,,,,,
10,26,2020,26/10/2020,41.35274,-83.111,0,FM,612.0208333,17.33047153,b,751.3951
,,,,,,,,,,,
10,27,2020,27/10/2020,41.40192131,-83.08410232,0,LM,435.0208333,12.31839793,b,284.4655
,,,,,,,,,,,
10,27,2020,27/10/2020,41.39317816,-83.09415599,0,UM,435.0208333,12.31839793,b,484.4127
,,,,,,,,,,,
10,28,2020,28/10/2020,41.35755709,-83.1035303,0,FM,340.125,9.6312516,a,371.7412
,,,,,,,,,,,
10,28,2020,28/10/2020,41.37041039,-83.09968831,0,FM,340.125,9.6312516,a,341.8708
,,,,,,,,,,,
8,11,2020,8/11/2020,41.43640227,-83.04112213,0,M,237.28125,6.7190457,a,
,,,,,,,,,,,
8,11,2020,8/11/2020,41.43852384,-83.03148216,0,M,237.28125,6.7190457,a,200.6319
,,,,,,,,,,,
8,11,2020,8/11/2020,41.40128307,-83.09744995,0,LM,237.28125,6.7190457,a,305.1929
,,,,,,,,,,,
8,11,2020,8/11/2020,41.37548442,-83.09492137,0,UM,237.28125,6.7190457,a,105.5494
,,,,,,,,,,,
8,11,2020,8/11/2020,41.38939588,-83.1043515,0,UM,237.28125,6.7190457,a,433.5686
,,,,,,,,,,,
8,11,2020,8/11/2020,41.3968016,-83.10284156,0,UM,237.28125,6.7190457,a,149.9941
,,,,,,,,,,,
8,11,2020,8/11/2020,41.38684587,-83.09044442,1,UM,237.28125,6.7190457,a,297.7933
,,,,,,,,,,,
9,11,2020,9/11/2020,41.38455601,-83.09724852,0,UM,209.5520833,5.933844432,a,264.9162
,,,,,,,,,,,
9,11,2020,9/11/2020,41.37384991,-83.09476475,1,UM,209.5520833,5.933844432,a,471.84
,,,,,,,,,,,
9,11,2020,9/11/2020,41.38954344,-83.08554579,1,UM,209.5520833,5.933844432,a,409.1924
,,,,,,,,,,,
9,11,2020,9/11/2020,41.39350353,-83.10709089,0,UM,209.5520833,5.933844432,a,257.9149
,,,,,,,,,,,
9,11,2020,9/11/2020,41.39121191,-83.10303846,1,UM,209.5520833,5.933844432,a,331.666
,,,,,,,,,,,
8,12,2020,8/12/2020,41.42547,-83.04812,0,M,1366.66667,38.69962676,b,329.7825
,,,,,,,,,,,
8,12,2020,8/12/2020,41.38575827,-83.09575402,0,UM,1366.66667,38.69962676,b,130.8962
,,,,,,,,,,,
8,12,2020,8/12/2020,41.38934773,-83.08639801,0,UM,1366.66667,38.69962676,b,159.399
,,,,,,,,,,,
8,12,2020,8/12/2020,41.39681273,-83.10283718,0,UM,1366.66667,38.69962676,b,149.991
,,,,,,,,,,,
10,12,2020,10/12/2020,41.35417402,-83.1045998,0,FM,722.40625,20.4562333,b,300.311
,,,,,,,,,,,
10,12,2020,10/12/2020,41.36033888,-83.10056206,2,FM,722.40625,20.4562333,b,296.0294
,,,,,,,,,,,
4,27,2021,4/27/2021,41.42732976,-83.05576166,0,LM,,,,616.2070433
,,,,,,,,,,,
4,27,2021,4/27/2021,41.432841,-83.04296474,0,M,,,,239.3514054
,,,,,,,,,,,
4,27,2021,4/27/2021,41.42233572,-83.06940731,0,LM,,,,414.7541488
,,,,,,,,,,,
4,27,2021,4/27/2021,41.42033711,-83.07748361,0,LM,,,,131.0156018
,,,,,,,,,,,
5,18,2021,5/18/2021,41.38863971,-83.08596763,1,UM,,,,310.2938688
,,,,,,,,,,,
5,18,2021,5/18/2021,41.3736841,-83.09489334,0,FM,,,,296.4388191
,,,,,,,,,,,
5,20,2021,5/20/2021,41.39282843,-83.10696652,0,UM,,,,371.7063439
,,,,,,,,,,,
5,20,2021,5/20/2021,41.3857,-83.09368,0,UM,,,,305.0235094
,,,,,,,,,,,
5,21,2021,5/21/2021,41.63513,-83.53065,0,LM,,,,
,,,,,,,,,,,
5,24,2021,5/24/2021,41.41224,-83.08,0,LM,,,,330.6170977
,,,,,,,,,,,
5,24,2021,5/24/2021,41.40809851,-83.07758521,0,LM,,,,316.5395571
,,,,,,,,,,,
5,24,2021,5/24/2021,41.39674153,-83.10279475,0,UM,,,,330.9876636
,,,,,,,,,,,
5,24,2021,5/24/2021,41.40083,-83.09819,0,UM,,,,298.5460964
,,,,,,,,,,,
5,24,2021,5/24/2021,41.38618186,-83.08569201,0,UM,,,,300.6690953
,,,,,,,,,,,
5,24,2021,5/24/2021,41.37743408,-83.09480314,1,FM,,,,406.7105274
,,,,,,,,,,,
5,24,2021,5/24/2021,41.3601104,-83.09943534,0,FM,,,,254.2822588
,,,,,,,,,,,
5,24,2021,5/24/2021,41.43717354,-83.03409567,0,M,,,,328.7862123
,,,,,,,,,,,
5,24,2021,5/24/2021,41.42540652,-83.05205811,0,LM,,,,304.1365718
,,,,,,,,,,,
5,25,2021,5/25/2021,41.37883577,-83.09488724,1,FM,,,,493.6631521
,,,,,,,,,,,
5,25,2021,5/25/2021,41.4379529,-83.04138958,0,M,,,,191.0388995
,,,,,,,,,,,
5,25,2021,5/25/2021,41.42874,-83.05693,0,LM,,,,251.4739223
,,,,,,,,,,,
5,27,2021,5/27/2021,41.42042,-83.07693,0,LM,,,,418.6540095
,,,,,,,,,,,
5,27,2021,5/27/2021,41.41487,-83.08634,1,LM,,,,425.6793614
,,,,,,,,,,,
5,27,2021,5/27/2021,41.38605826,-83.09502475,0,UM,,,,488.3735447
,,,,,,,,,,,
5,27,2021,5/27/2021,41.36035166,-83.10061263,0,FM,,,,354.8262738
,,,,,,,,,,,
6,1,2021,6/1/2021,41.41478,-83.08628,0,LM,,,,455.7379328
,,,,,,,,,,,
6,1,2021,6/1/2021,41.3948282,-83.10540718,1,UM,,,,1212.794331
,,,,,,,,,,,
6,1,2021,6/1/2021,41.38982657,-83.086612,0,UM,,,,1014.317518
,,,,,,,,,,,
6,1,2021,6/1/2021,41.39081416,-83.08782894,0,UM,,,,93.93247399
,,,,,,,,,,,
6,1,2021,6/1/2021,41.38381366,-83.09759088,0,UM,,,,901.1176937
,,,,,,,,,,,
6,1,2021,6/1/2021,41.447,-83.02804,0,M,,,,802.032732
,,,,,,,,,,,
6,1,2021,6/1/2021,41.43840073,-83.03838398,0,M,,,,407.2873151
,,,,,,,,,,,
6,2,2021,6/2/2021,41.40157,-83.08557,0,LM,,,,
,,,,,,,,,,,
6,2,2021,6/2/2021,41.39129,-83.1059,1,UM,,,,610.0533412
,,,,,,,,,,,
6,2,2021,6/2/2021,41.36333392,-83.1047686,0,FM,,,,1074.553198
,,,,,,,,,,,
6,2,2021,6/2/2021,41.36740024,-83.10723321,0,FM,,,,1142.038507
,,,,,,,,,,,
6,2,2021,6/2/2021,41.35905255,-83.10128714,0,FM,,,,412.6253088
,,,,,,,,,,,
6,3,2021,6/3/2021,41.38476593,-83.09578473,1,UM,,,,667.5239712
,,,,,,,,,,,
6,3,2021,6/3/2021,41.37420547,-83.09487302,1,FM,,,,289.7810088
,,,,,,,,,,,
6,3,2021,6/3/2021,41.37887061,-83.09493437,0,FM,,,,429.3456912
,,,,,,,,,,,
6,3,2021,6/3/2021,41.37569349,-83.09592414,2,FM,,,,112.5590364
,,,,,,,,,,,
6,3,2021,6/3/2021,41.35557414,-83.10603734,0,FM,,,,621.4550187
,,,,,,,,,,,
6,3,2021,6/3/2021,41.35704,-83.1047,0,FM,,,,593.0037787
,,,,,,,,,,,
6,4,2021,6/4/2021,41.38650157,-83.08564041,0,UM,,,,1180.846927
,,,,,,,,,,,
6,4,2021,6/4/2021,41.38520887,-83.0959811,0,UM,,,,472.7422883
,,,,,,,,,,,
6,4,2021,6/4/2021,41.38367454,-83.09769936,2,UM,,,,619.2908587
,,,,,,,,,,,
6,4,2021,6/4/2021,41.37365739,-83.09482745,0,FM,,,,264.0015872
,,,,,,,,,,,
6,4,2021,6/4/2021,41.37890389,-83.09484138,0,FM,,,,208.3482653
,,,,,,,,,,,
6,4,2021,6/4/2021,41.42359526,-83.06686158,0,LM,,,,223.3604096
,,,,,,,,,,,
6,7,2021,6/7/2021,41.38952313,-83.08627509,0,UM,,,,518.3425482
,,,,,,,,,,,
6,7,2021,6/7/2021,41.58252,-83.60105,0,UM,,,,
,,,,,,,,,,,
6,7,2021,6/7/2021,41.58252,-83.60105,0,UM,,,,
,,,,,,,,,,,
6,7,2021,6/7/2021,41.37365284,-83.09483572,0,FM,,,,348.0157615
,,,,,,,,,,,
6,7,2021,6/7/2021,41.37852939,-83.09486514,0,FM,,,,385.8126809
,,,,,,,,,,,
6,7,2021,6/7/2021,41.43330186,-83.04323626,0,M,,,,297.0760741
,,,,,,,,,,,
6,7,2021,6/7/2021,41.42766645,-83.05609667,0,LM,,,,334.9775025
,,,,,,,,,,,
6,7,2021,6/7/2021,41.42575958,-83.06122443,0,LM,,,,424.8653849
,,,,,,,,,,,
6,8,2021,6/8/2021,41.41940613,-83.08070932,0,LM,,,,223.5772426
,,,,,,,,,,,
6,8,2021,6/8/2021,41.4093634,-83.07876561,0,LM,,,,447.202774
,,,,,,,,,,,
6,8,2021,6/8/2021,41.38977529,-83.08658131,0,UM,,,,381.7222603
,,,,,,,,,,,
6,8,2021,6/8/2021,41.37343327,-83.09469509,1,FM,,,,
,,,,,,,,,,,
6,8,2021,6/8/2021,41.37896071,-83.09504585,0,FM,,,,459.5164822
,,,,,,,,,,,
6,14,2021,6/14/2021,41.43382,-83.03089,0,M,,,,462.0606398
,,,,,,,,,,,
6,14,2021,6/14/2021,41.43548166,-83.02952266,0,M,,,,617.4335836
,,,,,,,,,,,
6,14,2021,6/14/2021,41.43162951,-83.04567641,0,M,,,,486.7918975
,,,,,,,,,,,
6,14,2021,6/14/2021,41.42831,-83.04733,0,M,,,,581.2163581
,,,,,,,,,,,
6,14,2021,6/14/2021,41.41686358,-83.07269193,0,LM,,,,252.5602647
,,,,,,,,,,,
6,14,2021,6/14/2021,41.41992,-83.07466,0,LM,,,,487.5477779
,,,,,,,,,,,
6,15,2021,6/15/2021,41.41529995,-83.09127714,0,LM,,,,415.4265001
,,,,,,,,,,,
6,15,2021,6/15/2021,41.396,-83.10251,0,UM,,,,546.3989904
,,,,,,,,,,,
6,15,2021,6/15/2021,41.39946,-83.09744,0,UM,,,,530.7602441
,,,,,,,,,,,
6,15,2021,6/15/2021,41.39220471,-83.10614955,0,UM,,,,48.08741392
,,,,,,,,,,,
6,15,2021,6/15/2021,41.39216904,-83.08850731,1,UM,,,,552.4261049
,,,,,,,,,,,
6,15,2021,6/15/2021,41.386,-83.09066,0,UM,,,,491.0875608
,,,,,,,,,,,
6,16,2021,6/16/2021,41.4441,-83.01089,0,M,,,,656.8590762
,,,,,,,,,,,
6,16,2021,6/16/2021,41.44650848,-83.01205503,0,M,,,,
,,,,,,,,,,,
6,16,2021,6/16/2021,41.38573,-83.0957,1,UM,,,,463.2235471
,,,,,,,,,,,
6,16,2021,6/16/2021,41.38573,-83.0957,1,UM,,,,154.2656312
,,,,,,,,,,,
6,16,2021,6/16/2021,41.37765639,-83.09614426,0,FM,,,,574.7809279
,,,,,,,,,,,
6,16,2021,6/16/2021,41.36970837,-83.10477649,0,FM,,,,554.8906369
,,,,,,,,,,,
6,16,2021,6/16/2021,41.35709,-83.10453,0,FM,,,,548.8966512
,,,,,,,,,,,
6,16,2021,6/16/2021,41.42555,-83.05242,0,M,,,,265.9283068
,,,,,,,,,,,
6,17,2021,6/17/2021,41.38679701,-83.09025873,0,UM,,,,317.6009408
,,,,,,,,,,,
6,17,2021,6/17/2021,41.38351914,-83.09773505,1,UM,,,,518.3957262
,,,,,,,,,,,
6,17,2021,6/17/2021,41.37872912,-83.09486827,0,FM,,,,310.769344
,,,,,,,,,,,
6,22,2021,6/22/2021,41.40321532,-83.08390137,0,LM,,,,450.3792448
,,,,,,,,,,,
6,22,2021,6/22/2021,41.40046614,-83.09634839,0,UM,,,,483.0487875
,,,,,,,,,,,
6,22,2021,6/22/2021,41.39146912,-83.10693629,0,UM,,,,430.2854828
,,,,,,,,,,,
6,22,2021,6/22/2021,41.39468552,-83.10531482,0,UM,,,,436.4673475
,,,,,,,,,,,
6,22,2021,6/22/2021,41.39187,-83.38955,2,UM,,,,
,,,,,,,,,,,
6,22,2021,6/22/2021,41.389,-83.08614,0,UM,,,,498.2798368
,,,,,,,,,,,
6,22,2021,6/22/2021,41.37449,-83.09584,0,FM,,,,487.9470607
,,,,,,,,,,,
6,22,2021,6/22/2021,41.37937,-83.0952,1,FM,,,,444.5866891
,,,,,,,,,,,
6,23,2021,6/23/2021,41.41511,-83.08648,0,LM,,,,424.8578543
,,,,,,,,,,,
6,23,2021,6/23/2021,41.40519,-83.08057,0,LM,,,,486.9127554
,,,,,,,,,,,
6,23,2021,6/23/2021,41.38570336,-83.08706646,0,UM,,,,502.5587863
,,,,,,,,,,,
6,23,2021,6/23/2021,41.38672908,-83.09336286,0,UM,,,,400.8423432
,,,,,,,,,,,
6,23,2021,6/23/2021,41.37422453,-83.09499145,0,FM,,,,348.9297834
,,,,,,,,,,,
6,23,2021,6/23/2021,41.37876528,-83.0949055,0,FM,,,,395.4419766
,,,,,,,,,,,
6,24,2021,6/24/2021,41.41625427,-83.08516129,0,LM,,,,411.1691437
,,,,,,,,,,,
6,24,2021,6/24/2021,41.40239845,-83.0944702,0,UM,,,,218.3512716
,,,,,,,,,,,
6,24,2021,6/24/2021,41.38476623,-83.0958459,0,UM,,,,474.3656055
,,,,,,,,,,,
6,24,2021,6/24/2021,41.38365005,-83.09773662,0,UM,,,,461.8821927
,,,,,,,,,,,
6,24,2021,6/24/2021,41.36037009,-83.10044898,0,FM,,,,393.4992401
,,,,,,,,,,,
6,24,2021,6/24/2021,41.42999,-83.04562,0,M,,,,470.5947916
,,,,,,,,,,,
6,28,2021,6/28/2021,41.41483839,-83.08620364,0,LM,,,,364.0406759
,,,,,,,,,,,
6,28,2021,6/28/2021,41.40179995,-83.08554226,1,LM,,,,372.1176765
,,,,,,,,,,,
6,28,2021,6/28/2021,41.39835704,-83.10074131,0,UM,,,,519.7143969
,,,,,,,,,,,
6,28,2021,6/28/2021,41.3941154,-83.10727584,0,UM,,,,252.1299193
,,,,,,,,,,,
6,28,2021,6/28/2021,41.37366889,-83.09477151,0,FM,,,,228.2898936
,,,,,,,,,,,
6,28,2021,6/28/2021,41.36478053,-83.10721093,0,FM,,,,288.3882095
,,,,,,,,,,,
6,28,2021,6/28/2021,41.36031617,-83.10060287,1,FM,,,,322.7268852
,,,,,,,,,,,
6,29,2021,6/29/2021,41.43274026,-83.04302593,0,M,,,,356.0344409
,,,,,,,,,,,
6,29,2021,6/29/2021,41.42407919,-83.06192774,0,LM,,,,347.8228971
,,,,,,,,,,,
6,30,2021,6/30/2021,41.35623214,-83.10590199,0,FM,,,,306.1160447
,,,,,,,,,,,
6,30,2021,6/30/2021,41.38360676,-83.09773798,0,UM,,,,53.55286819
,,,,,,,,,,,
6,30,2021,6/30/2021,41.42491678,-83.06195173,0,LM,,,,291.4757321
,,,,,,,,,,,
7,6,2021,7/6/2021,41.41562705,-83.08521806,0,LM,,,,1045.603069
,,,,,,,,,,,
7,6,2021,7/6/2021,41.38783734,-83.08501962,0,UM,,,,935.8150938
,,,,,,,,,,,
7,6,2021,7/6/2021,41.38481762,-83.0956464,0,UM,,,,1415.356827
,,,,,,,,,,,
7,6,2021,7/6/2021,41.37369077,-83.09475422,0,FM,,,,137.0476725
,,,,,,,,,,,
7,6,2021,7/6/2021,41.37873291,-83.09502464,0,FM,,,,376.4494893
,,,,,,,,,,,
7,6,2021,7/6/2021,41.36495023,-83.10724735,0,FM,,,,441.7526658
,,,,,,,,,,,
7,7,2021,7/7/2021,41.40083992,-83.09795133,0,UM,,,,378.974355
,,,,,,,,,,,
7,7,2021,7/7/2021,41.39404808,-83.10585659,0,UM,,,,457.5534273
,,,,,,,,,,,
7,7,2021,7/7/2021,41.38676,-83.08579,0,UM,,,,484.5272035
,,,,,,,,,,,
7,7,2021,7/7/2021,41.37046,-83.10111,0,FM,,,,501.791703
,,,,,,,,,,,
7,7,2021,7/7/2021,41.36477,-83.10745,0,FM,,,,459.4220766
,,,,,,,,,,,
7,7,2021,7/7/2021,41.43779342,-83.03218334,0,M,,,,1454.655647
,,,,,,,,,,,
7,7,2021,7/7/2021,41.43836283,-83.03826887,0,M,,,,903.6402187
,,,,,,,,,,,
7,7,2021,7/7/2021,41.43694273,-83.03610793,0,M,,,,651.1900935
,,,,,,,,,,,
7,8,2021,7/8/2021,41.4093,-83.07849,0,LM,,,,464.7109136
,,,,,,,,,,,
7,8,2021,7/8/2021,41.40307,-83.08476,0,LM,,,,524.3170159
,,,,,,,,,,,
7,8,2021,7/8/2021,41.39143,-83.10295,1,UM,,,,316.8237884
,,,,,,,,,,,
7,8,2021,7/8/2021,41.44929269,-83.02577134,0,M,,,,197.1242124
,,,,,,,,,,,
7,8,2021,7/8/2021,41.44118138,-83.0305707,0,M,,,,558.426611
,,,,,,,,,,,
7,9,2021,7/9/2021,41.38613,-83.0949,0,UM,,,,302.0171426
,,,,,,,,,,,
7,9,2021,7/9/2021,41.3794,-83.09506,0,FM,,,,505.4827613
,,,,,,,,,,,
7,12,2021,7/12/2021,41.39116,-83.10307,1,UM,,,,920.9106189
,,,,,,,,,,,
7,12,2021,7/12/2021,41.3879,-83.08579,0,UM,,,,706.3595527
,,,,,,,,,,,
7,12,2021,7/12/2021,41.38663,-83.09369,0,UM,,,,480.1107565
,,,,,,,,,,,
7,12,2021,7/12/2021,41.37064844,-83.09551453,0,FM,,,,213.8230768
,,,,,,,,,,,
7,12,2021,7/12/2021,41.374,-83.095,0,FM,,,,113.1511823
,,,,,,,,,,,
7,12,2021,7/12/2021,41.36143396,-83.10027889,0,FM,,,,228.4773144
,,,,,,,,,,,
7,12,2021,7/12/2021,41.36034827,-83.10061423,0,FM,,,,270.2670451
,,,,,,,,,,,
7,13,2021,7/13/2021,41.42933952,-83.05896885,0,LM,,,,478.0918257
,,,,,,,,,,,
7,13,2021,7/13/2021,41.42231599,-83.06925101,0,LM,,,,334.5582498
,,,,,,,,,,,
7,13,2021,7/13/2021,41.42032808,-83.07759416,0,LM,,,,495.6865541
,,,,,,,,,,,
7,14,2021,7/14/2021,41.39259,-83.1071,0,UM,,,,383.6203173
,,,,,,,,,,,
7,14,2021,7/14/2021,41.39070697,-83.10341776,1,UM,,,,141.8397515
,,,,,,,,,,,
7,14,2021,7/14/2021,41.38668,-83.09345,0,UM,,,,488.197241
,,,,,,,,,,,
7,14,2021,7/14/2021,41.3636122,-83.10637854,0,FM,,,,370.4766049
,,,,,,,,,,,
7,26,2021,7/26/2021,41.44661418,-83.01187532,0,M,,,,446.1653021
,,,,,,,,,,,
7,26,2021,7/26/2021,41.44271365,-83.03311373,0,M,,,,773.3099285
,,,,,,,,,,,
7,26,2021,7/26/2021,41.43377796,-83.03096221,0,M,,,,603.3331248
,,,,,,,,,,,
7,26,2021,7/26/2021,41.43660258,-83.03047436,0,M,,,,412.6899743
,,,,,,,,,,,
7,26,2021,7/26/2021,41.43724246,-83.04305839,0,M,,,,255.9625189
,,,,,,,,,,,
7,26,2021,7/26/2021,41.42927486,-83.05751594,0,LM,,,,125.6014756
,,,,,,,,,,,
7,27,2021,7/27/2021,41.41659923,-83.08749508,0,LM,,,,341.9865881
,,,,,,,,,,,
7,27,2021,7/27/2021,41.40399478,-83.08231306,0,LM,,,,350.7332518
,,,,,,,,,,,
7,27,2021,7/27/2021,41.39992849,-83.09697573,0,UM,,,,516.9673869
,,,,,,,,,,,
7,27,2021,7/27/2021,41.39372203,-83.11122186,0,UM,,,,412.659344
,,,,,,,,,,,
7,27,2021,7/27/2021,41.39066559,-83.10656188,0,UM,,,,412.0664062
,,,,,,,,,,,
7,27,2021,7/27/2021,41.41729379,-83.07262275,0,LM,,,,330.5383571
,,,,,,,,,,,
7,28,2021,7/28/2021,41.39072,-83.08772,0,UM,,,,464.477784
,,,,,,,,,,,
7,28,2021,7/28/2021,41.39302614,-83.09050808,0,UM,,,,284.4323996
,,,,,,,,,,,
7,28,2021,7/28/2021,41.37364474,-83.09478281,0,FM,,,,390.0801235
,,,,,,,,,,,
7,28,2021,7/28/2021,41.37067,-83.09799,0,FM,,,,70.82117397
,,,,,,,,,,,
7,28,2021,7/28/2021,41.36256848,-83.10277646,0,FM,,,,431.7279257
,,,,,,,,,,,
7,28,2021,7/28/2021,41.35575,-83.1037,0,FM,,,,451.8106967
,,,,,,,,,,,
7,29,2021,7/29/2021,41.39015879,-83.10250357,0,UM,,,,393.6937063
,,,,,,,,,,,
7,29,2021,7/29/2021,41.39064943,-83.10332829,0,UM,,,,464.7483559
,,,,,,,,,,,
7,29,2021,7/29/2021,41.3836021,-83.09774498,0,UM,,,,754.1750033
,,,,,,,,,,,
7,29,2021,7/29/2021,41.38479078,-83.09580291,0,UM,,,,111.0580237
,,,,,,,,,,,
8,2,2021,8/2/2021,41.39677,-83.10284,0,UM,,,,313.0908905
,,,,,,,,,,,
8,2,2021,8/2/2021,41.39145,-83.10645,0,UM,,,,365.4631679
,,,,,,,,,,,
8,2,2021,8/2/2021,41.39095,-83.10306,0,UM,,,,324.1432982
,,,,,,,,,,,
8,2,2021,8/2/2021,41.39135575,-83.08733237,0,UM,,,,401.9754627
,,,,,,,,,,,
8,2,2021,8/2/2021,41.38885,-83.08594,0,UM,,,,531.6431965
,,,,,,,,,,,
8,2,2021,8/2/2021,41.38663,-83.09365,0,UM,,,,568.2959836
,,,,,,,,,,,
8,2,2021,8/2/2021,41.37831,-83.095,0,FM,,,,418.7516158
,,,,,,,,,,,
8,2,2021,8/2/2021,41.37112668,-83.09656796,1,FM,,,,356.9510366
,,,,,,,,,,,
8,2,2021,8/2/2021,41.3596958,-83.10086344,0,FM,,,,343.9337694
,,,,,,,,,,,
8,2,2021,8/2/2021,41.44321404,-83.02921133,0,M,,,,316.2786266
,,,,,,,,,,,
8,3,2021,8/3/2021,41.35733,-83.101,0,FM,,,,307.4755558
,,,,,,,,,,,
8,3,2021,8/3/2021,41.4403,-82.99885,0,M,,,,286.9584807
,,,,,,,,,,,
8,3,2021,8/3/2021,41.44811,-83.01428,0,M,,,,524.5566488
,,,,,,,,,,,
8,3,2021,8/3/2021,41.44647825,-83.03183136,0,M,,,,474.2532005
,,,,,,,,,,,
8,3,2021,8/3/2021,41.42,-83.05004,0,M,,,,555.4707208
,,,,,,,,,,,
8,3,2021,8/3/2021,41.41893166,-83.07061238,0,LM,,,,210.8550029
,,,,,,,,,,,
8,3,2021,8/3/2021,41.41841113,-83.07446433,0,LM,,,,185.2423278
,,,,,,,,,,,
8,3,2021,8/3/2021,41.42033553,-83.07744912,0,LM,,,,255.5953275
,,,,,,,,,,,
8,4,2021,8/4/2021,41.41740425,-83.0858634,0,LM,,,,327.4587444
,,,,,,,,,,,
8,4,2021,8/4/2021,41.40192351,-83.0843644,0,LM,,,,1090.819163
,,,,,,,,,,,
8,4,2021,8/4/2021,41.40251976,-83.09379039,0,UM,,,,239.390215
,,,,,,,,,,,
8,4,2021,8/4/2021,41.40154994,-83.09692424,0,UM,,,,374.8486314
,,,,,,,,,,,
8,4,2021,8/4/2021,41.393451,-83.09690482,0,UM,,,,354.9036035
,,,,,,,,,,,
8,4,2021,8/4/2021,41.38502,-83.08785,0,UM,,,,473.5712444
,,,,,,,,,,,
8,4,2021,8/4/2021,41.38915016,-83.08522344,0,UM,,,,365.3478
,,,,,,,,,,,
8,4,2021,8/4/2021,41.38649,-83.09345,0,UM,,,,488.197241
,,,,,,,,,,,
8,4,2021,8/4/2021,41.37867,-83.09648,0,FM,,,,483.5061609
,,,,,,,,,,,
8,4,2021,8/4/2021,41.4417,-83.03346,0,M,,,,
,,,,,,,,,,,
8,4,2021,8/4/2021,41.43001,-83.06112,0,LM,,,,356.6382011
,,,,,,,,,,,
8,9,2021,8/9/2021,41.40226977,-83.08313041,0,LM,,,,381.6422669
,,,,,,,,,,,
8,9,2021,8/9/2021,41.39671996,-83.10290483,0,UM,,,,452.9143885
,,,,,,,,,,,
8,9,2021,8/9/2021,41.38203907,-83.09635506,0,UM,,,,446.4506857
,,,,,,,,,,,
8,9,2021,8/9/2021,41.38584567,-83.09526654,0,UM,,,,398.4455866
,,,,,,,,,,,
8,9,2021,8/9/2021,41.36559893,-83.10651689,0,FM,,,,457.5805198
,,,,,,,,,,,
8,9,2021,8/9/2021,41.36003651,-83.09932693,0,FM,,,,353.9358227
,,,,,,,,,,,
8,10,2021,8/10/2021,41.40257813,-83.09152912,0,UM,,,,301.5700067
,,,,,,,,,,,
8,10,2021,8/10/2021,41.40194122,-83.09574614,0,UM,,,,138.5657329
,,,,,,,,,,,
8,10,2021,8/10/2021,41.39268861,-83.10713518,0,UM,,,,355.0907201
,,,,,,,,,,,
8,10,2021,8/10/2021,41.38938827,-83.10446427,0,UM,,,,369.7442376
,,,,,,,,,,,
8,10,2021,8/10/2021,41.42793719,-83.06084748,0,LM,,,,565.120609
,,,,,,,,,,,
8,16,2021,8/16/2021,41.35509603,-83.10599494,0,FM,,,,431.6656012
,,,,,,,,,,,
8,16,2021,8/16/2021,41.59151,-83.60131,0,UM,,,,
,,,,,,,,,,,
8,16,2021,8/16/2021,41.58376,-83.60676,0,UM,,,,
,,,,,,,,,,,
8,16,2021,8/16/2021,41.56734,-83.63,0,FM,,,,
,,,,,,,,,,,
8,16,2021,8/16/2021,41.37242284,-83.09539974,0,FM,,,,418.7956076
,,,,,,,,,,,
8,17,2021,8/17/2021,41.4294307,-83.05925131,0,LM,,,,247.6698369
,,,,,,,,,,,
8,17,2021,8/17/2021,41.41994036,-83.07270254,0,LM,,,,288.2723243
,,,,,,,,,,,
8,17,2021,8/17/2021,41.42845289,-83.06049155,0,LM,,,,389.8025063
,,,,,,,,,,,
8,17,2021,8/17/2021,41.42035714,-83.07760432,0,LM,,,,261.6823932
,,,,,,,,,,,
8,17,2021,8/17/2021,41.41743499,-83.08589157,0,LM,,,,1138.116302
,,,,,,,,,,,
8,17,2021,8/17/2021,41.41420784,-83.0858066,0,LM,,,,829.9327379
,,,,,,,,,,,
8,17,2021,8/17/2021,41.427,-83.05537,0,LM,,,,191.8236352
,,,,,,,,,,,
8,17,2021,8/17/2021,41.42236,-83.06917,0,LM,,,,222.0695395
,,,,,,,,,,,
8,18,2021,8/18/2021,41.38363377,-83.09769207,0,UM,,,,199.7982048
,,,,,,,,,,,
8,18,2021,8/18/2021,41.37281813,-83.0947726,0,FM,,,,385.570965
,,,,,,,,,,,
8,18,2021,8/18/2021,41.36475104,-83.10613055,0,FM,,,,440.1283941
,,,,,,,,,,,
8,19,2021,8/19/2021,41.39342326,-83.09993556,0,UM,,,,301.3795725
,,,,,,,,,,,
8,19,2021,8/19/2021,41.38951287,-83.10412003,0,UM,,,,421.2802507
,,,,,,,,,,,
8,19,2021,8/19/2021,41.3891716,-83.0852314,0,UM,,,,315.9854416
,,,,,,,,,,,
8,23,2021,8/23/2021,41.41754453,-83.0857916,0,LM,,,,362.9652379
,,,,,,,,,,,
8,23,2021,8/23/2021,41.40464797,-83.0814063,0,LM,,,,462.6800132
,,,,,,,,,,,
8,23,2021,8/23/2021,41.39085575,-83.10666551,0,UM,,,,227.3593966
,,,,,,,,,,,
8,23,2021,8/23/2021,41.39280376,-83.10712442,0,UM,,,,238.5219681
,,,,,,,,,,,
8,23,2021,8/23/2021,41.39051418,-83.10352943,0,UM,,,,118.4499053
,,,,,,,,,,,
8,23,2021,8/23/2021,41.39292762,-83.09046156,0,UM,,,,261.9984227
,,,,,,,,,,,
8,23,2021,8/23/2021,41.38739861,-83.0849249,0,UM,,,,419.5154745
,,,,,,,,,,,
8,23,2021,8/23/2021,41.38634992,-83.09449515,0,UM,,,,315.9033243
,,,,,,,,,,,
8,23,2021,8/23/2021,41.37363665,-83.09477744,0,FM,,,,350.5942561
,,,,,,,,,,,
8,23,2021,8/23/2021,41.37943965,-83.09518598,0,FM,,,,245.9666732
,,,,,,,,,,,
8,24,2021,8/24/2021,41.41154153,-83.08059814,0,LM,,,,427.5763394
,,,,,,,,,,,
8,24,2021,8/24/2021,41.40278416,-83.08562055,0,LM,,,,412.0763742
,,,,,,,,,,,
8,24,2021,8/24/2021,41.39686592,-83.1030256,0,UM,,,,423.678534
,,,,,,,,,,,
8,24,2021,8/24/2021,41.39296,-83.10614,0,UM,,,,665.7517129
,,,,,,,,,,,
8,24,2021,8/24/2021,41.39338055,-83.10021043,0,UM,,,,387.4219586
,,,,,,,,,,,
8,24,2021,8/24/2021,41.3876,-83.08572,0,UM,,,,518.2698064
,,,,,,,,,,,
8,24,2021,8/24/2021,41.38390654,-83.09649926,0,UM,,,,283.7209592
,,,,,,,,,,,
8,24,2021,8/24/2021,41.37412125,-83.09574359,0,FM,,,,338.783131
,,,,,,,,,,,
8,24,2021,8/24/2021,41.3733337,-83.09473758,0,FM,,,,226.2575117
,,,,,,,,,,,
8,24,2021,8/24/2021,41.3794,-83.09513,0,FM,,,,459.5653755
,,,,,,,,,,,
8,24,2021,8/24/2021,41.36047448,-83.100456,0,FM,,,,214.2039911
,,,,,,,,,,,
8,25,2021,8/25/2021,41.41618,-83.08641,0,LM,,,,579.4253776
,,,,,,,,,,,
8,25,2021,8/25/2021,41.40481113,-83.07907795,0,LM,,,,338.3454678
,,,,,,,,,,,
8,25,2021,8/25/2021,41.3929,-83.10713,0,UM,,,,232.8774264
,,,,,,,,,,,
8,25,2021,8/25/2021,41.39121,-83.10301,0,UM,,,,329.5545208
,,,,,,,,,,,
8,26,2021,8/26/2021,41.41789286,-83.08544797,0,LM,,,,388.5293051
,,,,,,,,,,,
8,26,2021,8/26/2021,41.41745536,-83.08592208,0,LM,,,,241.7432051
,,,,,,,,,,,
8,26,2021,8/26/2021,41.40882777,-83.07868468,0,LM,,,,453.3401707
,,,,,,,,,,,
8,26,2021,8/26/2021,41.39408752,-83.10733669,0,UM,,,,193.9006705
,,,,,,,,,,,
8,26,2021,8/26/2021,41.39342358,-83.09985328,0,UM,,,,401.2427771
,,,,,,,,,,,
8,26,2021,8/26/2021,41.38673,-83.08574,0,UM,,,,486.7068956
,,,,,,,,,,,
8,26,2021,8/26/2021,41.38101233,-83.0957602,0,UM,,,,366.0343982
,,,,,,,,,,,
8,26,2021,8/26/2021,41.38655,-83.0936184,0,UM,,,,532.2936508
,,,,,,,,,,,
8,26,2021,8/26/2021,41.37942,-83.09503,0,FM,,,,532.6554717
,,,,,,,,,,,
8,26,2021,8/26/2021,41.36961862,-83.10228638,0,FM,,,,279.6105593
,,,,,,,,,,,
8,26,2021,8/26/2021,41.36159102,-83.1001965,0,FM,,,,220.5647159
,,,,,,,,,,,
8,30,2021,8/30/2021,41.415351,-83.08643762,0,LM,,,,453.2030938
,,,,,,,,,,,
8,30,2021,8/30/2021,41.40571849,-83.07919439,0,LM,,,,523.5078361
,,,,,,,,,,,
8,30,2021,8/30/2021,41.4026624,-83.08762444,0,LM,,,,418.1170235
,,,,,,,,,,,
8,30,2021,8/30/2021,41.39664582,-83.10296076,0,UM,,,,392.5240835
,,,,,,,,,,,
8,30,2021,8/30/2021,41.39295585,-83.10073594,0,UM,,,,282.8096806
,,,,,,,,,,,
8,30,2021,8/30/2021,41.38973445,-83.10394116,0,UM,,,,483.0014443
,,,,,,,,,,,
8,30,2021,8/30/2021,41.38354597,-83.09767372,0,UM,,,,206.707018
,,,,,,,,,,,
8,31,2021,8/31/2021,41.42935667,-83.05909553,0,LM,,,,403.8252192
,,,,,,,,,,,
8,31,2021,8/31/2021,41.42238951,-83.06901274,0,LM,,,,291.4123937
,,,,,,,,,,,
8,31,2021,8/31/2021,41.39408514,-83.10780867,0,UM,,,,717.5165838
,,,,,,,,,,,
8,31,2021,8/31/2021,41.39250049,-83.1061343,0,UM,,,,273.7644769
,,,,,,,,,,,
8,31,2021,8/31/2021,41.39409181,-83.10726907,0,UM,,,,159.8067896
,,,,,,,,,,,
8,31,2021,8/31/2021,41.39342069,-83.10000289,0,UM,,,,304.165643
,,,,,,,,,,,
8,31,2021,8/31/2021,41.38572434,-83.08602978,0,UM,,,,404.3949732
,,,,,,,,,,,
8,31,2021,8/31/2021,41.38389133,-83.09643258,0,UM,,,,434.3975019
,,,,,,,,,,,
8,31,2021,8/31/2021,41.37105585,-83.0965997,0,FM,,,,253.0803555
,,,,,,,,,,,
8,31,2021,8/31/2021,41.36101304,-83.10071681,0,FM,,,,342.1246818
,,,,,,,,,,,
9,1,2021,9/1/2021,41.41746159,-83.08578634,0,LM,,,,1581.867264
,,,,,,,,,,,
9,1,2021,9/1/2021,41.3867,-83.09012,0,UM,,,,124.0309197
,,,,,,,,,,,
9,1,2021,9/1/2021,41.636969,-83.10012,0,FM,,,,
,,,,,,,,,,,
9,1,2021,9/1/2021,41.41880222,-83.0708976,3,LM,,,,381.3964308
,,,,,,,,,,,
9,1,2021,9/1/2021,41.41807394,-83.07190723,0,LM,,,,
,,,,,,,,,,,
9,1,2021,9/1/2021,41.41264057,-83.08330484,0,LM,,,,
,,,,,,,,,,,
9,1,2021,9/1/2021,41.42286793,-83.06924809,0,LM,,,,
,,,,,,,,,,,
9,2,2021,9/2/2021,41.4175531,-83.08532709,0,LM,,,,
,,,,,,,,,,,
9,2,2021,9/2/2021,41.39501905,-83.1090747,0,UM,,,,174.8674874
,,,,,,,,,,,
9,2,2021,9/2/2021,41.39202161,-83.08819504,0,UM,,,,411.4270169
,,,,,,,,,,,
9,2,2021,9/2/2021,41.36254636,-83.10275357,0,FM,,,,448.3806142
,,,,,,,,,,,
9,2,2021,9/2/2021,41.43357493,-83.0301192,2,M,,,,777.1015438
,,,,,,,,,,,
9,2,2021,9/2/2021,41.43478152,-83.02912268,0,M,,,,234.6242134
,,,,,,,,,,,
9,2,2021,9/2/2021,41.43847625,-83.03151954,2,M,,,,1122.64664
,,,,,,,,,,,
9,2,2021,9/2/2021,41.41879847,-83.07093167,1,LM,,,,317.8727506
,,,,,,,,,,,
9,2,2021,9/2/2021,41.41725155,-83.07121292,1,LM,,,,490.2540167
,,,,,,,,,,,
9,7,2021,9/7/2021,41.39174,-83.10598,0,UM,,,,
,,,,,,,,,,,
9,7,2021,9/7/2021,41.38354,-83.09776,0,UM,,,,744.8093882
,,,,,,,,,,,
9,7,2021,9/7/2021,41.37859,-83.09487,0,FM,,,,649.608046
,,,,,,,,,,,
9,8,2021,9/8/2021,41.39016861,-83.10371232,0,UM,,,,381.138762
,,,,,,,,,,,
9,8,2021,9/8/2021,41.39348,-83.09576,1,UM,,,,291.5772489
,,,,,,,,,,,
9,8,2021,9/8/2021,41.38580913,-83.08949273,0,UM,,,,85.07350893
,,,,,,,,,,,
9,8,2021,9/8/2021,41.39079,-83.08779,0,UM,,,,91.17042893
,,,,,,,,,,,
9,8,2021,9/8/2021,41.38748175,-83.08491603,0,UM,,,,133.9020804
,,,,,,,,,,,
9,8,2021,9/8/2021,41.38324,-83.09776,0,UM,,,,439.0350159
,,,,,,,,,,,
9,8,2021,9/8/2021,41.35464185,-83.10449978,0,FM,,,,559.5318346
,,,,,,,,,,,
9,9,2021,9/9/2021,41.41961318,-83.08603828,0,LM,,,,
,,,,,,,,,,,
9,9,2021,9/9/2021,41.42032,-83.07605,0,LM,,,,342.2208996
,,,,,,,,,,,
9,9,2021,9/9/2021,41.41199,-83.08159,0,LM,,,,346.9098516
,,,,,,,,,,,
9,9,2021,9/9/2021,41.39368479,-83.11132825,0,UM,,,,112.7001558
,,,,,,,,,,,
9,9,2021,9/9/2021,41.41692,-83.0728,0,LM,,,,161.3330763
,,,,,,,,,,,
9,9,2021,9/9/2021,41.42044122,-83.06916259,0,LM,,,,
,,,,,,,,,,,
9,10,2021,9/10/2021,41.44718,-83.0117324,0,M,,,,393.6422134
,,,,,,,,,,,
9,10,2021,9/10/2021,41.41501769,-83.08629163,0,LM,,,,421.2237538
,,,,,,,,,,,
9,10,2021,9/10/2021,41.40356576,-83.08092146,0,LM,,,,365.3275515
,,,,,,,,,,,
9,10,2021,9/10/2021,41.39323129,-83.09401375,0,UM,,,,396.6209709
,,,,,,,,,,,
9,10,2021,9/10/2021,41.43366989,-83.02991408,0,M,,,,109.9836303
,,,,,,,,,,,
9,10,2021,9/10/2021,41.43772,-83.04160988,0,M,,,,316.3655763
,,,,,,,,,,,
9,10,2021,9/10/2021,41.44027634,-83.03529182,0,M,,,,
,,,,,,,,,,,
9,10,2021,9/10/2021,41.43065758,-83.04660406,0,M,,,,111.8042362
,,,,,,,,,,,
9,10,2021,9/10/2021,41.43427,-83.04225,0,M,,,,625.8867596
,,,,,,,,,,,
9,15,2021,9/15/2021,41.38540241,-83.09449828,0,UM,,,,180.0243208
,,,,,,,,,,,
9,20,2021,9/20/2021,41.39023102,-83.10248867,0,UM,,,,
,,,,,,,,,,,
9,20,2021,9/20/2021,41.44110231,-83.03425766,0,M,,,,178.7644226
,,,,,,,,,,,
9,20,2021,9/20/2021,41.43044763,-83.05912287,0,LM,,,,205.6133547
,,,,,,,,,,,
9,20,2021,9/20/2021,41.4277972,-83.05747562,0,LM,,,,331.3461849
,,,,,,,,,,,
9,20,2021,9/20/2021,41.42722269,-83.06097593,0,LM,,,,409.6837902
,,,,,,,,,,,
9,21,2021,9/21/2021,41.43882,-83.03125,0,M,,,,820.9165161
,,,,,,,,,,,
9,21,2021,9/21/2021,41.41852443,-83.07123671,0,LM,,,,397.5518919
,,,,,,,,,,,
9,21,2021,9/21/2021,41.41678,-83.07186,0,LM,,,,391.694314
,,,,,,,,,,,
9,27,2021,9/27/2021,41.41136433,-83.08007477,0,LM,,,,461.8828942
,,,,,,,,,,,
9,27,2021,9/27/2021,41.39048262,-83.10352218,0,UM,,,,413.4922436
,,,,,,,,,,,
9,27,2021,9/27/2021,41.3819791,-83.09692489,0,UM,,,,405.2134858
,,,,,,,,,,,
9,27,2021,9/27/2021,41.38552148,-83.09465589,0,UM,,,,386.3904833
,,,,,,,,,,,
9,27,2021,9/27/2021,41.37884984,-83.09500253,0,FM,,,,440.0285236
,,,,,,,,,,,
9,28,2021,9/28/2021,41.40360864,-83.08077103,0,LM,,,,443.4782232
,,,,,,,,,,,
9,28,2021,9/28/2021,41.40604729,-83.07979657,0,LM,,,,481.2303202
,,,,,,,,,,,
9,28,2021,9/28/2021,41.39949368,-83.0995844,0,UM,,,,505.7158586
,,,,,,,,,,,
9,28,2021,9/28/2021,41.39205872,-83.1061262,1,UM,,,,276.6197731
,,,,,,,,,,,
9,28,2021,9/28/2021,41.39386146,-83.09915867,0,UM,,,,410.430739
,,,,,,,,,,,
9,28,2021,9/28/2021,41.3877119,-83.0856915,0,UM,,,,500.69588
,,,,,,,,,,,
9,28,2021,9/28/2021,41.37375767,-83.09480864,0,FM,,,,427.2635563
,,,,,,,,,,,
9,28,2021,9/28/2021,41.41982243,-83.07427414,0,LM,,,,354.3406752
,,,,,,,,,,,
9,29,2021,9/29/2021,41.41632,-83.08631,0,LM,,,,453.2030938
,,,,,,,,,,,
9,29,2021,9/29/2021,41.40598,-83.07985,0,LM,,,,317.7282231
,,,,,,,,,,,
9,29,2021,9/29/2021,41.39068,-83.1035,0,UM,,,,732.3569311
,,,,,,,,,,,
9,29,2021,9/29/2021,41.38678464,-83.09024534,0,UM,,,,380.2703443
,,,,,,,,,,,
9,29,2021,9/29/2021,41.38571772,-83.09369311,0,UM,,,,373.2745068
,,,,,,,,,,,
9,29,2021,9/29/2021,41.37076656,-83.09780937,0,FM,,,,369.6389638
,,,,,,,,,,,
9,30,2021,9/30/2021,41.41942,-83.08075,0,LM,,,,509.3149859
,,,,,,,,,,,
9,30,2021,9/30/2021,41.39793,-83.10129,0,UM,,,,357.522153
,,,,,,,,,,,
9,30,2021,9/30/2021,41.39273,-83.1063,0,UM,,,,349.2206801
,,,,,,,,,,,
9,30,2021,9/30/2021,41.45044244,-83.02183819,0,M,,,,392.5592618
,,,,,,,,,,,
9,30,2021,9/30/2021,41.44650476,-83.02675734,0,M,,,,400.217851
,,,,,,,,,,,
9,30,2021,9/30/2021,41.4261802,-83.04771651,0,M,,,,313.3280789
,,,,,,,,,,,
10,4,2021,10/4/2021,41.41356745,-83.08513695,0,LM,,,,267.6299746
,,,,,,,,,,,
10,4,2021,10/4/2021,41.40523,-83.0806,1,LM,,,,431.2553062
,,,,,,,,,,,
10,5,2021,10/5/2021,41.40123671,-83.09753932,0,UM,,,,280.1396997
,,,,,,,,,,,
10,5,2021,10/5/2021,41.35710194,-83.10155097,0,FM,,,,363.3844711
,,,,,,,,,,,
10,5,2021,10/5/2021,41.36038561,-83.10060091,0,FM,,,,315.8137619
,,,,,,,,,,,
10,6,2021,10/6/2021,41.41257,-83.08342,0,LM,,,,404.1027755
,,,,,,,,,,,
10,6,2021,10/6/2021,41.41736348,-83.08587275,0,LM,,,,317.0018151
,,,,,,,,,,,
10,6,2021,10/6/2021,41.405361,-83.08042631,0,LM,,,,413.3669617
,,,,,,,,,,,
10,6,2021,10/6/2021,41.40159947,-83.09674536,0,UM,,,,432.6196784
,,,,,,,,,,,
10,6,2021,10/6/2021,41.39074,-83.10568,0,UM,,,,738.5856809
,,,,,,,,,,,
10,6,2021,10/6/2021,41.37469274,-83.09582864,0,FM,,,,342.151844
,,,,,,,,,,,
10,6,2021,10/6/2021,41.37873602,-83.09484383,0,FM,,,,
,,,,,,,,,,,
10,6,2021,10/6/2021,41.43269,-83.03252,0,M,,,,1048.734386
,,,,,,,,,,,
10,6,2021,10/6/2021,41.43699,-83.03743,0,M,,,,
,,,,,,,,,,,
10,6,2021,10/6/2021,41.43539461,-83.04126149,0,M,,,,427.6809679
,,,,,,,,,,,
10,7,2021,10/7/2021,41.40536474,-83.08042055,0,LM,,,,401.5687963
,,,,,,,,,,,
10,7,2021,10/7/2021,41.39061508,-83.10577931,0,UM,,,,483.9383673
,,,,,,,,,,,
10,7,2021,10/7/2021,41.39269987,-83.09227264,0,UM,,,,350.1997889
,,,,,,,,,,,
10,7,2021,10/7/2021,41.38471348,-83.09592998,0,UM,,,,355.4866224
,,,,,,,,,,,
10,7,2021,10/7/2021,41.36973017,-83.10047086,0,FM,,,,184.6017835
,,,,,,,,,,,
10,7,2021,10/7/2021,41.35735028,-83.10378296,0,FM,,,,408.3088146
,,,,,,,,,,,
10,11,2021,10/11/2021,41.41566173,-83.08528042,0,LM,,,,303.8240153
,,,,,,,,,,,
10,11,2021,10/11/2021,41.40608495,-83.07973633,0,LM,,,,273.2466442
,,,,,,,,,,,
10,11,2021,10/11/2021,41.39427419,-83.10711076,0,UM,,,,232.7616598
,,,,,,,,,,,
10,11,2021,10/11/2021,41.39326317,-83.09813102,0,UM,,,,346.0909816
,,,,,,,,,,,
10,11,2021,10/11/2021,41.39336156,-83.10002667,0,UM,,,,185.96117
,,,,,,,,,,,
10,11,2021,10/11/2021,41.39023729,-83.10256293,0,UM,,,,399.4921407
,,,,,,,,,,,
10,11,2021,10/11/2021,41.38559,-83.08897,0,UM,,,,493.4690886
,,,,,,,,,,,
10,11,2021,10/11/2021,41.37375572,-83.09500127,0,FM,,,,413.1105707
,,,,,,,,,,,
10,11,2021,10/11/2021,41.37675,-83.09609,0,FM,,,,520.8335998
,,,,,,,,,,,
10,11,2021,10/11/2021,41.37074,-83.09796,0,FM,,,,415.8018752
,,,,,,,,,,,
10,12,2021,10/12/2021,41.41504,-83.08643,0,LM,,,,463.2030938
,,,,,,,,,,,
10,12,2021,10/12/2021,41.39973944,-83.09714573,0,UM,,,,417.3722114
,,,,,,,,,,,
10,12,2021,10/12/2021,41.39118029,-83.10307169,0,UM,,,,374.2448029
,,,,,,,,,,,
10,12,2021,10/12/2021,41.39311,-83.09388,0,UM,,,,528.8378151
,,,,,,,,,,,
10,12,2021,10/12/2021,41.38560517,-83.09583956,0,UM,,,,421.2414721
,,,,,,,,,,,
10,12,2021,10/12/2021,41.36432318,-83.10608985,0,FM,,,,322.5137762
,,,,,,,,,,,
10,13,2021,10/13/2021,41.41162281,-83.07994181,0,LM,,,,459.3110161
,,,,,,,,,,,
10,13,2021,10/13/2021,41.41513469,-83.0852959,0,LM,,,,415.586437
,,,,,,,,,,,
10,13,2021,10/13/2021,41.40896,-83.07868,0,LM,,,,529.9898852
,,,,,,,,,,,
10,13,2021,10/13/2021,41.39496635,-83.10502966,0,UM,,,,334.6876116
,,,,,,,,,,,
10,13,2021,10/13/2021,41.39314,-83.09831,0,UM,,,,522.6654741
,,,,,,,,,,,
10,13,2021,10/13/2021,41.38975,-83.08673,0,UM,,,,501.6682277
,,,,,,,,,,,
10,13,2021,10/13/2021,41.38383205,-83.0964229,0,UM,,,,414.6896217
,,,,,,,,,,,
10,13,2021,10/13/2021,41.36977371,-83.10229888,0,FM,,,,334.5971636
,,,,,,,,,,,
10,13,2021,10/13/2021,41.37111586,-83.09657749,0,FM,,,,178.2755703
,,,,,,,,,,,
10,13,2021,10/13/2021,41.36606195,-83.1065018,0,FM,,,,334.2326753
,,,,,,,,,,,
10,13,2021,10/13/2021,41.35442865,-83.1075063,0,FM,,,,377.500577
,,,,,,,,,,,
10,14,2021,10/14/2021,41.4035409,-83.08199241,0,LM,,,,
,,,,,,,,,,,
10,14,2021,10/14/2021,41.44393,-83.01095,0,M,,,,1169.168618
,,,,,,,,,,,
10,14,2021,10/14/2021,41.40231072,-83.08341757,0,UM,,,,
,,,,,,,,,,,
10,14,2021,10/14/2021,41.60256875,-83.57392473,1,UM,,,,
,,,,,,,,,,,
10,14,2021,10/14/2021,41.38997,-83.08659,0,UM,,,,351.0125597
,,,,,,,,,,,
10,14,2021,10/14/2021,41.44906858,-83.02594594,0,M,,,,394.9808573
,,,,,,,,,,,
10,14,2021,10/14/2021,41.56967404,-83.63963623,0,FM,,,,
,,,,,,,,,,,
10,18,2021,10/18/2021,41.42289578,-83.06887033,0,LM,,,,248.9294583
,,,,,,,,,,,
10,18,2021,10/18/2021,41.40169586,-83.09123288,0,UM,,,,470.7247819
,,,,,,,,,,,
10,18,2021,10/18/2021,41.39733,-83.10029,0,UM,,,,354.3442297
,,,,,,,,,,,
10,18,2021,10/18/2021,41.39132051,-83.10598471,0,UM,,,,407.5298911
,,,,,,,,,,,
10,18,2021,10/18/2021,41.39339481,-83.09723071,0,UM,,,,337.7517486
,,,,,,,,,,,
10,18,2021,10/18/2021,41.42734802,-83.06087637,0,LM,,,,429.9050616
,,,,,,,,,,,
10,18,2021,10/18/2021,41.42675138,-83.05443403,0,LM,,,,201.665492
,,,,,,,,,,,
10,18,2021,10/18/2021,41.41983967,-83.07278593,0,LM,,,,274.8872807
,,,,,,,,,,,
10,19,2021,10/19/2021,41.41516,-83.08602,0,LM,,,,352.0588147
,,,,,,,,,,,
10,19,2021,10/19/2021,41.40532,-83.0806,0,LM,,,,490.723397
,,,,,,,,,,,
10,19,2021,10/19/2021,41.39096,-83.10592,1,UM,,,,820.3592318
,,,,,,,,,,,
10,19,2021,10/19/2021,41.3847797,-83.09576301,0,UM,,,,411.7378883
,,,,,,,,,,,
10,19,2021,10/19/2021,41.37872532,-83.09494006,0,FM,,,,431.8793885
,,,,,,,,,,,
10,19,2021,10/19/2021,41.36962037,-83.10240158,0,FM,,,,224.8569792
,,,,,,,,,,,
10,19,2021,10/19/2021,41.37122637,-83.09637436,0,FM,,,,314.77026
,,,,,,,,,,,
10,19,2021,10/19/2021,41.36669469,-83.10652132,0,FM,,,,469.0865509
,,,,,,,,,,,
10,19,2021,10/19/2021,41.35711308,-83.10428739,0,FM,,,,335.5792853
,,,,,,,,,,,
10,19,2021,10/19/2021,41.36012577,-83.10070289,0,FM,,,,356.4662784
,,,,,,,,,,,
10,20,2021,10/20/2021,41.44889,-83.02888,0,M,,,,465.9359912
,,,,,,,,,,,
10,20,2021,10/20/2021,41.43714,-83.04295,0,M,,,,
,,,,,,,,,,,
10,20,2021,10/20/2021,41.43263,-83.04304,0,M,,,,369.6884016
,,,,,,,,,,,
10,25,2021,10/25/2021,41.38941663,-83.08642364,0,UM,,,,445.7049066
,,,,,,,,,,,
10,25,2021,10/25/2021,41.38639358,-83.08850284,0,UM,,,,451.5630038
,,,,,,,,,,,
10,25,2021,10/25/2021,41.37867061,-83.09641842,1,FM,,,,122.3494994
,,,,,,,,,,,
10,27,2021,10/27/2021,41.38967412,-83.10229197,0,UM,,,,256.8385703
,,,,,,,,,,,
10,27,2021,10/27/2021,41.39123301,-83.10158878,0,UM,,,,439.1602921
,,,,,,,,,,,
10,28,2021,10/28/2021,41.40592914,-83.07958066,0,LM,,,,386.9363656
,,,,,,,,,,,
10,28,2021,10/28/2021,41.37851,-83.09495,0,FM,,,,
,,,,,,,,,,,
11,8,2021,11/8/2021,41.36018992,-83.10057182,0,FM,,,,568.621312
,,,,,,,,,,,
11,8,2021,11/8/2021,41.35252135,-83.10997686,1,FM,,,,1062.837626
,,,,,,,,,,,
11,10,2021,11/10/2021,41.37887414,-83.09496933,0,FM,,,,172.3221444
,,,,,,,,,,,
11,10,2021,11/10/2021,41.35258042,-83.10988429,1,FM,,,,319.8697792
,,,,,,,,,,,
11,10,2021,11/10/2021,41.35165874,-83.11079245,0,FM,,,,667.5297816
