,month,day,year,cdate,lat,long,count,segment,dischcf,dischcm,discbins,efish_distance,response
1,6,15,2018,15/06/2018,41.42125,-83.0762,0,LM,2170.208333,61.45335532,c,,
2,6,15,2018,15/06/2018,41.42036,-83.08446,0,LM,2170.208333,61.45335532,c,,
3,6,15,2018,15/06/2018,41.42041,-83.08381,0,LM,2170.208333,61.45335532,c,,
4,6,27,2018,27/06/2018,41.42125,-83.0762,1,LM,526.875,14.919414,b,,
5,6,27,2018,27/06/2018,41.42041,-83.08381,1,LM,526.875,14.919414,b,,
6,6,27,2018,27/06/2018,41.41992,-83.07491,0,LM,526.875,14.919414,b,,
7,6,27,2018,27/06/2018,41.41758,-83.08432,0,LM,526.875,14.919414,b,,
8,8,23,2018,23/08/2018,41.41725,-83.08471,0,LM,269.0208333,7.617809132,a,,
9,8,23,2018,23/08/2018,41.42024,-83.07612,0,LM,269.0208333,7.617809132,a,,
10,8,23,2018,23/08/2018,41.41032,-83.07905,0,LM,269.0208333,7.617809132,a,,
11,9,13,2018,13/09/2018,41.411732,-83.08069,0,LM,338.4583333,9.584056932,a,,
12,9,13,2018,13/09/2018,41.417321,-83.08586,0,LM,338.4583333,9.584056932,a,,
13,9,13,2018,13/09/2018,41.41985,-83.07481,0,LM,338.4583333,9.584056932,a,,
14,9,13,2018,13/09/2018,41.40286,-83.08535,0,LM,338.4583333,9.584056932,a,,
15,9,14,2018,14/09/2018,41.43538,-83.04153,0,M,265.7291667,7.524599668,a,,
16,9,14,2018,14/09/2018,41.41433,-83.08588,1,LM,265.7291667,7.524599668,a,,
17,9,14,2018,14/09/2018,41.41554,-83.08634,1,LM,265.7291667,7.524599668,a,,
18,11,16,2018,16/11/2018,41.41601,-83.08644,0,LM,734.2708333,20.79220033,b,,
19,11,16,2018,16/11/2018,41.42269,-83.06291,0,LM,734.2708333,20.79220033,b,,
20,10,1,2019,10/1/2019,41.41836,-83.07214,0,LM,919.90625,26.0488013,b,,
21,4,2,2019,4/2/2019,41.41965,-83.07388,0,LM,1126.9375,31.9112638,b,,
22,4,3,2019,4/3/2019,41.3793,-83.09507,0,UM,618.875,17.5245596,b,,
23,10,3,2019,10/3/2019,41.41837,-83.07217,2,LM,905.5,25.6408624,b,,
24,10,3,2019,10/3/2019,41.41837,-83.07217,2,LM,905.5,25.6408624,b,,
25,10,3,2019,10/3/2019,41.42007,-83.07529,0,LM,905.5,25.6408624,b,,
26,4,23,2019,23/04/2019,41.41815,-83.08774,0,LM,8316.5625,235.498437,d,,
27,4,24,2019,24/04/2019,41.37007,-83.09746,0,UM,4445.520833,125.8829243,c,,
28,4,25,2019,25/04/2019,41.43704,-83.04034,0,M,1787.708333,50.62217932,c,,
29,4,25,2019,25/04/2019,41.43719,-83.04134,0,M,1787.708333,50.62217932,c,,
30,4,26,2019,26/04/2019,41.43601,-83.03011,0,M,3811.458333,107.9283033,c,,
31,5,15,2019,15/05/2019,41.42008,-83.07553,1,LM,2743.125,77.676522,c,,
32,5,15,2019,15/05/2019,41.4185,-83.07523,0,LM,2743.125,77.676522,c,,
33,5,15,2019,15/05/2019,41.41942,-83.07997,0,LM,2743.125,77.676522,c,,
34,5,21,2019,21/05/2019,41.41802,-83.08364,0,LM,1146.458333,32.46403132,b,,
35,5,21,2019,21/05/2019,41.41966,-83.07347,0,LM,1146.458333,32.46403132,b,,
36,5,29,2019,29/05/2019,41.41827,-83.0835,0,LM,1075.90625,30.4662221,b,,
37,5,29,2019,29/05/2019,41.41516,-83.08519,0,LM,1075.90625,30.4662221,b,,
38,5,31,2019,31/05/2019,41.34191,-83.10882,1,FM,1616.145833,45.76407832,b,,
39,6,20,2019,20/06/2019,41.3507,-83.1098,0,FM,9324.375,264.036462,d,,
40,6,20,2019,20/06/2019,41.35576,-83.10421,0,FM,9324.375,264.036462,d,,
41,6,20,2019,20/06/2019,41.35445,-83.10703,0,FM,9324.375,264.036462,d,,
42,6,25,2019,25/06/2019,41.35506,-83.10428,0,FM,1810.416667,51.26520668,c,,
43,6,25,2019,25/06/2019,41.35192,-83.11195,0,FM,1810.416667,51.26520668,c,,
44,6,25,2019,25/06/2019,41.35309,-83.11042,0,FM,1810.416667,51.26520668,c,,
45,6,25,2019,25/06/2019,41.35622,-83.10557,0,FM,1810.416667,51.26520668,c,,
46,6,25,2019,25/06/2019,41.34784,-83.11131,0,FM,1810.416667,51.26520668,c,,
47,6,25,2019,25/06/2019,41.35416,-83.10455,0,FM,1810.416667,51.26520668,c,,
48,6,25,2019,25/06/2019,41.35621,-83.10619,0,FM,1810.416667,51.26520668,c,,
49,6,26,2019,26/06/2019,41.43628,-83.04121,0,M,1144.15625,32.3988437,b,,
50,6,26,2019,26/06/2019,41.43466,-83.04232,0,M,1144.15625,32.3988437,b,,
51,6,26,2019,26/06/2019,41.4384,-83.03847,0,M,1144.15625,32.3988437,b,,
52,6,26,2019,26/06/2019,41.42006,-83.07517,0,LM,1144.15625,32.3988437,b,,
53,6,26,2019,26/06/2019,41.41232,-83.07301,0,LM,1144.15625,32.3988437,b,,
54,6,26,2019,26/06/2019,41.4141,-83.09228,0,LM,1144.15625,32.3988437,b,,
55,6,26,2019,26/06/2019,41.41744,-83.08574,0,LM,1144.15625,32.3988437,b,,
56,6,26,2019,26/06/2019,41.41693,-83.07201,0,LM,1144.15625,32.3988437,b,,
57,6,26,2019,26/06/2019,41.41767,-83.08613,0,LM,1144.15625,32.3988437,b,,
58,6,26,2019,26/06/2019,41.41554,-83.08978,1,LM,1144.15625,32.3988437,b,,
59,8,7,2019,8/7/2019,41.41625,-83.08634,0,LM,1210.3125,34.272177,b,,
60,8,7,2019,8/7/2019,41.42035,-83.07765,2,LM,1210.3125,34.272177,b,,
61,8,7,2019,8/7/2019,41.42035,-83.07765,2,LM,1210.3125,34.272177,b,,
62,8,7,2019,8/7/2019,41.41844,-83.07456,0,LM,1210.3125,34.272177,b,,
63,8,7,2019,8/7/2019,41.4235,-83.06561,2,LM,1210.3125,34.272177,b,,
64,8,7,2019,8/7/2019,41.4235,-83.06561,2,LM,1210.3125,34.272177,b,,
65,7,17,2019,17/07/2019,41.43304,-83.04287,0,M,918.375,26.0054412,b,,
66,7,17,2019,17/07/2019,41.41995,-83.07488,0,LM,918.375,26.0054412,b,,
67,7,17,2019,17/07/2019,41.42211,-83.06541,1,LM,918.375,26.0054412,b,,
68,7,17,2019,17/07/2019,41.4199,-83.07474,0,LM,918.375,26.0054412,b,,
69,7,17,2019,17/07/2019,41.42339,-83.06598,0,LM,918.375,26.0054412,b,,
70,7,17,2019,17/07/2019,41.41431,-83.08571,1,LM,918.375,26.0054412,b,,
71,7,17,2019,17/07/2019,41.41753,-83.0889,0,LM,918.375,26.0054412,b,,
72,7,17,2019,17/07/2019,41.41148,-83.08034,0,LM,918.375,26.0054412,b,,
73,7,17,2019,17/07/2019,41.41294,-83.08411,0,LM,918.375,26.0054412,b,,
74,7,17,2019,17/07/2019,41.41872,-83.08781,0,LM,918.375,26.0054412,b,,
75,7,17,2019,17/07/2019,41.42246,-83.07283,0,LM,918.375,26.0054412,b,,
76,7,18,2019,17/07/2019,41.35287,-83.10953,0,FM,918.375,26.0054412,b,,
77,7,18,2019,17/07/2019,41.3533,-83.10579,0,FM,918.375,26.0054412,b,,
78,7,18,2019,17/07/2019,41.34415,-83.11065,0,FM,918.375,26.0054412,b,,
79,7,18,2019,17/07/2019,41.35067,-83.11078,0,FM,918.375,26.0054412,b,,
80,7,18,2019,17/07/2019,41.35084,-83.11106,0,FM,918.375,26.0054412,b,,
81,7,18,2019,17/07/2019,41.34238,-83.10861,0,FM,918.375,26.0054412,b,,
82,7,18,2019,17/07/2019,41.34187,-83.10955,0,FM,918.375,26.0054412,b,,
83,7,18,2019,17/07/2019,41.34174,-83.10864,0,FM,918.375,26.0054412,b,,
84,7,18,2019,17/07/2019,41.34286,-83.10952,0,FM,918.375,26.0054412,b,,
85,7,18,2019,17/07/2019,41.34169,-83.10878,0,FM,918.375,26.0054412,b,,
86,7,18,2019,17/07/2019,41.35451,-83.10938,0,FM,918.375,26.0054412,b,,
87,7,18,2019,17/07/2019,41.34272,-83.10917,0,FM,918.375,26.0054412,b,,
88,7,24,2019,24/07/2019,41.3509,-83.10996,0,FM,5686.041667,161.0105047,d,,
89,7,24,2019,24/07/2019,41.35181,-83.10792,0,FM,5686.041667,161.0105047,d,,
90,7,24,2019,24/07/2019,41.35185,-83.11062,0,FM,5686.041667,161.0105047,d,,
91,7,25,2019,25/07/2019,41.43803,-83.03212,0,M,3184.791667,90.18310868,c,,
92,7,25,2019,25/07/2019,41.42006,-83.07516,0,LM,3184.791667,90.18310868,c,,
93,7,25,2019,25/07/2019,41.42346,-83.06534,0,LM,3184.791667,90.18310868,c,,
94,7,25,2019,25/07/2019,41.41838,-83.07219,1,LM,3184.791667,90.18310868,c,,
95,7,25,2019,25/07/2019,41.41703,-83.07174,1,LM,3184.791667,90.18310868,c,,
96,7,25,2019,25/07/2019,41.41747,-83.08892,0,LM,3184.791667,90.18310868,c,,
97,7,31,2019,31/07/2019,41.41516,-83.08643,0,LM,296.5208333,8.396521132,a,,
98,7,31,2019,31/07/2019,41.41347,-83.08516,0,LM,296.5208333,8.396521132,a,,
99,7,31,2019,31/07/2019,41.41841,-83.07483,0,LM,296.5208333,8.396521132,a,,
100,10,8,2019,10/8/2019,41.41837,-83.07216,1,LM,152.09375,4.3068083,a,,
101,8,13,2019,13/08/2019,41.3532,-83.10555,0,FM,125,3.5396,a,,
102,8,13,2019,13/08/2019,41.3568,-83.10463,0,FM,125,3.5396,a,,
103,8,14,2019,14/08/2019,41.41161,-83.08086,0,LM,125,3.5396,a,,
104,8,14,2019,14/08/2019,41.41888,-83.08236,0,LM,125,3.5396,a,,
105,8,14,2019,14/08/2019,41.42005,-83.0752,0,LM,125,3.5396,a,,
106,8,14,2019,14/08/2019,41.42022,-83.076,1,LM,125,3.5396,a,,
107,8,14,2019,14/08/2019,41.42348,-83.0656,1,LM,125,3.5396,a,,
108,8,14,2019,14/08/2019,41.41835,-83.07216,0,LM,125,3.5396,a,,
109,10,9,2019,10/9/2019,41.43033,-83.07675,0,M,120,3.398016,a,,
110,10,9,2019,10/9/2019,41.41835,-83.07204,0,LM,120,3.398016,a,,
111,10,9,2019,10/9/2019,41.4235,-83.06534,0,LM,120,3.398016,a,,
112,9,17,2019,17/09/2019,41.41692,-83.0859,0,LM,81.4,2.30498752,a,,
113,9,17,2019,17/09/2019,41.4195,-83.07449,0,LM,81.4,2.30498752,a,,
114,9,17,2019,17/09/2019,41.42279,-83.06388,0,LM,81.4,2.30498752,a,,
115,9,19,2019,19/09/2019,41.4152,-83.08643,0,LM,69.4,1.96518592,a,,
116,9,19,2019,19/09/2019,41.41859,-83.08277,0,LM,69.4,1.96518592,a,,
117,9,19,2019,19/09/2019,41.42033,-83.07672,0,LM,69.4,1.96518592,a,,
118,9,19,2019,19/09/2019,41.42346,-83.06538,0,LM,69.4,1.96518592,a,,
119,9,30,2019,30/09/2019,41.41185,-83.08154,0,LM,122.0739583,3.456743862,a,,
120,9,30,2019,30/09/2019,41.41946,-83.07986,0,LM,122.0739583,3.456743862,a,,
121,9,30,2019,30/09/2019,41.42005,-83.07517,0,LM,122.0739583,3.456743862,a,,
122,10,16,2019,16/10/2019,41.41462,-83.08607,0,LM,64.80520833,1.835076123,a,,
123,10,16,2019,16/10/2019,41.40173,-83.09114,0,LM,64.80520833,1.835076123,a,,
124,10,17,2019,17/10/2019,41.41954,-83.07373,0,LM,69.4,1.96518592,a,,
125,10,18,2019,18/10/2019,41.41487,-83.08629,1,LM,67.85833333,1.921530853,a,,
126,10,18,2019,18/10/2019,41.42035,-83.07705,1,LM,67.85833333,1.921530853,a,,
127,10,18,2019,18/10/2019,41.42003,-83.07512,0,LM,67.85833333,1.921530853,a,,
128,10,23,2019,23/10/2019,41.41483,-83.08622,0,LM,62.2,1.76130496,a,,
129,10,23,2019,23/10/2019,41.41483,-83.08622,0,LM,62.2,1.76130496,a,,
130,10,23,2019,23/10/2019,41.41662,-83.08618,0,LM,62.2,1.76130496,a,,
131,10,23,2019,23/10/2019,41.41662,-83.08618,0,LM,62.2,1.76130496,a,,
132,10,23,2019,23/10/2019,41.40396,-83.0823,1,LM,62.2,1.76130496,a,,
133,10,24,2019,24/10/2019,41.37242,-83.09479,1,UM,62.2,1.76130496,a,,
134,10,25,2019,25/10/2019,41.41856,-83.07206,0,LM,59.04791667,1.672048047,a,,
135,10,25,2019,25/10/2019,41.42036,-83.0767,0,LM,59.04791667,1.672048047,a,,
136,10,25,2019,25/10/2019,41.42285,-83.06359,0,LM,59.04791667,1.672048047,a,,
137,10,25,2019,25/10/2019,41.41492,-83.08628,0,LM,59.04791667,1.672048047,a,,
138,6,11,2019,6/11/2019,41.41671,-83.08486,0,LM,278.9479167,7.898912368,a,,
139,6,11,2019,6/11/2019,41.42015,-83.07564,0,LM,278.9479167,7.898912368,a,,
140,6,11,2019,6/11/2019,41.41846,-83.07437,0,LM,278.9479167,7.898912368,a,,
141,6,11,2019,6/11/2019,41.35059,-83.11076,0,FM,278.9479167,7.898912368,a,,
142,7,1,2020,7/1/2020,41.39472,-83.10539,0,UM,1305.833333,36.97702132,b,136.298,Sustained
143,7,1,2020,7/1/2020,41.38845,-83.08579,0,UM,1305.833333,36.97702132,b,353.713,Sustained
144,7,1,2020,7/1/2020,41.38644,-83.08879,4,UM,1305.833333,36.97702132,b,140.96,Sustained
145,7,1,2020,7/1/2020,41.38497,-83.08497,0,UM,1305.833333,36.97702132,b,321.2313657,Sustained
146,9,1,2020,9/1/2020,41.42055112,-83.07152308,0,LM,679.6354167,19.24510017,b,425.657,Sustained
147,9,1,2020,9/1/2020,41.41603221,-83.08642586,0,LM,679.6354167,19.24510017,b,514.06,Sustained
148,9,1,2020,9/1/2020,41.39437926,-83.10718572,1,UM,679.6354167,19.24510017,b,259.016,Sustained
149,9,1,2020,9/1/2020,41.39133655,-83.10146573,0,UM,679.6354167,19.24510017,b,334.271,Sustained
150,9,1,2020,9/1/2020,41.39371217,-83.09941685,0,UM,679.6354167,19.24510017,b,168.922,Sustained
151,7,2,2020,7/2/2020,41.35594,-83.10363,0,FM,1215,34.404912,b,433.357,Sustained
152,7,2,2020,7/2/2020,41.3509,-83.11157,0,FM,1215,34.404912,b,619.481,Sustained
153,9,2,2020,9/2/2020,41.38737482,-83.08486819,0,UM,947.3020833,26.82456363,b,345.362,Sustained
154,9,2,2020,9/2/2020,41.38649818,-83.08900817,0,UM,947.3020833,26.82456363,b,298.58,Sustained
155,9,2,2020,9/2/2020,41.38657795,-83.09389466,0,UM,947.3020833,26.82456363,b,484.198,Sustained
156,9,2,2020,9/2/2020,41.37331792,-83.09472693,0,UM,947.3020833,26.82456363,b,377.591,Sustained
157,9,2,2020,9/2/2020,41.35843866,-83.10012932,0,FM,947.3020833,26.82456363,b,351.56,Sustained
158,9,2,2020,9/2/2020,41.3544843,-83.10489638,0,FM,947.3020833,26.82456363,b,380.63,Sustained
159,10,2,2020,10/2/2020,41.40536022,-83.08032382,2,LM,1410.385417,39.93760178,b,530.802,Targeted
160,8,4,2020,8/4/2020,41.44677,-83.01259,0,M,1248.21875,35.3455607,b,167.199,Sustained
161,8,4,2020,8/4/2020,41.4498323,-83.02821768,0,M,1248.21875,35.3455607,b,367.468,Sustained
162,8,4,2020,8/4/2020,41.43711,-83.04355,0,M,1248.21875,35.3455607,b,99.378,Sustained
163,8,4,2020,8/4/2020,41.42524,-83.05013,0,M,1248.21875,35.3455607,b,106.406,Sustained
164,8,4,2020,8/4/2020,41.42918949,-83.04821266,0,M,1248.21875,35.3455607,b,385.065,Sustained
165,8,4,2020,8/4/2020,41.41869,-83.07098,0,LM,1248.21875,35.3455607,b,396.67,Sustained
166,8,5,2020,8/5/2020,41.41848,-83.08298,0,LM,494.0416667,13.98967907,b,87.832,Sustained
167,8,5,2020,8/5/2020,41.40170676,-83.09114703,0,LM,494.0416667,13.98967907,b,423.93,Sustained
168,8,5,2020,8/5/2020,41.39011664,-83.10362342,1,UM,494.0416667,13.98967907,b,321.2313657,Sustained
169,8,5,2020,8/5/2020,41.39434,-83.1078,0,UM,494.0416667,13.98967907,b,73.932,Sustained
170,10,5,2020,10/5/2020,41.44606756,-83.0271033,0,M,435.6875,12.3372758,b,600.248,Sustained
171,10,5,2020,10/5/2020,41.43515447,-83.02950267,0,M,435.6875,12.3372758,b,299.385,Sustained
172,10,5,2020,10/5/2020,41.43716841,-83.03410223,0,M,435.6875,12.3372758,b,416.463,Sustained
173,10,5,2020,10/5/2020,41.43450995,-83.04214895,0,M,435.6875,12.3372758,b,367.621,Sustained
174,10,5,2020,10/5/2020,41.42842831,-83.05684046,0,M,435.6875,12.3372758,b,297.147,Sustained
175,10,5,2020,10/5/2020,41.42210038,-83.06420833,0,LM,435.6875,12.3372758,b,308.597,Sustained
176,10,5,2020,10/5/2020,41.41875471,-83.0829867,0,LM,435.6875,12.3372758,b,390.251,Sustained
177,10,5,2020,10/5/2020,41.42035432,-83.07754929,0,LM,435.6875,12.3372758,b,261.682,Sustained
178,7,6,2020,7/6/2020,41.38565,-83.09558,5,UM,387.9791667,10.98632847,b,138.547,Targeted
179,7,6,2020,7/6/2020,41.35069,-83.11092,0,FM,387.9791667,10.98632847,b,148.753,Realtime
180,7,6,2020,7/6/2020,41.35334,-83.10535,0,FM,387.9791667,10.98632847,b,266.491,Sustained
181,7,6,2020,7/6/2020,41.35617,-83.10425,0,FM,387.9791667,10.98632847,b,321.2313657,Targeted
182,8,6,2020,8/6/2020,41.39250332,-83.08904187,0,UM,459.9375,13.0239582,b,155.765,Sustained
183,8,6,2020,8/6/2020,41.38919509,-83.10070327,0,UM,459.9375,13.0239582,b,321.2313657,Sustained
184,8,6,2020,8/6/2020,41.38941408,-83.08636572,1,UM,459.9375,13.0239582,b,159.063,Sustained
185,8,6,2020,8/6/2020,41.38542,-83.0946,2,UM,459.9375,13.0239582,b,321.2313657,Sustained
186,8,6,2020,8/6/2020,41.35423007,-83.10461058,0,FM,459.9375,13.0239582,b,379.016,Sustained
187,10,6,2020,10/6/2020,41.40335828,-83.08301383,0,LM,309.9166667,8.775848268,a,479.011,Sustained
188,10,6,2020,10/6/2020,41.40177336,-83.09226939,0,LM,309.9166667,8.775848268,a,349.35,Sustained
189,10,6,2020,10/6/2020,41.39440895,-83.10563661,0,UM,309.9166667,8.775848268,a,445.49,Sustained
190,10,6,2020,10/6/2020,41.38719275,-83.08555058,2,UM,309.9166667,8.775848268,a,360.944,Sustained
191,6,23,2020,23/06/2020,41.43233,-83.03317,0,M,633.0520833,17.92600923,b,1261.229,Realtime
192,6,23,2020,23/06/2020,41.44555,-83.03305,0,M,633.0520833,17.92600923,b,130.2763,Realtime
193,6,23,2020,23/06/2020,41.35607,-83.10356,0,FM,633.0520833,17.92600923,b,358.536,Realtime
194,6,24,2020,24/06/2020,41.43317,-83.0427,0,M,668.3333333,18.92506133,b,321.2313657,Realtime
195,6,24,2020,24/06/2020,41.35437,-83.10795,0,FM,668.3333333,18.92506133,b,321.2313657,Targeted
196,6,25,2020,25/06/2020,41.37744,-83.09474,0,UM,452.6458333,12.81748153,b,118.9068,Targeted
197,6,25,2020,25/06/2020,41.35958,-83.09943,0,FM,452.6458333,12.81748153,b,166.5398,Targeted
198,6,29,2020,29/06/2020,41.43569,-83.03005,0,M,208.6666667,5.908772268,a,321.2313657,Sustained
199,6,29,2020,29/06/2020,41.43783,-83.04176,0,M,208.6666667,5.908772268,a,111.9798,Sustained
200,6,30,2020,30/06/2020,41.44066,-83.03451,0,M,244.2708333,6.916968332,a,321.2313657,Sustained
201,6,30,2020,30/06/2020,41.4204,-83.07673,0,LM,244.2708333,6.916968332,a,106.7965,Sustained
202,6,30,2020,30/06/2020,41.41833,-83.07182,0,LM,244.2708333,6.916968332,a,321.2313657,Sustained
203,6,30,2020,30/06/2020,41.41266,-83.08354,0,LM,244.2708333,6.916968332,a,161.2269,Sustained
204,7,7,2020,7/7/2020,41.43233,-83.04323,0,M,93.92708333,2.659714433,a,98.421,Realtime
205,7,7,2020,7/7/2020,41.37733,-83.09603,0,UM,93.92708333,2.659714433,a,576.483,Targeted
206,8,7,2020,8/7/2020,41.37341,-83.09472,0,UM,86.734375,2.45603995,a,401.534,Targeted
207,8,7,2020,8/7/2020,41.36938,-83.10373,0,FM,86.734375,2.45603995,a,473.766,Sustained
208,7,13,2020,13/07/2020,41.4236,-83.06623,0,LM,231.875,6.565958,a,154.96,Targeted
209,7,13,2020,13/07/2020,41.38581,-83.09554,1,UM,231.875,6.565958,a,119.063,Targeted
210,7,13,2020,13/07/2020,41.3696,-83.1048,0,FM,231.875,6.565958,a,400.793,Targeted
211,7,14,2020,14/07/2020,41.43109,-83.04417,0,M,215.0104167,6.088406968,a,247.457,Targeted
212,7,14,2020,14/07/2020,41.37956,-83.09518,0,UM,215.0104167,6.088406968,a,125.368,Targeted
213,7,14,2020,14/07/2020,41.38934,-83.10489,0,UM,215.0104167,6.088406968,a,318.716,Targeted
214,7,14,2020,14/07/2020,41.36038,-83.10079,1,FM,215.0104167,6.088406968,a,321.2313657,Targeted
215,7,15,2020,15/07/2020,41.38563,-83.09575,0,UM,159.3333333,4.511810132,a,140.163,Targeted
216,7,15,2020,15/07/2020,41.37456,-83.09494,2,UM,159.3333333,4.511810132,a,154.711,Targeted
217,7,15,2020,15/07/2020,41.37787,-83.09488,0,UM,159.3333333,4.511810132,a,523.038,Targeted
218,7,15,2020,15/07/2020,41.37956,-83.09518,0,UM,159.3333333,4.511810132,a,125.368,Targeted
219,7,16,2020,16/07/2020,41.38679,-83.09295,0,UM,117.3333333,3.322504532,a,256.057,Targeted
220,7,16,2020,16/07/2020,41.35554,-83.10443,0,FM,117.3333333,3.322504532,a,376.118,Targeted
221,7,20,2020,20/07/2020,41.42021,-83.07593,0,LM,64.86354167,1.836727937,a,152.966,Targeted
222,7,20,2020,20/07/2020,41.42323,-83.06434,0,LM,64.86354167,1.836727937,a,265.61,Targeted
223,7,20,2020,20/07/2020,41.39385,-83.09721,0,UM,64.86354167,1.836727937,a,700.006,Targeted
224,7,20,2020,20/07/2020,41.3519,-83.11063,0,FM,64.86354167,1.836727937,a,321.2313657,
225,7,21,2020,21/07/2020,41.38676,-83.09034,0,UM,59.225,1.67706248,a,121.309,Targeted
226,7,21,2020,21/07/2020,41.39007,-83.08667,0,UM,59.225,1.67706248,a,349.63,Targeted
227,7,21,2020,21/07/2020,41.39342,-83.0963,0,UM,59.225,1.67706248,a,177.308,Targeted
228,7,21,2020,21/07/2020,41.37737,-83.09488,0,UM,59.225,1.67706248,a,383.946,Targeted
229,7,21,2020,21/07/2020,41.38619,-83.08831,0,UM,59.225,1.67706248,a,438.392,Targeted
230,7,22,2020,22/07/2020,41.36973,-83.09862,0,UM,58.8,1.66502784,a,321.2313657,Targeted
231,7,22,2020,22/07/2020,41.38604,-83.09283,0,UM,58.8,1.66502784,a,321.2313657,Targeted
232,7,22,2020,22/07/2020,41.36142,-83.10114,1,FM,58.8,1.66502784,a,185.81,Realtime
233,7,22,2020,22/07/2020,41.36864,-83.10642,0,FM,58.8,1.66502784,a,230.742,Targeted
234,7,23,2020,23/07/2020,41.42771,-83.06081,0,M,79.21458333,2.243103513,a,321.2313657,Targeted
235,7,23,2020,23/07/2020,41.43128,-83.0441,1,M,79.21458333,2.243103513,a,225.898,Realtime
236,7,23,2020,23/07/2020,41.42269,-83.06274,0,LM,79.21458333,2.243103513,a,173.83,Targeted
237,7,23,2020,23/07/2020,41.37269,-83.0948,0,UM,79.21458333,2.243103513,a,354.769,Targeted
238,7,23,2020,23/07/2020,41.36664,-83.10656,0,FM,79.21458333,2.243103513,a,225.548,Targeted
239,7,24,2020,24/07/2020,41.39191,-83.10242,3,UM,141.3239583,4.001842262,a,395.184,Targeted
240,7,28,2020,28/07/2020,41.42767,-83.04749,0,M,264.59375,7.4924483,a,321.2313657,Targeted
241,7,28,2020,28/07/2020,41.41743,-83.08529,0,LM,264.59375,7.4924483,a,321.2313657,Targeted
242,7,28,2020,28/07/2020,41.42035,-83.07757,0,LM,264.59375,7.4924483,a,321.2313657,Targeted
243,7,28,2020,28/07/2020,41.41884,-83.07065,0,LM,264.59375,7.4924483,a,321.2313657,Targeted
244,7,28,2020,28/07/2020,41.40188,-83.09763,2,LM,264.59375,7.4924483,a,128.18,Targeted
245,7,28,2020,28/07/2020,41.36986,-83.09776,0,UM,264.59375,7.4924483,a,322.3436,Targeted
246,7,28,2020,28/07/2020,41.39147,-83.10277,0,UM,264.59375,7.4924483,a,339.2859,Targeted
247,7,28,2020,28/07/2020,41.39171,-83.08909,0,UM,264.59375,7.4924483,a,279.4426,Targeted
248,7,29,2020,29/07/2020,41.43678,-83.03633,0,M,702.53125,19.8934369,b,614.4738,Targeted
249,7,29,2020,29/07/2020,41.40126,-83.09751,1,LM,702.53125,19.8934369,b,132.7595,Targeted
250,7,29,2020,29/07/2020,41.42037,-83.07718,0,LM,702.53125,19.8934369,b,199.2541,Targeted
251,7,29,2020,29/07/2020,41.39125,-83.10596,0,UM,702.53125,19.8934369,b,153.6173,Targeted
252,7,29,2020,29/07/2020,41.37355,-83.09484,1,UM,702.53125,19.8934369,b,321.2313657,Targeted
253,7,29,2020,29/07/2020,41.38979,-83.10536,0,UM,702.53125,19.8934369,b,265.083,Targeted
254,7,29,2020,29/07/2020,41.36671,-83.10735,0,FM,702.53125,19.8934369,b,358.8655,Targeted
255,7,30,2020,30/07/2020,41.43365,-83.04251,0,M,413.0104167,11.69513337,b,132.9647,Targeted
256,7,30,2020,30/07/2020,41.42301,-83.064,0,LM,413.0104167,11.69513337,b,405.2058,Targeted
257,7,30,2020,30/07/2020,41.37873,-83.09498,0,UM,413.0104167,11.69513337,b,146.9637,Targeted
258,7,30,2020,30/07/2020,41.36034,-83.10068,0,FM,413.0104167,11.69513337,b,147.7762,Targeted
259,8,6,2020,6/8/2020,41.35981049,-83.10083309,0,FM,842.4166667,23.85454427,b,159.2309,Sustained
260,7,8,2020,7/8/2020,41.38571,-83.09561,1,UM,442.1041667,12.51897527,b,147.1453,Targeted
261,10,8,2020,10/8/2020,41.40276698,-83.08515537,0,LM,155.0104167,4.389398968,a,401.3964,Sustained
262,10,8,2020,10/8/2020,41.36921612,-83.10430492,0,FM,155.0104167,4.389398968,a,310.6732,Sustained
263,10,8,2020,10/8/2020,41.36540612,-83.10743675,0,FM,155.0104167,4.389398968,a,299.8735,Sustained
264,10,8,2020,10/8/2020,41.36243432,-83.10246086,1,FM,155.0104167,4.389398968,a,297.0422,Sustained
265,10,8,2020,10/8/2020,41.35637743,-83.10557256,0,FM,155.0104167,4.389398968,a,202.6316,Sustained
266,8,13,2020,13/08/2020,41.3867361,-83.09017261,0,UM,85.83854167,2.430672817,a,142.0718,Targeted
267,8,13,2020,13/08/2020,41.35322855,-83.10898329,0,FM,85.83854167,2.430672817,a,259.0921,Realtime
268,8,18,2020,18/08/2020,41.41544372,-83.08538883,1,LM,81.4,2.30498752,a,227.8288,Targeted
269,8,18,2020,18/08/2020,41.38607522,-83.095109,0,UM,81.4,2.30498752,a,216.4544,Targeted
270,8,19,2020,19/08/2020,41.3746,-83.09498969,0,UM,81.18125,2.29879322,a,199.1425,Targeted
271,8,19,2020,19/08/2020,41.38663,-83.08930541,0,UM,81.18125,2.29879322,a,272.9902,Targeted
272,8,19,2020,19/08/2020,41.3908,-83.10311486,0,UM,81.18125,2.29879322,a,326.5801,Targeted
273,8,24,2020,24/08/2020,41.43072577,-83.04488965,0,M,59.29583333,1.679068253,a,223.6154,Targeted
274,8,24,2020,24/08/2020,41.43841071,-83.03168975,0,M,59.29583333,1.679068253,a,321.2313657,Realtime
275,8,24,2020,24/08/2020,41.42358575,-83.06592688,0,LM,59.29583333,1.679068253,a,247.4838,Targeted
276,8,24,2020,24/08/2020,41.37435396,-83.09537695,0,UM,59.29583333,1.679068253,a,401.3101,Targeted
277,8,24,2020,24/08/2020,41.38685747,-83.09040147,0,UM,59.29583333,1.679068253,a,361.3039,Targeted
278,8,24,2020,24/08/2020,41.38595031,-83.09547439,0,UM,59.29583333,1.679068253,a,363.0837,Targeted
279,8,25,2020,25/08/2020,41.40193283,-83.09608421,0,LM,55.61875,1.57494502,a,337.7777,Targeted
280,8,25,2020,25/08/2020,41.37817154,-83.09487321,0,UM,55.61875,1.57494502,a,278.9867,Targeted
281,8,25,2020,25/08/2020,41.38478699,-83.09575363,0,UM,55.61875,1.57494502,a,321.2313657,Targeted
282,8,25,2020,25/08/2020,41.36030907,-83.10053446,0,FM,55.61875,1.57494502,a,202.6728,Targeted
283,8,25,2020,25/08/2020,41.35877349,-83.10162413,0,FM,55.61875,1.57494502,a,312.1431,Realtime
284,8,26,2020,26/08/2020,41.40593828,-83.07964021,3,LM,50.5375,1.43106028,a,329.6968,Targeted
285,8,26,2020,26/08/2020,41.38759246,-83.08495406,0,UM,50.5375,1.43106028,a,321.2313657,Exploratory
286,8,26,2020,26/08/2020,41.3894432,-83.10427544,0,UM,50.5375,1.43106028,a,289.5251,Targeted
287,8,26,2020,26/08/2020,41.35374217,-83.10493893,0,FM,50.5375,1.43106028,a,374.702,Targeted
288,8,26,2020,26/08/2020,41.36135344,-83.10026776,0,FM,50.5375,1.43106028,a,266.0848,Exploratory
289,8,31,2020,31/08/2020,41.4432636,-82.99601906,0,M,262.9166667,7.444958668,a,608.8485,Sustained
290,8,31,2020,31/08/2020,41.44889808,-83.01578865,0,M,262.9166667,7.444958668,a,478.0376,Sustained
291,8,31,2020,31/08/2020,41.45255245,-83.02028786,0,M,262.9166667,7.444958668,a,1136.619,Sustained
292,8,31,2020,31/08/2020,41.44366858,-83.02906333,0,M,262.9166667,7.444958668,a,624.1189,Sustained
293,8,31,2020,31/08/2020,41.43184955,-83.04540793,0,M,262.9166667,7.444958668,a,422.8429,Sustained
294,8,31,2020,31/08/2020,41.42777416,-83.06081185,0,M,262.9166667,7.444958668,a,470.0662,Sustained
295,8,31,2020,31/08/2020,41.42237192,-83.06631602,0,LM,262.9166667,7.444958668,a,478.1854,Sustained
296,9,15,2020,15/09/2020,41.43913113,-83.03123518,0,M,259.1770833,7.339065632,a,272.0782,Realtime
297,9,15,2020,15/09/2020,41.40529006,-83.08070622,1,LM,259.1770833,7.339065632,a,472.3075,Targeted
298,9,15,2020,15/09/2020,41.38346116,-83.09755565,0,UM,259.1770833,7.339065632,a,302.3567,Targeted
299,9,16,2020,16/09/2020,41.41547631,-83.08526181,0,LM,190.8958333,5.405559132,a,215.8923,Targeted
300,9,16,2020,16/09/2020,41.40565692,-83.07993073,0,LM,190.8958333,5.405559132,a,518.0825,Targeted
301,9,16,2020,16/09/2020,41.41478533,-83.08602809,0,LM,190.8958333,5.405559132,a,433.2031,Targeted
302,9,16,2020,16/09/2020,41.39130667,-83.10299518,0,UM,190.8958333,5.405559132,a,369.0471,Targeted
303,9,16,2020,16/09/2020,41.37452646,-83.09495085,0,UM,190.8958333,5.405559132,a,328.2584,Targeted
304,9,16,2020,16/09/2020,41.35890317,-83.10138157,0,FM,190.8958333,5.405559132,a,276.2557,Targeted
305,9,17,2020,17/09/2020,41.42972228,-83.04546383,0,M,133.65625,3.7847173,a,365.9786,Targeted
306,9,17,2020,17/09/2020,41.42592421,-83.06097837,0,M,133.65625,3.7847173,a,432.8199,Targeted
307,9,17,2020,17/09/2020,41.40205654,-83.08332139,0,LM,133.65625,3.7847173,a,274.5756,Targeted
308,9,17,2020,17/09/2020,41.36016839,-83.10064848,1,FM,133.65625,3.7847173,a,315.6375,Targeted
309,9,17,2020,17/09/2020,41.36386822,-83.10540114,0,FM,133.65625,3.7847173,a,321.2313657,Targeted
310,9,17,2020,17/09/2020,41.36648961,-83.10752021,0,FM,133.65625,3.7847173,a,273.9765,Targeted
311,9,18,2020,18/09/2020,41.41528221,-83.08645023,0,LM,104.85625,2.96919346,a,415.321,Targeted
312,9,18,2020,18/09/2020,41.38685762,-83.09047479,0,UM,104.85625,2.96919346,a,321.2313657,Targeted
313,9,21,2020,21/09/2020,41.37449851,-83.09487853,0,UM,73.94583333,2.093909373,a,321.2313657,Targeted
314,9,21,2020,21/09/2020,41.36019669,-83.10062054,1,FM,73.94583333,2.093909373,a,315.6375,Targeted
315,9,22,2020,22/09/2020,41.42795515,-83.06069058,0,M,66.509375,1.88333267,a,607.378,Targeted
316,9,22,2020,22/09/2020,41.45084857,-83.02667339,0,M,66.509375,1.88333267,a,344.2398,Targeted
317,9,23,2020,23/09/2020,41.43844529,-83.04038984,0,M,65.7,1.86041376,a,209.1009,Realtime
318,9,23,2020,23/09/2020,41.40216338,-83.09521125,0,LM,65.7,1.86041376,a,336.2009,Targeted
319,9,23,2020,23/09/2020,41.41528205,-83.08645649,0,LM,65.7,1.86041376,a,261.77,Targeted
320,9,23,2020,23/09/2020,41.39680322,-83.10289412,1,UM,65.7,1.86041376,a,579.6231,Targeted
321,9,23,2020,23/09/2020,41.37418576,-83.09480144,0,UM,65.7,1.86041376,a,325.3981,Targeted
322,9,23,2020,23/09/2020,41.39482943,-83.10546205,0,UM,65.7,1.86041376,a,367.0005,Targeted
323,9,23,2020,23/09/2020,41.38614295,-83.08924503,0,UM,65.7,1.86041376,a,299.023,Targeted
324,9,24,2020,24/09/2020,41.40544,-83.08049,4,LM,65.7,1.86041376,a,438.5043,Targeted
325,9,24,2020,24/09/2020,41.39318894,-83.09408081,2,UM,65.7,1.86041376,a,451.2215,Targeted
326,9,28,2020,28/09/2020,41.43731514,-83.03355931,0,M,50.00625,1.41601698,a,398.3163,Targeted
327,9,28,2020,28/09/2020,41.38072373,-83.09557787,0,UM,50.00625,1.41601698,a,463.136,Targeted
328,9,28,2020,28/09/2020,41.35562918,-83.10694828,0,FM,50.00625,1.41601698,a,399.4031,Realtime
329,9,29,2020,29/09/2020,41.43832057,-83.03183133,0,M,50.1,1.41867168,a,437.5928,Targeted
330,9,29,2020,29/09/2020,41.40543009,-83.08046878,2,LM,50.1,1.41867168,a,316.6276,Targeted
331,9,29,2020,29/09/2020,41.40884935,-83.07865473,0,LM,50.1,1.41867168,a,719.2116,Targeted
332,9,29,2020,29/09/2020,41.41832571,-83.0834239,0,LM,50.1,1.41867168,a,331.2219,Targeted
333,9,29,2020,29/09/2020,41.39494131,-83.10494408,0,UM,50.1,1.41867168,a,433.6151,Targeted
334,9,30,2020,30/09/2020,41.40543009,-83.08047371,1,LM,53.25625,1.50804658,a,316.6276,Targeted
335,8,10,2020,8/10/2020,41.41531982,-83.08642764,0,LM,64.97083333,1.839766093,a,124.9249,Targeted
336,8,10,2020,8/10/2020,41.38573168,-83.09546658,0,UM,64.97083333,1.839766093,a,126.7155,Targeted
337,8,10,2020,8/10/2020,41.39023782,-83.10370899,0,UM,64.97083333,1.839766093,a,107.0881,Targeted
338,8,10,2020,8/10/2020,41.35881427,-83.10154842,0,FM,64.97083333,1.839766093,a,302.9089,Targeted
339,8,10,2020,8/10/2020,41.36746062,-83.10724572,0,FM,64.97083333,1.839766093,a,358.8655,Targeted
340,10,13,2020,13/10/2020,41.42685352,-83.06113421,0,M,50.5375,1.43106028,a,333.7053,Targeted
341,10,13,2020,13/10/2020,41.40527122,-83.08058704,3,LM,50.5375,1.43106028,a,454.4573,Targeted
342,10,13,2020,13/10/2020,41.42332846,-83.0653966,0,LM,50.5375,1.43106028,a,362.1037,Targeted
343,10,14,2020,14/10/2020,41.40580565,-83.07959948,0,LM,49.6,1.40451328,a,252.2612,Targeted
344,10,14,2020,14/10/2020,41.41733083,-83.08585555,0,LM,49.6,1.40451328,a,156.9275,Targeted
345,10,14,2020,14/10/2020,41.39109792,-83.10293662,0,UM,49.6,1.40451328,a,436.9909,Targeted
346,10,15,2020,15/10/2020,41.37546,-83.09502,2,UM,49.9125,1.41336228,a,321.2313657,Targeted
347,10,16,2020,16/10/2020,41.40553127,-83.08027299,1,LM,52.6,1.48946368,a,470.0211,Targeted
348,10,16,2020,16/10/2020,41.37402448,-83.09488566,0,UM,52.6,1.48946368,a,311.5401,Targeted
349,10,19,2020,19/10/2020,41.41748,-83.0861,2,LM,44.71875,1.2662919,a,431.1676,Targeted
350,10,20,2020,20/10/2020,41.43638,-83.0301,0,M,57.01041667,1.614352567,a,461.9508,Targeted
351,10,20,2020,20/10/2020,41.42969,-83.04544,0,M,57.01041667,1.614352567,a,382.8828,Targeted
352,10,20,2020,20/10/2020,41.40533,-83.08068,0,LM,57.01041667,1.614352567,a,119.8001,Targeted
353,10,20,2020,20/10/2020,41.38566867,-83.09558474,0,UM,57.01041667,1.614352567,a,228.571,Targeted
354,10,20,2020,20/10/2020,41.35609052,-83.10602806,1,FM,57.01041667,1.614352567,a,323.7806,Targeted
355,10,20,2020,20/10/2020,41.36018671,-83.10058493,1,FM,57.01041667,1.614352567,a,188.9213,Targeted
356,10,22,2020,22/10/2020,41.36023,-83.10049,0,FM,1137.1875,32.201511,b,321.2313657,Targeted
357,10,26,2020,26/10/2020,41.39430236,-83.10581777,0,UM,612.0208333,17.33047153,b,407.7181,Targeted
358,10,26,2020,26/10/2020,41.35274,-83.111,0,FM,612.0208333,17.33047153,b,751.3951,Realtime
359,10,27,2020,27/10/2020,41.40192131,-83.08410232,0,LM,435.0208333,12.31839793,b,284.4655,Targeted
360,10,27,2020,27/10/2020,41.39317816,-83.09415599,0,UM,435.0208333,12.31839793,b,484.4127,Targeted
361,10,28,2020,28/10/2020,41.35755709,-83.1035303,0,FM,340.125,9.6312516,a,371.7412,Targeted
362,10,28,2020,28/10/2020,41.37041039,-83.09968831,0,FM,340.125,9.6312516,a,341.8708,Targeted
363,8,11,2020,8/11/2020,41.43640227,-83.04112213,0,M,237.28125,6.7190457,a,321.2313657,Realtime
364,8,11,2020,8/11/2020,41.43852384,-83.03148216,0,M,237.28125,6.7190457,a,200.6319,Realtime
365,8,11,2020,8/11/2020,41.40128307,-83.09744995,0,LM,237.28125,6.7190457,a,305.1929,Targeted
366,8,11,2020,8/11/2020,41.37548442,-83.09492137,0,UM,237.28125,6.7190457,a,105.5494,Targeted
367,8,11,2020,8/11/2020,41.38939588,-83.1043515,0,UM,237.28125,6.7190457,a,433.5686,Targeted
368,8,11,2020,8/11/2020,41.3968016,-83.10284156,0,UM,237.28125,6.7190457,a,149.9941,Targeted
369,8,11,2020,8/11/2020,41.38684587,-83.09044442,1,UM,237.28125,6.7190457,a,297.7933,Targeted
370,9,11,2020,9/11/2020,41.38455601,-83.09724852,0,UM,209.5520833,5.933844432,a,264.9162,Targeted
371,9,11,2020,9/11/2020,41.37384991,-83.09476475,1,UM,209.5520833,5.933844432,a,471.84,Targeted
372,9,11,2020,9/11/2020,41.38954344,-83.08554579,1,UM,209.5520833,5.933844432,a,409.1924,Targeted
373,9,11,2020,9/11/2020,41.39350353,-83.10709089,0,UM,209.5520833,5.933844432,a,257.9149,Targeted
374,9,11,2020,9/11/2020,41.39121191,-83.10303846,1,UM,209.5520833,5.933844432,a,331.666,Targeted
375,8,12,2020,8/12/2020,41.42547,-83.04812,0,M,1366.66667,38.69962676,b,329.7825,Targeted
376,8,12,2020,8/12/2020,41.38575827,-83.09575402,0,UM,1366.66667,38.69962676,b,130.8962,Targeted
377,8,12,2020,8/12/2020,41.38934773,-83.08639801,0,UM,1366.66667,38.69962676,b,159.399,Targeted
378,8,12,2020,8/12/2020,41.39681273,-83.10283718,0,UM,1366.66667,38.69962676,b,149.991,Targeted
379,10,12,2020,10/12/2020,41.35417402,-83.1045998,0,FM,722.40625,20.4562333,b,300.311,Sustained
380,10,12,2020,10/12/2020,41.36033888,-83.10056206,2,FM,722.40625,20.4562333,b,296.0294,Targeted
381,4,27,2021,4/27/2021,41.42732976,-83.05576166,0,LM,NA,NA,,616.2070433,Targeted
382,4,27,2021,4/27/2021,41.432841,-83.04296474,0,M,NA,NA,,239.3514054,Bait_Attractant
383,4,27,2021,4/27/2021,41.42233572,-83.06940731,0,LM,NA,NA,,414.7541488,Bait_Attractant
384,4,27,2021,4/27/2021,41.42033711,-83.07748361,0,LM,NA,NA,,131.0156018,Targeted
385,5,18,2021,5/18/2021,41.38863971,-83.08596763,1,UM,NA,NA,,310.2938688,Targeted
386,5,18,2021,5/18/2021,41.3736841,-83.09489334,0,FM,NA,NA,,296.4388191,Targeted
387,5,20,2021,5/20/2021,41.39282843,-83.10696652,0,UM,NA,NA,,371.7063439,Targeted
388,5,20,2021,5/20/2021,41.3857,-83.09368,0,UM,NA,NA,,305.0235094,Targeted
389,5,21,2021,5/21/2021,41.63513,-83.53065,0,LM,NA,NA,,417.5360418,Targeted
390,5,24,2021,5/24/2021,41.41224,-83.08,0,LM,NA,NA,,330.6170977,Targeted
391,5,24,2021,5/24/2021,41.40809851,-83.07758521,0,LM,NA,NA,,316.5395571,Targeted
392,5,24,2021,5/24/2021,41.39674153,-83.10279475,0,UM,NA,NA,,330.9876636,Targeted
393,5,24,2021,5/24/2021,41.40083,-83.09819,0,UM,NA,NA,,298.5460964,Targeted
394,5,24,2021,5/24/2021,41.38618186,-83.08569201,0,UM,NA,NA,,300.6690953,Targeted
395,5,24,2021,5/24/2021,41.37743408,-83.09480314,1,FM,NA,NA,,406.7105274,Targeted
396,5,24,2021,5/24/2021,41.3601104,-83.09943534,0,FM,NA,NA,,254.2822588,Targeted
397,5,24,2021,5/24/2021,41.43717354,-83.03409567,0,M,NA,NA,,328.7862123,Targeted
398,5,24,2021,5/24/2021,41.42540652,-83.05205811,0,LM,NA,NA,,304.1365718,Targeted
399,5,25,2021,5/25/2021,41.37883577,-83.09488724,1,FM,NA,NA,,493.6631521,Targeted
400,5,25,2021,5/25/2021,41.4379529,-83.04138958,0,M,NA,NA,,191.0388995,Realtime
401,5,25,2021,5/25/2021,41.42874,-83.05693,0,LM,NA,NA,,251.4739223,Targeted
402,5,27,2021,5/27/2021,41.42042,-83.07693,0,LM,NA,NA,,418.6540095,Targeted
403,5,27,2021,5/27/2021,41.41487,-83.08634,1,LM,NA,NA,,425.6793614,Targeted
404,5,27,2021,5/27/2021,41.38605826,-83.09502475,0,UM,NA,NA,,488.3735447,Targeted
405,5,27,2021,5/27/2021,41.36035166,-83.10061263,0,FM,NA,NA,,354.8262738,Targeted
406,6,1,2021,6/1/2021,41.41478,-83.08628,0,LM,NA,NA,,455.7379328,Targeted
407,6,1,2021,6/1/2021,41.3948282,-83.10540718,1,UM,NA,NA,,1212.794331,Targeted
408,6,1,2021,6/1/2021,41.38982657,-83.086612,0,UM,NA,NA,,1014.317518,Targeted
409,6,1,2021,6/1/2021,41.39081416,-83.08782894,0,UM,NA,NA,,93.93247399,Targeted
410,6,1,2021,6/1/2021,41.38381366,-83.09759088,0,UM,NA,NA,,901.1176937,Targeted
411,6,1,2021,6/1/2021,41.447,-83.02804,0,M,NA,NA,,802.032732,Realtime
412,6,1,2021,6/1/2021,41.43840073,-83.03838398,0,M,NA,NA,,407.2873151,Targeted
413,6,2,2021,6/2/2021,41.40157,-83.08557,0,LM,NA,NA,,417.5360418,Targeted
414,6,2,2021,6/2/2021,41.39129,-83.1059,1,UM,NA,NA,,610.0533412,Targeted
415,6,2,2021,6/2/2021,41.36333392,-83.1047686,0,FM,NA,NA,,1074.553198,Targeted
416,6,2,2021,6/2/2021,41.36740024,-83.10723321,0,FM,NA,NA,,1142.038507,Targeted
417,6,2,2021,6/2/2021,41.35905255,-83.10128714,0,FM,NA,NA,,412.6253088,Targeted
418,6,3,2021,6/3/2021,41.38476593,-83.09578473,1,UM,NA,NA,,667.5239712,Targeted
419,6,3,2021,6/3/2021,41.37420547,-83.09487302,1,FM,NA,NA,,289.7810088,Targeted
420,6,3,2021,6/3/2021,41.37887061,-83.09493437,0,FM,NA,NA,,429.3456912,Targeted
421,6,3,2021,6/3/2021,41.37569349,-83.09592414,2,FM,NA,NA,,112.5590364,Targeted
422,6,3,2021,6/3/2021,41.35557414,-83.10603734,0,FM,NA,NA,,621.4550187,Targeted
423,6,3,2021,6/3/2021,41.35704,-83.1047,0,FM,NA,NA,,593.0037787,Targeted
424,6,4,2021,6/4/2021,41.38650157,-83.08564041,0,UM,NA,NA,,1180.846927,Targeted
425,6,4,2021,6/4/2021,41.38520887,-83.0959811,0,UM,NA,NA,,472.7422883,Targeted
426,6,4,2021,6/4/2021,41.38367454,-83.09769936,2,UM,NA,NA,,619.2908587,Targeted
427,6,4,2021,6/4/2021,41.37365739,-83.09482745,0,FM,NA,NA,,264.0015872,Targeted
428,6,4,2021,6/4/2021,41.37890389,-83.09484138,0,FM,NA,NA,,208.3482653,Targeted
429,6,4,2021,6/4/2021,41.42359526,-83.06686158,0,LM,NA,NA,,223.3604096,Targeted
430,6,7,2021,6/7/2021,41.38952313,-83.08627509,0,UM,NA,NA,,518.3425482,Targeted
431,6,7,2021,6/7/2021,41.58252,-83.60105,0,UM,NA,NA,,417.5360418,Targeted
432,6,7,2021,6/7/2021,41.58252,-83.60105,0,UM,NA,NA,,417.5360418,Targeted
433,6,7,2021,6/7/2021,41.37365284,-83.09483572,0,FM,NA,NA,,348.0157615,Targeted
434,6,7,2021,6/7/2021,41.37852939,-83.09486514,0,FM,NA,NA,,385.8126809,Targeted
435,6,7,2021,6/7/2021,41.43330186,-83.04323626,0,M,NA,NA,,297.0760741,Targeted
436,6,7,2021,6/7/2021,41.42766645,-83.05609667,0,LM,NA,NA,,334.9775025,Targeted
437,6,7,2021,6/7/2021,41.42575958,-83.06122443,0,LM,NA,NA,,424.8653849,Targeted
438,6,8,2021,6/8/2021,41.41940613,-83.08070932,0,LM,NA,NA,,223.5772426,Targeted
439,6,8,2021,6/8/2021,41.4093634,-83.07876561,0,LM,NA,NA,,447.202774,Targeted
440,6,8,2021,6/8/2021,41.38977529,-83.08658131,0,UM,NA,NA,,381.7222603,Targeted
441,6,8,2021,6/8/2021,41.37343327,-83.09469509,1,FM,NA,NA,,417.5360418,Targeted
442,6,8,2021,6/8/2021,41.37896071,-83.09504585,0,FM,NA,NA,,459.5164822,Targeted
443,6,14,2021,6/14/2021,41.43382,-83.03089,0,M,NA,NA,,462.0606398,Sustained
444,6,14,2021,6/14/2021,41.43548166,-83.02952266,0,M,NA,NA,,617.4335836,Sustained
445,6,14,2021,6/14/2021,41.43162951,-83.04567641,0,M,NA,NA,,486.7918975,Sustained
446,6,14,2021,6/14/2021,41.42831,-83.04733,0,M,NA,NA,,581.2163581,Sustained
447,6,14,2021,6/14/2021,41.41686358,-83.07269193,0,LM,NA,NA,,252.5602647,Sustained
448,6,14,2021,6/14/2021,41.41992,-83.07466,0,LM,NA,NA,,487.5477779,Sustained
449,6,15,2021,6/15/2021,41.41529995,-83.09127714,0,LM,NA,NA,,415.4265001,Sustained
450,6,15,2021,6/15/2021,41.396,-83.10251,0,UM,NA,NA,,546.3989904,Sustained
451,6,15,2021,6/15/2021,41.39946,-83.09744,0,UM,NA,NA,,530.7602441,Sustained
452,6,15,2021,6/15/2021,41.39220471,-83.10614955,0,UM,NA,NA,,48.08741392,Sustained
453,6,15,2021,6/15/2021,41.39216904,-83.08850731,1,UM,NA,NA,,552.4261049,Sustained
454,6,15,2021,6/15/2021,41.386,-83.09066,0,UM,NA,NA,,491.0875608,Sustained
455,6,16,2021,6/16/2021,41.4441,-83.01089,0,M,NA,NA,,656.8590762,Sustained
456,6,16,2021,6/16/2021,41.44650848,-83.01205503,0,M,NA,NA,,417.5360418,Sustained
457,6,16,2021,6/16/2021,41.38573,-83.0957,1,UM,NA,NA,,463.2235471,Sustained
458,6,16,2021,6/16/2021,41.38573,-83.0957,1,UM,NA,NA,,154.2656312,Sustained
459,6,16,2021,6/16/2021,41.37765639,-83.09614426,0,FM,NA,NA,,574.7809279,Sustained
460,6,16,2021,6/16/2021,41.36970837,-83.10477649,0,FM,NA,NA,,554.8906369,Sustained
461,6,16,2021,6/16/2021,41.35709,-83.10453,0,FM,NA,NA,,548.8966512,Sustained
462,6,16,2021,6/16/2021,41.42555,-83.05242,0,M,NA,NA,,265.9283068,Sustained
463,6,17,2021,6/17/2021,41.38679701,-83.09025873,0,UM,NA,NA,,317.6009408,Targeted
464,6,17,2021,6/17/2021,41.38351914,-83.09773505,1,UM,NA,NA,,518.3957262,Targeted
465,6,17,2021,6/17/2021,41.37872912,-83.09486827,0,FM,NA,NA,,310.769344,Targeted
466,6,22,2021,6/22/2021,41.40321532,-83.08390137,0,LM,NA,NA,,450.3792448,Targeted
467,6,22,2021,6/22/2021,41.40046614,-83.09634839,0,UM,NA,NA,,483.0487875,Targeted
468,6,22,2021,6/22/2021,41.39146912,-83.10693629,0,UM,NA,NA,,430.2854828,Targeted
469,6,22,2021,6/22/2021,41.39468552,-83.10531482,0,UM,NA,NA,,436.4673475,Targeted
470,6,22,2021,6/22/2021,41.39187,-83.38955,2,UM,NA,NA,,417.5360418,Targeted
471,6,22,2021,6/22/2021,41.389,-83.08614,0,UM,NA,NA,,498.2798368,Targeted
472,6,22,2021,6/22/2021,41.37449,-83.09584,0,FM,NA,NA,,487.9470607,Targeted
473,6,22,2021,6/22/2021,41.37937,-83.0952,1,FM,NA,NA,,444.5866891,Targeted
474,6,23,2021,6/23/2021,41.41511,-83.08648,0,LM,NA,NA,,424.8578543,Targeted
475,6,23,2021,6/23/2021,41.40519,-83.08057,0,LM,NA,NA,,486.9127554,Targeted
476,6,23,2021,6/23/2021,41.38570336,-83.08706646,0,UM,NA,NA,,502.5587863,Targeted
477,6,23,2021,6/23/2021,41.38672908,-83.09336286,0,UM,NA,NA,,400.8423432,Targeted
478,6,23,2021,6/23/2021,41.37422453,-83.09499145,0,FM,NA,NA,,348.9297834,Targeted
479,6,23,2021,6/23/2021,41.37876528,-83.0949055,0,FM,NA,NA,,395.4419766,Targeted
480,6,24,2021,6/24/2021,41.41625427,-83.08516129,0,LM,NA,NA,,411.1691437,Targeted
481,6,24,2021,6/24/2021,41.40239845,-83.0944702,0,UM,NA,NA,,218.3512716,Targeted
482,6,24,2021,6/24/2021,41.38476623,-83.0958459,0,UM,NA,NA,,474.3656055,Targeted
483,6,24,2021,6/24/2021,41.38365005,-83.09773662,0,UM,NA,NA,,461.8821927,Targeted
484,6,24,2021,6/24/2021,41.36037009,-83.10044898,0,FM,NA,NA,,393.4992401,Targeted
485,6,24,2021,6/24/2021,41.42999,-83.04562,0,M,NA,NA,,470.5947916,Realtime
486,6,28,2021,6/28/2021,41.41483839,-83.08620364,0,LM,NA,NA,,364.0406759,Targeted
487,6,28,2021,6/28/2021,41.40179995,-83.08554226,1,LM,NA,NA,,372.1176765,Targeted
488,6,28,2021,6/28/2021,41.39835704,-83.10074131,0,UM,NA,NA,,519.7143969,Targeted
489,6,28,2021,6/28/2021,41.3941154,-83.10727584,0,UM,NA,NA,,252.1299193,Targeted
490,6,28,2021,6/28/2021,41.37366889,-83.09477151,0,FM,NA,NA,,228.2898936,Targeted
491,6,28,2021,6/28/2021,41.36478053,-83.10721093,0,FM,NA,NA,,288.3882095,Targeted
492,6,28,2021,6/28/2021,41.36031617,-83.10060287,1,FM,NA,NA,,322.7268852,Targeted
493,6,29,2021,6/29/2021,41.43274026,-83.04302593,0,M,NA,NA,,356.0344409,Bait_Attractant
494,6,29,2021,6/29/2021,41.42407919,-83.06192774,0,LM,NA,NA,,347.8228971,Bait_Attractant
495,6,30,2021,6/30/2021,41.35623214,-83.10590199,0,FM,NA,NA,,306.1160447,Realtime
496,6,30,2021,6/30/2021,41.38360676,-83.09773798,0,UM,NA,NA,,53.55286819,Targeted
497,6,30,2021,6/30/2021,41.42491678,-83.06195173,0,LM,NA,NA,,291.4757321,Targeted
498,7,6,2021,7/6/2021,41.41562705,-83.08521806,0,LM,NA,NA,,1045.603069,Targeted
499,7,6,2021,7/6/2021,41.38783734,-83.08501962,0,UM,NA,NA,,935.8150938,Targeted
500,7,6,2021,7/6/2021,41.38481762,-83.0956464,0,UM,NA,NA,,1415.356827,Targeted
501,7,6,2021,7/6/2021,41.37369077,-83.09475422,0,FM,NA,NA,,137.0476725,Targeted
502,7,6,2021,7/6/2021,41.37873291,-83.09502464,0,FM,NA,NA,,376.4494893,Targeted
503,7,6,2021,7/6/2021,41.36495023,-83.10724735,0,FM,NA,NA,,441.7526658,Targeted
504,7,7,2021,7/7/2021,41.40083992,-83.09795133,0,UM,NA,NA,,378.974355,Targeted
505,7,7,2021,7/7/2021,41.39404808,-83.10585659,0,UM,NA,NA,,457.5534273,Targeted
506,7,7,2021,7/7/2021,41.38676,-83.08579,0,UM,NA,NA,,484.5272035,Targeted
507,7,7,2021,7/7/2021,41.37046,-83.10111,0,FM,NA,NA,,501.791703,Targeted
508,7,7,2021,7/7/2021,41.36477,-83.10745,0,FM,NA,NA,,459.4220766,Targeted
509,7,7,2021,7/7/2021,41.43779342,-83.03218334,0,M,NA,NA,,1454.655647,Targeted
510,7,7,2021,7/7/2021,41.43836283,-83.03826887,0,M,NA,NA,,903.6402187,Targeted
511,7,7,2021,7/7/2021,41.43694273,-83.03610793,0,M,NA,NA,,651.1900935,Targeted
512,7,8,2021,7/8/2021,41.4093,-83.07849,0,LM,NA,NA,,464.7109136,Targeted
513,7,8,2021,7/8/2021,41.40307,-83.08476,0,LM,NA,NA,,524.3170159,Targeted
514,7,8,2021,7/8/2021,41.39143,-83.10295,1,UM,NA,NA,,316.8237884,Targeted
515,7,8,2021,7/8/2021,41.44929269,-83.02577134,0,M,NA,NA,,197.1242124,Targeted
516,7,8,2021,7/8/2021,41.44118138,-83.0305707,0,M,NA,NA,,558.426611,Targeted
517,7,9,2021,7/9/2021,41.38613,-83.0949,0,UM,NA,NA,,302.0171426,Targeted
518,7,9,2021,7/9/2021,41.3794,-83.09506,0,FM,NA,NA,,505.4827613,Targeted
519,7,12,2021,7/12/2021,41.39116,-83.10307,1,UM,NA,NA,,920.9106189,Targeted
520,7,12,2021,7/12/2021,41.3879,-83.08579,0,UM,NA,NA,,706.3595527,Targeted
521,7,12,2021,7/12/2021,41.38663,-83.09369,0,UM,NA,NA,,480.1107565,Targeted
522,7,12,2021,7/12/2021,41.37064844,-83.09551453,0,FM,NA,NA,,213.8230768,Targeted
523,7,12,2021,7/12/2021,41.374,-83.095,0,FM,NA,NA,,113.1511823,Targeted
524,7,12,2021,7/12/2021,41.36143396,-83.10027889,0,FM,NA,NA,,228.4773144,Targeted
525,7,12,2021,7/12/2021,41.36034827,-83.10061423,0,FM,NA,NA,,270.2670451,Targeted
526,7,13,2021,7/13/2021,41.42933952,-83.05896885,0,LM,NA,NA,,478.0918257,Bait_Attractant
527,7,13,2021,7/13/2021,41.42231599,-83.06925101,0,LM,NA,NA,,334.5582498,Bait_Attractant
528,7,13,2021,7/13/2021,41.42032808,-83.07759416,0,LM,NA,NA,,495.6865541,Bait_Attractant
529,7,14,2021,7/14/2021,41.39259,-83.1071,0,UM,NA,NA,,383.6203173,Targeted
530,7,14,2021,7/14/2021,41.39070697,-83.10341776,1,UM,NA,NA,,141.8397515,Targeted
531,7,14,2021,7/14/2021,41.38668,-83.09345,0,UM,NA,NA,,488.197241,Targeted
532,7,14,2021,7/14/2021,41.3636122,-83.10637854,0,FM,NA,NA,,370.4766049,Targeted
533,7,26,2021,7/26/2021,41.44661418,-83.01187532,0,M,NA,NA,,446.1653021,Sustained
534,7,26,2021,7/26/2021,41.44271365,-83.03311373,0,M,NA,NA,,773.3099285,Sustained
535,7,26,2021,7/26/2021,41.43377796,-83.03096221,0,M,NA,NA,,603.3331248,Sustained
536,7,26,2021,7/26/2021,41.43660258,-83.03047436,0,M,NA,NA,,412.6899743,Sustained
537,7,26,2021,7/26/2021,41.43724246,-83.04305839,0,M,NA,NA,,255.9625189,Sustained
538,7,26,2021,7/26/2021,41.42927486,-83.05751594,0,LM,NA,NA,,125.6014756,Sustained
539,7,27,2021,7/27/2021,41.41659923,-83.08749508,0,LM,NA,NA,,341.9865881,Sustained
540,7,27,2021,7/27/2021,41.40399478,-83.08231306,0,LM,NA,NA,,350.7332518,Sustained
541,7,27,2021,7/27/2021,41.39992849,-83.09697573,0,UM,NA,NA,,516.9673869,Sustained
542,7,27,2021,7/27/2021,41.39372203,-83.11122186,0,UM,NA,NA,,412.659344,Sustained
543,7,27,2021,7/27/2021,41.39066559,-83.10656188,0,UM,NA,NA,,412.0664062,Sustained
544,7,27,2021,7/27/2021,41.41729379,-83.07262275,0,LM,NA,NA,,330.5383571,Sustained
545,7,28,2021,7/28/2021,41.39072,-83.08772,0,UM,NA,NA,,464.477784,Sustained
546,7,28,2021,7/28/2021,41.39302614,-83.09050808,0,UM,NA,NA,,284.4323996,Sustained
547,7,28,2021,7/28/2021,41.37364474,-83.09478281,0,FM,NA,NA,,390.0801235,Sustained
548,7,28,2021,7/28/2021,41.37067,-83.09799,0,FM,NA,NA,,70.82117397,Sustained
549,7,28,2021,7/28/2021,41.36256848,-83.10277646,0,FM,NA,NA,,431.7279257,Sustained
550,7,28,2021,7/28/2021,41.35575,-83.1037,0,FM,NA,NA,,451.8106967,Sustained
551,7,29,2021,7/29/2021,41.39015879,-83.10250357,0,UM,NA,NA,,393.6937063,Targeted
552,7,29,2021,7/29/2021,41.39064943,-83.10332829,0,UM,NA,NA,,464.7483559,Targeted
553,7,29,2021,7/29/2021,41.3836021,-83.09774498,0,UM,NA,NA,,754.1750033,Targeted
554,7,29,2021,7/29/2021,41.38479078,-83.09580291,0,UM,NA,NA,,111.0580237,Targeted
555,8,2,2021,8/2/2021,41.39677,-83.10284,0,UM,NA,NA,,313.0908905,Targeted
556,8,2,2021,8/2/2021,41.39145,-83.10645,0,UM,NA,NA,,365.4631679,Targeted
557,8,2,2021,8/2/2021,41.39095,-83.10306,0,UM,NA,NA,,324.1432982,Targeted
558,8,2,2021,8/2/2021,41.39135575,-83.08733237,0,UM,NA,NA,,401.9754627,Targeted
559,8,2,2021,8/2/2021,41.38885,-83.08594,0,UM,NA,NA,,531.6431965,Targeted
560,8,2,2021,8/2/2021,41.38663,-83.09365,0,UM,NA,NA,,568.2959836,Targeted
561,8,2,2021,8/2/2021,41.37831,-83.095,0,FM,NA,NA,,418.7516158,Targeted
562,8,2,2021,8/2/2021,41.37112668,-83.09656796,1,FM,NA,NA,,356.9510366,Targeted
563,8,2,2021,8/2/2021,41.3596958,-83.10086344,0,FM,NA,NA,,343.9337694,Targeted
564,8,2,2021,8/2/2021,41.44321404,-83.02921133,0,M,NA,NA,,316.2786266,Realtime
565,8,3,2021,8/3/2021,41.35733,-83.101,0,FM,NA,NA,,307.4755558,Realtime
566,8,3,2021,8/3/2021,41.4403,-82.99885,0,M,NA,NA,,286.9584807,Targeted
567,8,3,2021,8/3/2021,41.44811,-83.01428,0,M,NA,NA,,524.5566488,Targeted
568,8,3,2021,8/3/2021,41.44647825,-83.03183136,0,M,NA,NA,,474.2532005,Targeted
569,8,3,2021,8/3/2021,41.42,-83.05004,0,M,NA,NA,,555.4707208,Targeted
570,8,3,2021,8/3/2021,41.41893166,-83.07061238,0,LM,NA,NA,,210.8550029,Targeted
571,8,3,2021,8/3/2021,41.41841113,-83.07446433,0,LM,NA,NA,,185.2423278,Targeted
572,8,3,2021,8/3/2021,41.42033553,-83.07744912,0,LM,NA,NA,,255.5953275,Targeted
573,8,4,2021,8/4/2021,41.41740425,-83.0858634,0,LM,NA,NA,,327.4587444,Targeted
574,8,4,2021,8/4/2021,41.40192351,-83.0843644,0,LM,NA,NA,,1090.819163,Targeted
575,8,4,2021,8/4/2021,41.40251976,-83.09379039,0,UM,NA,NA,,239.390215,Targeted
576,8,4,2021,8/4/2021,41.40154994,-83.09692424,0,UM,NA,NA,,374.8486314,Targeted
577,8,4,2021,8/4/2021,41.393451,-83.09690482,0,UM,NA,NA,,354.9036035,Targeted
578,8,4,2021,8/4/2021,41.38502,-83.08785,0,UM,NA,NA,,473.5712444,Targeted
579,8,4,2021,8/4/2021,41.38915016,-83.08522344,0,UM,NA,NA,,365.3478,Targeted
580,8,4,2021,8/4/2021,41.38649,-83.09345,0,UM,NA,NA,,488.197241,Targeted
581,8,4,2021,8/4/2021,41.37867,-83.09648,0,FM,NA,NA,,483.5061609,Targeted
582,8,4,2021,8/4/2021,41.4417,-83.03346,0,M,NA,NA,,417.5360418,Targeted
583,8,4,2021,8/4/2021,41.43001,-83.06112,0,LM,NA,NA,,356.6382011,Targeted
584,8,9,2021,8/9/2021,41.40226977,-83.08313041,0,LM,NA,NA,,381.6422669,Targeted
585,8,9,2021,8/9/2021,41.39671996,-83.10290483,0,UM,NA,NA,,452.9143885,Targeted
586,8,9,2021,8/9/2021,41.38203907,-83.09635506,0,UM,NA,NA,,446.4506857,Targeted
587,8,9,2021,8/9/2021,41.38584567,-83.09526654,0,UM,NA,NA,,398.4455866,Targeted
588,8,9,2021,8/9/2021,41.36559893,-83.10651689,0,FM,NA,NA,,457.5805198,Targeted
589,8,9,2021,8/9/2021,41.36003651,-83.09932693,0,FM,NA,NA,,353.9358227,Targeted
590,8,10,2021,8/10/2021,41.40257813,-83.09152912,0,UM,NA,NA,,301.5700067,Targeted
591,8,10,2021,8/10/2021,41.40194122,-83.09574614,0,UM,NA,NA,,138.5657329,Targeted
592,8,10,2021,8/10/2021,41.39268861,-83.10713518,0,UM,NA,NA,,355.0907201,Targeted
593,8,10,2021,8/10/2021,41.38938827,-83.10446427,0,UM,NA,NA,,369.7442376,Targeted
594,8,10,2021,8/10/2021,41.42793719,-83.06084748,0,LM,NA,NA,,565.120609,Targeted
595,8,16,2021,8/16/2021,41.35509603,-83.10599494,0,FM,NA,NA,,431.6656012,Realtime
596,8,16,2021,8/16/2021,41.59151,-83.60131,0,UM,NA,NA,,417.5360418,Targeted
597,8,16,2021,8/16/2021,41.58376,-83.60676,0,UM,NA,NA,,417.5360418,Targeted
598,8,16,2021,8/16/2021,41.56734,-83.63,0,FM,NA,NA,,417.5360418,Targeted
599,8,16,2021,8/16/2021,41.37242284,-83.09539974,0,FM,NA,NA,,418.7956076,Targeted
600,8,17,2021,8/17/2021,41.4294307,-83.05925131,0,LM,NA,NA,,247.6698369,Bait_Attractant
601,8,17,2021,8/17/2021,41.41994036,-83.07270254,0,LM,NA,NA,,288.2723243,Bait_Attractant
602,8,17,2021,8/17/2021,41.42845289,-83.06049155,0,LM,NA,NA,,389.8025063,Bait_Attractant
603,8,17,2021,8/17/2021,41.42035714,-83.07760432,0,LM,NA,NA,,261.6823932,Bait_Attractant
604,8,17,2021,8/17/2021,41.41743499,-83.08589157,0,LM,NA,NA,,1138.116302,Targeted
605,8,17,2021,8/17/2021,41.41420784,-83.0858066,0,LM,NA,NA,,829.9327379,Targeted
606,8,17,2021,8/17/2021,41.427,-83.05537,0,LM,NA,NA,,191.8236352,Targeted
607,8,17,2021,8/17/2021,41.42236,-83.06917,0,LM,NA,NA,,222.0695395,Targeted
608,8,18,2021,8/18/2021,41.38363377,-83.09769207,0,UM,NA,NA,,199.7982048,Targeted
609,8,18,2021,8/18/2021,41.37281813,-83.0947726,0,FM,NA,NA,,385.570965,Targeted
610,8,18,2021,8/18/2021,41.36475104,-83.10613055,0,FM,NA,NA,,440.1283941,Targeted
611,8,19,2021,8/19/2021,41.39342326,-83.09993556,0,UM,NA,NA,,301.3795725,Targeted
612,8,19,2021,8/19/2021,41.38951287,-83.10412003,0,UM,NA,NA,,421.2802507,Targeted
613,8,19,2021,8/19/2021,41.3891716,-83.0852314,0,UM,NA,NA,,315.9854416,Targeted
614,8,23,2021,8/23/2021,41.41754453,-83.0857916,0,LM,NA,NA,,362.9652379,Targeted
615,8,23,2021,8/23/2021,41.40464797,-83.0814063,0,LM,NA,NA,,462.6800132,Targeted
616,8,23,2021,8/23/2021,41.39085575,-83.10666551,0,UM,NA,NA,,227.3593966,Targeted
617,8,23,2021,8/23/2021,41.39280376,-83.10712442,0,UM,NA,NA,,238.5219681,Targeted
618,8,23,2021,8/23/2021,41.39051418,-83.10352943,0,UM,NA,NA,,118.4499053,Targeted
619,8,23,2021,8/23/2021,41.39292762,-83.09046156,0,UM,NA,NA,,261.9984227,Targeted
620,8,23,2021,8/23/2021,41.38739861,-83.0849249,0,UM,NA,NA,,419.5154745,Targeted
621,8,23,2021,8/23/2021,41.38634992,-83.09449515,0,UM,NA,NA,,315.9033243,Targeted
622,8,23,2021,8/23/2021,41.37363665,-83.09477744,0,FM,NA,NA,,350.5942561,Targeted
623,8,23,2021,8/23/2021,41.37943965,-83.09518598,0,FM,NA,NA,,245.9666732,Targeted
624,8,24,2021,8/24/2021,41.41154153,-83.08059814,0,LM,NA,NA,,427.5763394,Targeted
625,8,24,2021,8/24/2021,41.40278416,-83.08562055,0,LM,NA,NA,,412.0763742,Targeted
626,8,24,2021,8/24/2021,41.39686592,-83.1030256,0,UM,NA,NA,,423.678534,Targeted
627,8,24,2021,8/24/2021,41.39296,-83.10614,0,UM,NA,NA,,665.7517129,Targeted
628,8,24,2021,8/24/2021,41.39338055,-83.10021043,0,UM,NA,NA,,387.4219586,Targeted
629,8,24,2021,8/24/2021,41.3876,-83.08572,0,UM,NA,NA,,518.2698064,Targeted
630,8,24,2021,8/24/2021,41.38390654,-83.09649926,0,UM,NA,NA,,283.7209592,Targeted
631,8,24,2021,8/24/2021,41.37412125,-83.09574359,0,FM,NA,NA,,338.783131,Targeted
632,8,24,2021,8/24/2021,41.3733337,-83.09473758,0,FM,NA,NA,,226.2575117,Targeted
633,8,24,2021,8/24/2021,41.3794,-83.09513,0,FM,NA,NA,,459.5653755,Targeted
634,8,24,2021,8/24/2021,41.36047448,-83.100456,0,FM,NA,NA,,214.2039911,Targeted
635,8,25,2021,8/25/2021,41.41618,-83.08641,0,LM,NA,NA,,579.4253776,Targeted
636,8,25,2021,8/25/2021,41.40481113,-83.07907795,0,LM,NA,NA,,338.3454678,Targeted
637,8,25,2021,8/25/2021,41.3929,-83.10713,0,UM,NA,NA,,232.8774264,Targeted
638,8,25,2021,8/25/2021,41.39121,-83.10301,0,UM,NA,NA,,329.5545208,Targeted
639,8,26,2021,8/26/2021,41.41789286,-83.08544797,0,LM,NA,NA,,388.5293051,Targeted
640,8,26,2021,8/26/2021,41.41745536,-83.08592208,0,LM,NA,NA,,241.7432051,Targeted
641,8,26,2021,8/26/2021,41.40882777,-83.07868468,0,LM,NA,NA,,453.3401707,Targeted
642,8,26,2021,8/26/2021,41.39408752,-83.10733669,0,UM,NA,NA,,193.9006705,Targeted
643,8,26,2021,8/26/2021,41.39342358,-83.09985328,0,UM,NA,NA,,401.2427771,Targeted
644,8,26,2021,8/26/2021,41.38673,-83.08574,0,UM,NA,NA,,486.7068956,Targeted
645,8,26,2021,8/26/2021,41.38101233,-83.0957602,0,UM,NA,NA,,366.0343982,Targeted
646,8,26,2021,8/26/2021,41.38655,-83.0936184,0,UM,NA,NA,,532.2936508,Targeted
647,8,26,2021,8/26/2021,41.37942,-83.09503,0,FM,NA,NA,,532.6554717,Targeted
648,8,26,2021,8/26/2021,41.36961862,-83.10228638,0,FM,NA,NA,,279.6105593,Targeted
649,8,26,2021,8/26/2021,41.36159102,-83.1001965,0,FM,NA,NA,,220.5647159,Targeted
650,8,30,2021,8/30/2021,41.415351,-83.08643762,0,LM,NA,NA,,453.2030938,Targeted
651,8,30,2021,8/30/2021,41.40571849,-83.07919439,0,LM,NA,NA,,523.5078361,Targeted
652,8,30,2021,8/30/2021,41.4026624,-83.08762444,0,LM,NA,NA,,418.1170235,Targeted
653,8,30,2021,8/30/2021,41.39664582,-83.10296076,0,UM,NA,NA,,392.5240835,Targeted
654,8,30,2021,8/30/2021,41.39295585,-83.10073594,0,UM,NA,NA,,282.8096806,Targeted
655,8,30,2021,8/30/2021,41.38973445,-83.10394116,0,UM,NA,NA,,483.0014443,Targeted
656,8,30,2021,8/30/2021,41.38354597,-83.09767372,0,UM,NA,NA,,206.707018,Targeted
657,8,31,2021,8/31/2021,41.42935667,-83.05909553,0,LM,NA,NA,,403.8252192,Bait_Attractant
658,8,31,2021,8/31/2021,41.42238951,-83.06901274,0,LM,NA,NA,,291.4123937,Bait_Attractant
659,8,31,2021,8/31/2021,41.39408514,-83.10780867,0,UM,NA,NA,,717.5165838,Targeted
660,8,31,2021,8/31/2021,41.39250049,-83.1061343,0,UM,NA,NA,,273.7644769,Targeted
661,8,31,2021,8/31/2021,41.39409181,-83.10726907,0,UM,NA,NA,,159.8067896,Targeted
662,8,31,2021,8/31/2021,41.39342069,-83.10000289,0,UM,NA,NA,,304.165643,Targeted
663,8,31,2021,8/31/2021,41.38572434,-83.08602978,0,UM,NA,NA,,404.3949732,Targeted
664,8,31,2021,8/31/2021,41.38389133,-83.09643258,0,UM,NA,NA,,434.3975019,Targeted
665,8,31,2021,8/31/2021,41.37105585,-83.0965997,0,FM,NA,NA,,253.0803555,Targeted
666,8,31,2021,8/31/2021,41.36101304,-83.10071681,0,FM,NA,NA,,342.1246818,Targeted
667,9,1,2021,9/1/2021,41.41746159,-83.08578634,0,LM,NA,NA,,1581.867264,Targeted
668,9,1,2021,9/1/2021,41.3867,-83.09012,0,UM,NA,NA,,124.0309197,Targeted
669,9,1,2021,9/1/2021,41.636969,-83.10012,0,FM,NA,NA,,417.5360418,Targeted
670,9,1,2021,9/1/2021,41.41880222,-83.0708976,3,LM,NA,NA,,381.3964308,Targeted
671,9,1,2021,9/1/2021,41.41807394,-83.07190723,0,LM,NA,NA,,417.5360418,Targeted
672,9,1,2021,9/1/2021,41.41264057,-83.08330484,0,LM,NA,NA,,417.5360418,Targeted
673,9,1,2021,9/1/2021,41.42286793,-83.06924809,0,LM,NA,NA,,417.5360418,Targeted
674,9,2,2021,9/2/2021,41.4175531,-83.08532709,0,LM,NA,NA,,417.5360418,Targeted
675,9,2,2021,9/2/2021,41.39501905,-83.1090747,0,UM,NA,NA,,174.8674874,Targeted
676,9,2,2021,9/2/2021,41.39202161,-83.08819504,0,UM,NA,NA,,411.4270169,Targeted
677,9,2,2021,9/2/2021,41.36254636,-83.10275357,0,FM,NA,NA,,448.3806142,Targeted
678,9,2,2021,9/2/2021,41.43357493,-83.0301192,2,M,NA,NA,,777.1015438,Targeted
679,9,2,2021,9/2/2021,41.43478152,-83.02912268,0,M,NA,NA,,234.6242134,Targeted
680,9,2,2021,9/2/2021,41.43847625,-83.03151954,2,M,NA,NA,,1122.64664,Targeted
681,9,2,2021,9/2/2021,41.41879847,-83.07093167,1,LM,NA,NA,,317.8727506,Targeted
682,9,2,2021,9/2/2021,41.41725155,-83.07121292,1,LM,NA,NA,,490.2540167,Targeted
683,9,7,2021,9/7/2021,41.39174,-83.10598,0,UM,NA,NA,,417.5360418,Targeted
684,9,7,2021,9/7/2021,41.38354,-83.09776,0,UM,NA,NA,,744.8093882,Targeted
685,9,7,2021,9/7/2021,41.37859,-83.09487,0,FM,NA,NA,,649.608046,Targeted
686,9,8,2021,9/8/2021,41.39016861,-83.10371232,0,UM,NA,NA,,381.138762,Targeted
687,9,8,2021,9/8/2021,41.39348,-83.09576,1,UM,NA,NA,,291.5772489,Sustained
688,9,8,2021,9/8/2021,41.38580913,-83.08949273,0,UM,NA,NA,,85.07350893,Sustained
689,9,8,2021,9/8/2021,41.39079,-83.08779,0,UM,NA,NA,,91.17042893,Sustained
690,9,8,2021,9/8/2021,41.38748175,-83.08491603,0,UM,NA,NA,,133.9020804,Sustained
691,9,8,2021,9/8/2021,41.38324,-83.09776,0,UM,NA,NA,,439.0350159,Sustained
692,9,8,2021,9/8/2021,41.35464185,-83.10449978,0,FM,NA,NA,,559.5318346,Sustained
693,9,9,2021,9/9/2021,41.41961318,-83.08603828,0,LM,NA,NA,,417.5360418,Sustained
694,9,9,2021,9/9/2021,41.42032,-83.07605,0,LM,NA,NA,,342.2208996,Sustained
695,9,9,2021,9/9/2021,41.41199,-83.08159,0,LM,NA,NA,,346.9098516,Sustained
696,9,9,2021,9/9/2021,41.39368479,-83.11132825,0,UM,NA,NA,,112.7001558,Sustained
697,9,9,2021,9/9/2021,41.41692,-83.0728,0,LM,NA,NA,,161.3330763,Sustained
698,9,9,2021,9/9/2021,41.42044122,-83.06916259,0,LM,NA,NA,,417.5360418,Sustained
699,9,10,2021,9/10/2021,41.44718,-83.0117324,0,M,NA,NA,,393.6422134,Sustained
700,9,10,2021,9/10/2021,41.41501769,-83.08629163,0,LM,NA,NA,,421.2237538,Targeted
701,9,10,2021,9/10/2021,41.40356576,-83.08092146,0,LM,NA,NA,,365.3275515,Targeted
702,9,10,2021,9/10/2021,41.39323129,-83.09401375,0,UM,NA,NA,,396.6209709,Targeted
703,9,10,2021,9/10/2021,41.43366989,-83.02991408,0,M,NA,NA,,109.9836303,Sustained
704,9,10,2021,9/10/2021,41.43772,-83.04160988,0,M,NA,NA,,316.3655763,Sustained
705,9,10,2021,9/10/2021,41.44027634,-83.03529182,0,M,NA,NA,,417.5360418,Sustained
706,9,10,2021,9/10/2021,41.43065758,-83.04660406,0,M,NA,NA,,111.8042362,Sustained
707,9,10,2021,9/10/2021,41.43427,-83.04225,0,M,NA,NA,,625.8867596,Sustained
708,9,15,2021,9/15/2021,41.38540241,-83.09449828,0,UM,NA,NA,,180.0243208,Targeted
709,9,20,2021,9/20/2021,41.39023102,-83.10248867,0,UM,NA,NA,,417.5360418,Targeted
710,9,20,2021,9/20/2021,41.44110231,-83.03425766,0,M,NA,NA,,178.7644226,Realtime
711,9,20,2021,9/20/2021,41.43044763,-83.05912287,0,LM,NA,NA,,205.6133547,Targeted
712,9,20,2021,9/20/2021,41.4277972,-83.05747562,0,LM,NA,NA,,331.3461849,Targeted
713,9,20,2021,9/20/2021,41.42722269,-83.06097593,0,LM,NA,NA,,409.6837902,Targeted
714,9,21,2021,9/21/2021,41.43882,-83.03125,0,M,NA,NA,,820.9165161,Targeted
715,9,21,2021,9/21/2021,41.41852443,-83.07123671,0,LM,NA,NA,,397.5518919,Targeted
716,9,21,2021,9/21/2021,41.41678,-83.07186,0,LM,NA,NA,,391.694314,Targeted
717,9,27,2021,9/27/2021,41.41136433,-83.08007477,0,LM,NA,NA,,461.8828942,Targeted
718,9,27,2021,9/27/2021,41.39048262,-83.10352218,0,UM,NA,NA,,413.4922436,Targeted
719,9,27,2021,9/27/2021,41.3819791,-83.09692489,0,UM,NA,NA,,405.2134858,Targeted
720,9,27,2021,9/27/2021,41.38552148,-83.09465589,0,UM,NA,NA,,386.3904833,Targeted
721,9,27,2021,9/27/2021,41.37884984,-83.09500253,0,FM,NA,NA,,440.0285236,Targeted
722,9,28,2021,9/28/2021,41.40360864,-83.08077103,0,LM,NA,NA,,443.4782232,Targeted
723,9,28,2021,9/28/2021,41.40604729,-83.07979657,0,LM,NA,NA,,481.2303202,Targeted
724,9,28,2021,9/28/2021,41.39949368,-83.0995844,0,UM,NA,NA,,505.7158586,Targeted
725,9,28,2021,9/28/2021,41.39205872,-83.1061262,1,UM,NA,NA,,276.6197731,Targeted
726,9,28,2021,9/28/2021,41.39386146,-83.09915867,0,UM,NA,NA,,410.430739,Targeted
727,9,28,2021,9/28/2021,41.3877119,-83.0856915,0,UM,NA,NA,,500.69588,Targeted
728,9,28,2021,9/28/2021,41.37375767,-83.09480864,0,FM,NA,NA,,427.2635563,Targeted
729,9,28,2021,9/28/2021,41.41982243,-83.07427414,0,LM,NA,NA,,354.3406752,Targeted
730,9,29,2021,9/29/2021,41.41632,-83.08631,0,LM,NA,NA,,453.2030938,Targeted
731,9,29,2021,9/29/2021,41.40598,-83.07985,0,LM,NA,NA,,317.7282231,Targeted
732,9,29,2021,9/29/2021,41.39068,-83.1035,0,UM,NA,NA,,732.3569311,Targeted
733,9,29,2021,9/29/2021,41.38678464,-83.09024534,0,UM,NA,NA,,380.2703443,Targeted
734,9,29,2021,9/29/2021,41.38571772,-83.09369311,0,UM,NA,NA,,373.2745068,Targeted
735,9,29,2021,9/29/2021,41.37076656,-83.09780937,0,FM,NA,NA,,369.6389638,Targeted
736,9,30,2021,9/30/2021,41.41942,-83.08075,0,LM,NA,NA,,509.3149859,Targeted
737,9,30,2021,9/30/2021,41.39793,-83.10129,0,UM,NA,NA,,357.522153,Targeted
738,9,30,2021,9/30/2021,41.39273,-83.1063,0,UM,NA,NA,,349.2206801,Targeted
739,9,30,2021,9/30/2021,41.45044244,-83.02183819,0,M,NA,NA,,392.5592618,Targeted
740,9,30,2021,9/30/2021,41.44650476,-83.02675734,0,M,NA,NA,,400.217851,Targeted
741,9,30,2021,9/30/2021,41.4261802,-83.04771651,0,M,NA,NA,,313.3280789,Targeted
742,10,4,2021,10/4/2021,41.41356745,-83.08513695,0,LM,NA,NA,,267.6299746,Targeted
743,10,4,2021,10/4/2021,41.40523,-83.0806,1,LM,NA,NA,,431.2553062,Targeted
744,10,5,2021,10/5/2021,41.40123671,-83.09753932,0,UM,NA,NA,,280.1396997,Targeted
745,10,5,2021,10/5/2021,41.35710194,-83.10155097,0,FM,NA,NA,,363.3844711,Realtime
746,10,5,2021,10/5/2021,41.36038561,-83.10060091,0,FM,NA,NA,,315.8137619,Targeted
747,10,6,2021,10/6/2021,41.41257,-83.08342,0,LM,NA,NA,,404.1027755,Targeted
748,10,6,2021,10/6/2021,41.41736348,-83.08587275,0,LM,NA,NA,,317.0018151,Targeted
749,10,6,2021,10/6/2021,41.405361,-83.08042631,0,LM,NA,NA,,413.3669617,Targeted
750,10,6,2021,10/6/2021,41.40159947,-83.09674536,0,UM,NA,NA,,432.6196784,Targeted
751,10,6,2021,10/6/2021,41.39074,-83.10568,0,UM,NA,NA,,738.5856809,Targeted
752,10,6,2021,10/6/2021,41.37469274,-83.09582864,0,FM,NA,NA,,342.151844,Targeted
753,10,6,2021,10/6/2021,41.37873602,-83.09484383,0,FM,NA,NA,,417.5360418,Targeted
754,10,6,2021,10/6/2021,41.43269,-83.03252,0,M,NA,NA,,1048.734386,Targeted
755,10,6,2021,10/6/2021,41.43699,-83.03743,0,M,NA,NA,,417.5360418,Targeted
756,10,6,2021,10/6/2021,41.43539461,-83.04126149,0,M,NA,NA,,427.6809679,Targeted
757,10,7,2021,10/7/2021,41.40536474,-83.08042055,0,LM,NA,NA,,401.5687963,Targeted
758,10,7,2021,10/7/2021,41.39061508,-83.10577931,0,UM,NA,NA,,483.9383673,Targeted
759,10,7,2021,10/7/2021,41.39269987,-83.09227264,0,UM,NA,NA,,350.1997889,Targeted
760,10,7,2021,10/7/2021,41.38471348,-83.09592998,0,UM,NA,NA,,355.4866224,Targeted
761,10,7,2021,10/7/2021,41.36973017,-83.10047086,0,FM,NA,NA,,184.6017835,Targeted
762,10,7,2021,10/7/2021,41.35735028,-83.10378296,0,FM,NA,NA,,408.3088146,Targeted
763,10,11,2021,10/11/2021,41.41566173,-83.08528042,0,LM,NA,NA,,303.8240153,Targeted
764,10,11,2021,10/11/2021,41.40608495,-83.07973633,0,LM,NA,NA,,273.2466442,Targeted
765,10,11,2021,10/11/2021,41.39427419,-83.10711076,0,UM,NA,NA,,232.7616598,Targeted
766,10,11,2021,10/11/2021,41.39326317,-83.09813102,0,UM,NA,NA,,346.0909816,Targeted
767,10,11,2021,10/11/2021,41.39336156,-83.10002667,0,UM,NA,NA,,185.96117,Targeted
768,10,11,2021,10/11/2021,41.39023729,-83.10256293,0,UM,NA,NA,,399.4921407,Targeted
769,10,11,2021,10/11/2021,41.38559,-83.08897,0,UM,NA,NA,,493.4690886,Targeted
770,10,11,2021,10/11/2021,41.37375572,-83.09500127,0,FM,NA,NA,,413.1105707,Targeted
771,10,11,2021,10/11/2021,41.37675,-83.09609,0,FM,NA,NA,,520.8335998,Targeted
772,10,11,2021,10/11/2021,41.37074,-83.09796,0,FM,NA,NA,,415.8018752,Targeted
773,10,12,2021,10/12/2021,41.41504,-83.08643,0,LM,NA,NA,,463.2030938,Targeted
774,10,12,2021,10/12/2021,41.39973944,-83.09714573,0,UM,NA,NA,,417.3722114,Targeted
775,10,12,2021,10/12/2021,41.39118029,-83.10307169,0,UM,NA,NA,,374.2448029,Targeted
776,10,12,2021,10/12/2021,41.39311,-83.09388,0,UM,NA,NA,,528.8378151,Targeted
777,10,12,2021,10/12/2021,41.38560517,-83.09583956,0,UM,NA,NA,,421.2414721,Targeted
778,10,12,2021,10/12/2021,41.36432318,-83.10608985,0,FM,NA,NA,,322.5137762,Targeted
779,10,13,2021,10/13/2021,41.41162281,-83.07994181,0,LM,NA,NA,,459.3110161,Targeted
780,10,13,2021,10/13/2021,41.41513469,-83.0852959,0,LM,NA,NA,,415.586437,Targeted
781,10,13,2021,10/13/2021,41.40896,-83.07868,0,LM,NA,NA,,529.9898852,Targeted
782,10,13,2021,10/13/2021,41.39496635,-83.10502966,0,UM,NA,NA,,334.6876116,Targeted
783,10,13,2021,10/13/2021,41.39314,-83.09831,0,UM,NA,NA,,522.6654741,Targeted
784,10,13,2021,10/13/2021,41.38975,-83.08673,0,UM,NA,NA,,501.6682277,Targeted
785,10,13,2021,10/13/2021,41.38383205,-83.0964229,0,UM,NA,NA,,414.6896217,Targeted
786,10,13,2021,10/13/2021,41.36977371,-83.10229888,0,FM,NA,NA,,334.5971636,Targeted
787,10,13,2021,10/13/2021,41.37111586,-83.09657749,0,FM,NA,NA,,178.2755703,Targeted
788,10,13,2021,10/13/2021,41.36606195,-83.1065018,0,FM,NA,NA,,334.2326753,Targeted
789,10,13,2021,10/13/2021,41.35442865,-83.1075063,0,FM,NA,NA,,377.500577,Targeted
790,10,14,2021,10/14/2021,41.4035409,-83.08199241,0,LM,NA,NA,,417.5360418,Targeted
791,10,14,2021,10/14/2021,41.44393,-83.01095,0,M,NA,NA,,1169.168618,Targeted
792,10,14,2021,10/14/2021,41.40231072,-83.08341757,0,UM,NA,NA,,417.5360418,Targeted
793,10,14,2021,10/14/2021,41.60256875,-83.57392473,1,UM,NA,NA,,417.5360418,Targeted
794,10,14,2021,10/14/2021,41.38997,-83.08659,0,UM,NA,NA,,351.0125597,Targeted
795,10,14,2021,10/14/2021,41.44906858,-83.02594594,0,M,NA,NA,,394.9808573,Targeted
796,10,14,2021,10/14/2021,41.56967404,-83.63963623,0,FM,NA,NA,,417.5360418,Targeted
797,10,18,2021,10/18/2021,41.42289578,-83.06887033,0,LM,NA,NA,,248.9294583,Bait_Attractant
798,10,18,2021,10/18/2021,41.40169586,-83.09123288,0,UM,NA,NA,,470.7247819,Targeted
799,10,18,2021,10/18/2021,41.39733,-83.10029,0,UM,NA,NA,,354.3442297,Targeted
800,10,18,2021,10/18/2021,41.39132051,-83.10598471,0,UM,NA,NA,,407.5298911,Targeted
801,10,18,2021,10/18/2021,41.39339481,-83.09723071,0,UM,NA,NA,,337.7517486,Targeted
802,10,18,2021,10/18/2021,41.42734802,-83.06087637,0,LM,NA,NA,,429.9050616,Bait_Attractant
803,10,18,2021,10/18/2021,41.42675138,-83.05443403,0,LM,NA,NA,,201.665492,Bait_Attractant
804,10,18,2021,10/18/2021,41.41983967,-83.07278593,0,LM,NA,NA,,274.8872807,Bait_Attractant
805,10,19,2021,10/19/2021,41.41516,-83.08602,0,LM,NA,NA,,352.0588147,Targeted
806,10,19,2021,10/19/2021,41.40532,-83.0806,0,LM,NA,NA,,490.723397,Targeted
807,10,19,2021,10/19/2021,41.39096,-83.10592,1,UM,NA,NA,,820.3592318,Targeted
808,10,19,2021,10/19/2021,41.3847797,-83.09576301,0,UM,NA,NA,,411.7378883,Targeted
809,10,19,2021,10/19/2021,41.37872532,-83.09494006,0,FM,NA,NA,,431.8793885,Targeted
810,10,19,2021,10/19/2021,41.36962037,-83.10240158,0,FM,NA,NA,,224.8569792,Targeted
811,10,19,2021,10/19/2021,41.37122637,-83.09637436,0,FM,NA,NA,,314.77026,Targeted
812,10,19,2021,10/19/2021,41.36669469,-83.10652132,0,FM,NA,NA,,469.0865509,Targeted
813,10,19,2021,10/19/2021,41.35711308,-83.10428739,0,FM,NA,NA,,335.5792853,Targeted
814,10,19,2021,10/19/2021,41.36012577,-83.10070289,0,FM,NA,NA,,356.4662784,Targeted
815,10,20,2021,10/20/2021,41.44889,-83.02888,0,M,NA,NA,,465.9359912,Targeted
816,10,20,2021,10/20/2021,41.43714,-83.04295,0,M,NA,NA,,417.5360418,Targeted
817,10,20,2021,10/20/2021,41.43263,-83.04304,0,M,NA,NA,,369.6884016,Targeted
818,10,25,2021,10/25/2021,41.38941663,-83.08642364,0,UM,NA,NA,,445.7049066,Sustained
819,10,25,2021,10/25/2021,41.38639358,-83.08850284,0,UM,NA,NA,,451.5630038,Sustained
820,10,25,2021,10/25/2021,41.37867061,-83.09641842,1,FM,NA,NA,,122.3494994,Sustained
821,10,27,2021,10/27/2021,41.38967412,-83.10229197,0,UM,NA,NA,,256.8385703,Sustained
822,10,27,2021,10/27/2021,41.39123301,-83.10158878,0,UM,NA,NA,,439.1602921,Sustained
823,10,28,2021,10/28/2021,41.40592914,-83.07958066,0,LM,NA,NA,,386.9363656,Targeted
824,10,28,2021,10/28/2021,41.37851,-83.09495,0,FM,NA,NA,,417.5360418,Targeted
825,11,8,2021,11/8/2021,41.36018992,-83.10057182,0,FM,NA,NA,,568.621312,Targeted
826,11,8,2021,11/8/2021,41.35252135,-83.10997686,1,FM,NA,NA,,1062.837626,Targeted
827,11,10,2021,11/10/2021,41.37887414,-83.09496933,0,FM,NA,NA,,172.3221444,Targeted
828,11,10,2021,11/10/2021,41.35258042,-83.10988429,1,FM,NA,NA,,319.8697792,Targeted
829,11,10,2021,11/10/2021,41.35165874,-83.11079245,0,FM,NA,NA,,667.5297816,Targeted
