DATE,Upurp,Utot,AM.UTP,GM.UTP
2-Aug-93,0,0,9.449999928,8.932958295
2-Aug-93,0,2,10.9000001,10.89265817
2-Aug-93,0,5,11.12500024,9.944096076
2-Aug-93,0,0,11.20000029,11.03766307
2-Aug-93,0,0,11.64999962,11.18749262
2-Aug-93,0,0,12.95000005,11.70042742
2-Aug-93,1,1,13.82500029,11.97385767
2-Aug-93,0,0,14,13.99964285
2-Aug-93,0,2,14.5,13.93735986
2-Aug-93,0,0,17.55000019,15.84297964
2-Aug-93,0,0,18.84999943,18.74886608
2-Aug-93,0,1,19.4000001,17.62810271
2-Aug-93,0,0,21.94999981,21.91985379
2-Aug-93,0,0,22.40000057,20.37817514
2-Aug-93,0,0,23.25,21.69884775
2-Aug-93,0,1,23.27500057,20.4766734
2-Aug-93,0,0,24.9000001,22.67047391
2-Aug-93,0,0,25.75,25.74956311
2-Aug-93,0,0,25.82500005,23.42729542
2-Aug-93,0,0,26.80000019,26.77312105
2-Aug-93,0,0,28.26666609,16.07624024
2-Aug-93,0,0,29.15000057,25.42951054
2-Aug-93,0,0,29.9000001,27.22178538
2-Aug-93,0,0,32.64999962,32.6453668
2-Aug-93,0,0,32.64999962,32.15742495
2-Aug-93,0,0,34.57499933,31.82447745
2-Aug-93,0,0,34.95000076,34.94195263
2-Aug-93,0,0,37.20000076,31.041747
2-Aug-93,0,0,40.45000076,33.78076467
2-Aug-93,0,2,40.60000038,40.46566475
2-Aug-93,0,0,41.49999905,38.65539986
2-Aug-93,0,0,45.06666692,42.01903941
2-Aug-93,0,0,51.30000114,50.52207561
2-Aug-93,0,0,64.69999981,59.17251407
2-Aug-93,0,0,72.27499866,68.45104424
2-Aug-93,0,0,76.09999847,74.87489439
16-Dec-93,0,0,7.36,3.66303878
16-Dec-93,0,0,7.9,3.619840681
16-Dec-93,0,1,8.025,6.068491876
16-Dec-93,0,2,8.475,6.261918091
16-Dec-93,0,9,8.566666667,8.260410488
16-Dec-93,0,6,9.133333333,9.083155249
16-Dec-93,0,0,9.32,3.310741343
16-Dec-93,0,16,9.6,9.523568443
16-Dec-93,0,3,9.775,6.820979919
16-Dec-93,0,10,9.875,8.148903964
16-Dec-93,0,5,10.625,4.020606621
16-Dec-93,0,6,11.375,6.231772158
16-Dec-93,11,11,13.2,13.88125763
16-Dec-93,0,14,13.4,10.69900128
16-Dec-93,0,0,13.46,5.695088062
16-Dec-93,0,0,14.76,7.676631145
16-Dec-93,0,3,15.06666667,13.84273318
16-Dec-93,0,3,15.4,9.773177251
16-Dec-93,0,0,16.4,7.930832978
16-Dec-93,0,1,16.425,8.285871173
16-Dec-93,0,0,17.18,10.42367777
16-Dec-93,0,0,17.5,10.78334958
16-Dec-93,0,0,17.62,9.788029851
16-Dec-93,0,0,18.775,11.12866668
16-Dec-93,0,0,20.54,12.33935464
16-Dec-93,0,0,22.475,16.10627627
16-Dec-93,0,0,25.275,10.97579358
16-Dec-93,0,0,29.5,18.45598145
16-Dec-93,0,0,30.6,11.77658076
16-Dec-93,0,0,31.05,9.954420421
16-Dec-93,0,0,32.06,18.37944678
16-Dec-93,0,0,34.54,18.78287005
16-Dec-93,0,0,43.8,21.84770375
16-Dec-93,0,0,49.66666667,45.29267019
16-Dec-93,0,0,51.24,23.01612127
16-Dec-93,0,0,110.05,36.76444071
10-Apr-94,3,11,4.92,4.480692757
10-Apr-94,0,2,5.18,5.515384615
10-Apr-94,0,14,5.266666667,2.80336896
10-Apr-94,0,12,5.4,3.418335951
10-Apr-94,0,13,5.82,4.924633498
10-Apr-94,1,1,5.916666667,2.600670399
10-Apr-94,0,17,6.016666667,3.514997653
10-Apr-94,0,0,7.32,8.491287652
10-Apr-94,12,12,8.72,7.888370752
10-Apr-94,0,14,8.975,8.291255623
10-Apr-94,10,10,8.98,4.460761875
10-Apr-94,17,17,9.15,8.656246756
10-Apr-94,0,8,11.35,9.969252681
10-Apr-94,0,4,12.68333333,7.871987202
10-Apr-94,0,0,13.6,8.379859991
10-Apr-94,0,0,14.05,9.194872027
10-Apr-94,0,0,14.08,9.374391263
10-Apr-94,5,11,14.38,8.174691881
10-Apr-94,2,5,14.45,9.112180459
10-Apr-94,2,6,16.38,8.892319298
10-Apr-94,6,12,18.5,15.1745563
10-Apr-94,0,0,18.95,13.32435673
10-Apr-94,0,0,19.74,9.005980294
10-Apr-94,0,0,20.41666667,8.784495924
10-Apr-94,0,0,29.74,20.37088312
10-Apr-94,0,0,30.88,20.47070164
10-Apr-94,0,0,32.16,16.75215182
10-Apr-94,0,0,35.06666667,15.18603856
10-Apr-94,0,0,36.11666667,15.80580048
10-Apr-94,0,0,36.81666667,20.37710074
10-Apr-94,0,0,38,36.92480434
10-Apr-94,0,0,38.56666667,16.62590797
10-Apr-94,0,0,44.38,20.18119817
18-Aug-94,16,16,10.31666676,9.896878112
18-Aug-94,18,20,10.81666676,9.83067568
18-Aug-94,11,11,10.95000013,10.44349112
18-Aug-94,10,10,11.11666671,10.5222252
18-Aug-94,12,14,11.44999989,9.82603346
18-Aug-94,1,3,11.8166666,11.13523168
18-Aug-94,11,11,11.94999989,10.81408507
18-Aug-94,7,7,13.26666665,12.08185172
18-Aug-94,18,18,13.80000019,12.09996391
18-Aug-94,1,1,15.23333327,12.02019124
18-Aug-94,10,11,15.3666664,11.93956926
18-Aug-94,6,14,18.26666657,15.71518354
18-Aug-94,1,1,19.85000006,16.9746013
18-Aug-94,20,21,23.38333337,21.8600542
18-Aug-94,0,0,25.10000022,21.98781091
18-Aug-94,0,0,27.23333327,24.16148149
18-Aug-94,5,10,28.10000006,26.62787548
18-Aug-94,0,8,28.74999951,13.61318345
18-Aug-94,6,15,29.58333333,22.39025723
18-Aug-94,0,0,32.73333248,26.7033264
18-Aug-94,0,0,37.33333349,32.97432729
18-Aug-94,0,0,41.70000013,38.73511546
18-Aug-94,0,0,42.44999933,38.360838
18-Aug-94,2,6,49.58333397,37.5080437
18-Aug-94,0,2,50.69999949,39.85450944
18-Aug-94,0,0,50.84999959,32.73238013
18-Aug-94,0,0,54.03333441,41.01592039
18-Aug-94,1,1,59.39999946,36.4835472
18-Aug-94,0,0,61.06666629,58.01903542
18-Aug-94,0,0,85.28333282,59.17204012
18-Aug-94,0,0,92.26666705,73.35357606
18-Aug-94,0,0,94.48333168,79.27819219
18-Aug-94,0,0,97.53333282,71.27690116
18-Aug-94,0,0,104.4999975,64.30745644
18-Aug-94,0,0,163.7833329,76.25110343
18-Aug-94,0,2,338.9833263,71.51950263
30-Mar-95,11,12,3.5,3.464101615
30-Mar-95,0,0,3.5,3.464101615
30-Mar-95,4,4,3.5,3.464101615
30-Mar-95,6,18,3.5,3.464101615
30-Mar-95,3,3,3.5,3.464101615
30-Mar-95,1,2,4.05,4.049691346
30-Mar-95,16,18,4.1,3.774917218
30-Mar-95,2,2,4.3,4.224926035
30-Mar-95,15,15,4.35,4.135214626
30-Mar-95,2,3,5.15,5.041825066
30-Mar-95,2,2,5.9,5.896609195
30-Mar-95,1,1,6,5.196152423
25-Aug-95,20,20,6.04,5.513402855
25-Aug-95,5,5,6.466666667,6.078284315
25-Aug-95,3,3,7.0625,6.413494504
25-Aug-95,5,5,7.35,6.372248449
25-Aug-95,8,8,7.64,6.151855678
25-Aug-95,2,2,7.64375,7.126402194
25-Aug-95,11,13,7.7125,7.070087137
25-Aug-95,4,12,7.9125,7.493330598
25-Aug-95,5,7,7.981818182,7.052857509
25-Aug-95,6,6,8.261538462,7.232525968
25-Aug-95,9,9,8.625,6.885167674
25-Aug-95,1,1,8.70625,8.070301084
25-Aug-95,2,2,9.157894737,8.14115635
25-Aug-95,21,21,9.377777778,7.571550678
25-Aug-95,2,2,9.50625,9.078533558
25-Aug-95,12,18,9.633333333,8.280978425
25-Aug-95,7,7,9.738888889,7.506934523
25-Aug-95,9,9,9.886666667,8.910927656
25-Aug-95,9,11,9.894444444,8.359085209
25-Aug-95,16,34,9.95,8.460853397
25-Aug-95,2,10,10.17777778,8.385931066
25-Aug-95,7,7,10.38333333,8.568971177
25-Aug-95,1,2,10.54375,9.437188611
25-Aug-95,8,11,10.6625,7.84222441
25-Aug-95,2,4,10.6875,9.080250621
25-Aug-95,9,16,11.15,10.07764529
25-Aug-95,12,18,11.29090909,10.40142601
25-Aug-95,19,22,11.35,10.52373572
25-Aug-95,7,7,11.46666667,8.754643608
25-Aug-95,22,22,11.84375,9.408135068
25-Aug-95,1,3,12.0875,10.81130458
25-Aug-95,11,21,12.18888889,8.942631674
25-Aug-95,0,5,12.36875,11.09067369
25-Aug-95,12,18,12.41666667,10.33671759
25-Aug-95,0,0,12.65,10.30135914
25-Aug-95,13,13,12.74,11.36310447
25-Aug-95,7,12,13.275,10.86271491
25-Aug-95,15,15,13.275,11.81643131
25-Aug-95,0,6,13.375,8.910904893
25-Aug-95,10,10,13.5625,10.15148362
25-Aug-95,22,22,13.66923077,11.34303705
25-Aug-95,13,13,14.21,9.586730201
25-Aug-95,4,13,14.93333333,13.30391238
25-Aug-95,0,0,15.6,11.60783228
25-Aug-95,16,41,16,14.96194791
25-Aug-95,9,19,17.13333333,13.28995462
25-Aug-95,0,1,17.70909091,13.36098199
25-Aug-95,14,14,17.82727273,9.002831989
25-Aug-95,20,20,17.83125,12.83259263
25-Aug-95,0,0,18.07619048,14.03486284
25-Aug-95,0,0,18.51666667,15.48217739
25-Aug-95,0,0,18.6,13.65896018
25-Aug-95,3,3,19.00625,14.00613852
25-Aug-95,0,0,19.17222222,14.09370219
25-Aug-95,11,11,19.3,16.1320187
25-Aug-95,0,0,19.475,16.54927467
25-Aug-95,18,21,19.68333333,15.59055268
25-Aug-95,2,2,19.8375,13.8394918
25-Aug-95,0,0,21.71904762,17.16619356
25-Aug-95,18,19,22.2,17.15062631
25-Aug-95,2,2,22.23333333,17.87885318
25-Aug-95,0,0,22.33,20.00083588
25-Aug-95,0,3,22.86666667,13.93006161
25-Aug-95,0,0,23.08125,19.60580374
25-Aug-95,0,0,24.84487073,14.86120287
25-Aug-95,0,0,26.09375,17.44156289
25-Aug-95,0,0,26.65625,17.77419738
25-Aug-95,16,16,27.13846154,16.71464884
25-Aug-95,1,1,27.2,14.69762739
25-Aug-95,0,0,30.6875,17.19468828
25-Aug-95,0,0,33.075,22.55644441
25-Aug-95,0,0,33.46111111,22.87482532
25-Aug-95,6,9,33.84444444,21.83175101
25-Aug-95,7,10,34.59090909,20.39391412
25-Aug-95,0,0,36.08947368,24.91343805
25-Aug-95,0,0,36.90625,23.67335965
25-Aug-95,0,2,37.38421053,24.29172105
25-Aug-95,0,0,38.57894737,24.4433086
25-Aug-95,0,3,39.8047619,23.38570027
25-Aug-95,0,0,43.4625,28.97604644
25-Aug-95,0,0,46.32352941,28.03666669
25-Aug-95,0,0,53.7625,37.145383
25-Aug-95,0,0,54.1,34.90197997
25-Aug-95,0,0,57.18125,38.83475556
25-Aug-95,0,0,73.675,48.66401772
25-Aug-95,0,0,73.86842105,48.88862034
25-Aug-95,0,0,76.46,61.3621354
17-Jan-96,9,9,6.777777778,6.268954482
17-Jan-96,6,6,6.977777778,6.614153311
17-Jan-96,7,7,6.992307692,5.515053955
17-Jan-96,7,7,7.385,6.761719283
17-Jan-96,10,11,7.45,6.877057688
17-Jan-96,4,17,7.577777778,7.337877978
17-Jan-96,9,9,7.665,7.431839451
17-Jan-96,4,12,7.677777778,8.388455401
17-Jan-96,4,12,7.788888889,7.489139129
17-Jan-96,28,34,7.85,7.26549228
17-Jan-96,10,10,8.285,7.7598934
17-Jan-96,10,10,8.38,7.346207517
17-Jan-96,11,11,8.44375,7.39537971
17-Jan-96,4,8,8.5,8.084477217
17-Jan-96,5,12,8.55,7.936998903
17-Jan-96,14,17,8.588888889,8.472188228
17-Jan-96,2,5,8.745,7.555628671
17-Jan-96,37,45,8.78,7.626767001
17-Jan-96,3,8,8.83,8.196725225
17-Jan-96,7,7,8.84,7.627696128
17-Jan-96,32,39,8.988888889,8.402028736
17-Jan-96,16,35,9,8.655670158
17-Jan-96,19,22,9.123076923,8.305098836
17-Jan-96,5,5,9.265,8.252495114
17-Jan-96,8,32,9.446153846,8.297275008
17-Jan-96,27,31,9.725,9.236067428
17-Jan-96,16,76,10.20769231,9.417291215
17-Jan-96,15,15,10.55,7.797785413
17-Jan-96,0,22,10.55555556,9.595024057
17-Jan-96,12,12,11.03333333,9.59022801
17-Jan-96,26,30,11.43076923,10.38200992
17-Jan-96,2,2,11.49230769,9.246119458
17-Jan-96,25,33,11.575,9.049252306
17-Jan-96,1,1,11.77777778,9.807850607
17-Jan-96,7,13,12.4,11.32923059
17-Jan-96,6,6,12.83333333,10.76247136
17-Jan-96,6,6,13.15384615,10.50765762
17-Jan-96,6,7,13.32222222,10.73167906
17-Jan-96,6,7,13.85833333,8.7187896
17-Jan-96,13,13,14.48461538,10.65882248
17-Jan-96,4,4,15.56666667,11.7690789
17-Jan-96,2,2,16.08,11.84350319
17-Jan-96,0,0,17.01052632,12.9729809
17-Jan-96,12,12,17.1,13.9982481
17-Jan-96,25,29,17.40666667,9.61076012
17-Jan-96,16,18,17.43333333,13.17999593
17-Jan-96,0,5,18,15.59556397
17-Jan-96,0,11,18.14375,15.95500706
17-Jan-96,1,1,18.165,13.21044233
17-Jan-96,0,0,19.75625,14.62821292
17-Jan-96,0,0,20.28947368,13.65186541
17-Jan-96,3,3,20.53846154,9.455357407
17-Jan-96,4,6,20.75555556,15.38039068
17-Jan-96,0,0,20.88421053,14.18348487
17-Jan-96,17,17,21.3,17.61428407
17-Jan-96,21,23,21.345,12.9961945
17-Jan-96,0,3,21.69375,19.28277315
17-Jan-96,9,9,22.47692308,9.249602143
17-Jan-96,12,12,23.35,13.91312588
17-Jan-96,0,0,24.25555556,15.96406748
17-Jan-96,10,10,24.445,15.95355044
17-Jan-96,1,3,25.195,18.24788519
17-Jan-96,0,0,25.38,15.72355834
17-Jan-96,8,8,27.92222222,12.29919504
17-Jan-96,0,0,28.105,19.43070467
17-Jan-96,32,32,29.47777778,17.26848987
17-Jan-96,3,8,30.47777778,16.3399464
17-Jan-96,0,0,30.775,16.09360933
17-Jan-96,0,0,31.8375,19.43550742
17-Jan-96,6,6,31.8875,20.19022082
17-Jan-96,0,2,32.48,21.92329327
17-Jan-96,0,0,33.46666667,18.75807181
17-Jan-96,0,0,35.04375,27.42121075
17-Jan-96,0,0,35.67,24.7720791
17-Jan-96,0,0,36.525,29.32851196
17-Jan-96,0,0,39.4875,19.98299016
17-Jan-96,0,0,40.88,20.3225767
17-Jan-96,14,14,46.71,19.61694068
17-Jan-96,0,0,50.14375,25.21746197
17-Jan-96,0,0,51.16,30.69172889
17-Jan-96,0,0,57.65789474,21.88163058
17-Jan-96,0,0,59.6375,41.23625687
17-Jan-96,0,0,60.475,37.65429512
17-Jan-96,8,8,63.69375,42.74605952
17-Jan-96,0,0,66.23,27.35775316
17-Jan-96,0,0,69.265,45.24258348
17-Jan-96,19,19,71.53125,23.82988946
27-Mar-96,35,37,9.15,8.16790608
27-Mar-96,17,19,9.208333333,8.636002856
27-Mar-96,10,15,10.025,11.15523742
27-Mar-96,3,13,10.225,9.840170872
27-Mar-96,6,6,10.35833333,9.11396704
27-Mar-96,2,15,10.5,9.647366384
27-Mar-96,11,15,10.535,8.953911044
27-Mar-96,24,26,10.805,9.451917702
27-Mar-96,4,11,10.82,9.827369711
27-Mar-96,14,19,10.91333333,9.904115167
27-Mar-96,7,16,10.9625,10.19435272
27-Mar-96,5,9,11.125,10.48892222
27-Mar-96,25,25,11.135,10.14770462
27-Mar-96,3,3,11.15,10.45964174
27-Mar-96,49,54,11.235,9.874205196
27-Mar-96,3,84,11.275,9.874003761
27-Mar-96,12,12,11.305,9.785261206
27-Mar-96,10,10,11.5,10.55839091
27-Mar-96,6,14,11.67,10.85603298
27-Mar-96,12,18,11.7375,11.19360434
27-Mar-96,10,15,11.8125,10.92473607
27-Mar-96,5,5,11.84,10.5976106
27-Mar-96,64,72,12.025,10.60006727
27-Mar-96,4,20,12.9125,11.48265741
27-Mar-96,5,5,13.305,10.87885027
27-Mar-96,20,29,13.4,12.30315424
27-Mar-96,8,24,13.95,12.02547229
27-Mar-96,28,39,14.12,10.91495481
27-Mar-96,26,55,15.34166667,13.78681544
27-Mar-96,7,53,16.125,14.92592757
27-Mar-96,15,36,16.44166667,13.91411543
27-Mar-96,45,61,16.6375,14.84980837
27-Mar-96,18,59,17.75,15.97969156
27-Mar-96,10,14,19.03333333,15.44649927
27-Mar-96,12,53,20.54,17.08719702
27-Mar-96,14,22,21.0375,17.6606115
27-Mar-96,1,1,21.825,16.3185264
27-Mar-96,3,20,22.45,19.9051856
27-Mar-96,10,10,23.4875,20.90422638
27-Mar-96,7,20,24.0875,20.56332642
27-Mar-96,27,34,24.675,22.32760909
27-Mar-96,0,4,25,14.90172145
27-Mar-96,17,27,25.74166667,17.4456759
27-Mar-96,17,22,25.93333333,11.82825147
27-Mar-96,11,42,26.125,20.89367344
27-Mar-96,0,0,27.09166667,17.18329988
27-Mar-96,2,4,27.58421053,19.72455471
27-Mar-96,5,8,27.6125,25.76290122
27-Mar-96,0,0,30.325,24.69196072
27-Mar-96,0,0,32.155,24.3460822
27-Mar-96,6,8,32.50526316,20.86500021
27-Mar-96,22,30,34.3375,18.05244993
27-Mar-96,15,21,34.35,28.16585051
27-Mar-96,0,0,34.41578947,24.39863968
27-Mar-96,0,0,34.48,23.34780023
27-Mar-96,4,17,35.34375,31.0422525
27-Mar-96,0,0,37.5125,29.51253823
27-Mar-96,0,0,38.645,28.0581193
27-Mar-96,3,8,40.4,31.3423511
27-Mar-96,0,0,41.11,29.0440727
27-Mar-96,0,0,41.39375,34.13268131
27-Mar-96,0,0,42.035,26.1086953
27-Mar-96,0,0,42.13,32.9496386
27-Mar-96,0,0,42.13684211,27.99644067
27-Mar-96,0,0,42.64285714,36.44059273
27-Mar-96,0,0,42.74,27.73211021
27-Mar-96,1,4,43.0625,29.22636505
27-Mar-96,0,0,44.5125,38.47699153
27-Mar-96,2,2,44.975,29.96577468
27-Mar-96,0,0,48.07,23.96428057
27-Mar-96,1,1,50.55625,41.3603408
27-Mar-96,0,0,53.355,35.21716649
27-Mar-96,0,0,54.32105263,41.29365009
27-Mar-96,2,8,61.505,34.58761548
27-Mar-96,0,0,62.57,36.4499012
27-Mar-96,0,0,64.60625,42.04055677
27-Mar-96,0,1,66.095,23.34983519
27-Mar-96,0,0,66.80666667,58.24077121
27-Mar-96,0,0,67.39375,51.20177411
27-Mar-96,0,10,71.16875,34.30722404
27-Mar-96,0,0,71.95625,34.20240259
27-Mar-96,0,0,80.985,47.8305175
27-Mar-96,0,0,82.165,45.67356004
27-Mar-96,1,1,86.4375,48.60981237
27-Mar-96,0,0,96.02,55.3203258
27-Mar-96,0,0,115.125,77.94077629
13-Aug-96,21,29,8.900000022,8.339242282
13-Aug-96,17,18,8.92307707,8.533354322
13-Aug-96,32,32,9.253846169,8.679847739
13-Aug-96,23,31,9.592307714,8.784047829
13-Aug-96,16,21,9.799999972,8.472884086
13-Aug-96,7,14,9.992307663,8.859467172
13-Aug-96,41,49,10.00000015,9.473243493
13-Aug-96,27,31,10.00769234,9.379614521
13-Aug-96,8,10,10.42307696,9.379661112
13-Aug-96,27,32,10.58461544,8.931306233
13-Aug-96,34,44,10.91599998,9.888467022
13-Aug-96,16,20,10.96923069,10.29927642
13-Aug-96,28,31,11.00384617,10.10561991
13-Aug-96,23,35,11.10384616,10.48388508
13-Aug-96,18,25,11.1461538,10.57406026
13-Aug-96,23,31,11.15769225,9.929651795
13-Aug-96,12,16,11.1576923,9.993952797
13-Aug-96,23,26,11.17692311,10.2713948
13-Aug-96,16,18,11.77692316,10.24633625
13-Aug-96,7,9,12.02307705,10.97459324
13-Aug-96,4,4,12.2307693,10.70290616
13-Aug-96,25,31,12.36538471,11.17085567
13-Aug-96,25,27,12.38846146,11.74738477
13-Aug-96,13,38,12.7730769,11.85416727
13-Aug-96,27,35,12.98076923,11.7165855
13-Aug-96,23,26,13.16153853,11.31909102
13-Aug-96,23,31,13.98461556,12.81126529
13-Aug-96,38,42,14.7692307,13.68246446
13-Aug-96,34,39,15.97692328,14.53310572
13-Aug-96,30,45,16.15384626,13.89440585
13-Aug-96,43,52,16.70000003,14.55340755
13-Aug-96,17,22,16.73846153,14.43586262
13-Aug-96,2,4,17.23076908,14.48514337
13-Aug-96,0,0,19.33846162,16.38932848
13-Aug-96,8,47,19.53076931,16.17915597
13-Aug-96,5,51,20.73846157,18.02713384
13-Aug-96,1,69,20.84615429,17.88917696
13-Aug-96,2,60,22.09999975,19.9605366
13-Aug-96,41,61,22.37692323,17.95520742
13-Aug-96,0,93,22.79230763,20.55961118
13-Aug-96,15,23,23.74400036,17.94891206
13-Aug-96,0,85,23.7769234,21.95199489
13-Aug-96,0,91,24.81538439,21.48061383
13-Aug-96,4,139,24.85384626,19.201037
13-Aug-96,22,31,25.39999999,21.09327319
13-Aug-96,0,4,25.45000013,22.07709442
13-Aug-96,7,16,25.56923078,23.01432387
13-Aug-96,3,7,25.62692277,20.12600365
13-Aug-96,0,0,26.14230735,21.93503399
13-Aug-96,0,0,26.28461522,22.55085194
13-Aug-96,0,185,26.32692319,23.32949371
13-Aug-96,0,4,26.39999988,20.79026771
13-Aug-96,0,23,26.82307717,21.84050231
13-Aug-96,2,19,26.90769243,23.15549204
13-Aug-96,0,66,27.1384617,19.51196141
13-Aug-96,0,0,28.25000024,23.75568615
13-Aug-96,2,17,28.28461552,25.32370753
13-Aug-96,0,7,33.57307691,29.18691817
13-Aug-96,6,18,34.43076974,22.08022599
13-Aug-96,0,12,35.20000019,28.49128297
13-Aug-96,0,0,35.64615389,27.60526986
13-Aug-96,0,0,35.99230774,28.73879601
13-Aug-96,0,0,37.90799957,29.48815427
13-Aug-96,1,1,38.29999986,33.04967538
13-Aug-96,0,0,38.83846184,30.98631187
13-Aug-96,0,0,39.4423078,32.23377522
13-Aug-96,0,0,40.17307714,26.74676465
13-Aug-96,1,1,40.6961536,33.6644066
13-Aug-96,0,0,40.86923086,29.89286209
13-Aug-96,0,0,42.44615412,30.12895773
13-Aug-96,0,8,44.77692366,32.47034395
13-Aug-96,0,0,48.10800003,40.75040693
13-Aug-96,0,0,48.40800007,42.0491943
13-Aug-96,0,0,49.43461484,33.54992511
13-Aug-96,0,0,49.81538472,31.59673105
13-Aug-96,0,5,51.45000054,41.61215756
13-Aug-96,0,0,51.76800026,28.34527442
13-Aug-96,0,0,52.61923093,45.49290631
13-Aug-96,0,41,52.99230715,27.86040794
13-Aug-96,0,0,54.59230768,47.11371259
13-Aug-96,0,6,54.68750087,42.28636502
13-Aug-96,0,0,58.40384586,49.63356941
13-Aug-96,0,0,65.59999917,39.77345979
13-Aug-96,0,0,71.54230785,49.02329299
17-Jan-97,29,33,7.754545455,7.036594277
17-Jan-97,12,14,7.854545455,7.405109653
17-Jan-97,23,29,8.154545455,7.621548794
17-Jan-97,16,20,8.33,7.717913
17-Jan-97,0,5,8.445454545,8.15229969
17-Jan-97,20,25,8.672727273,8.080264645
17-Jan-97,5,15,9.136363636,8.34878364
17-Jan-97,8,8,9.245454545,8.750999428
17-Jan-97,0,0,9.490909091,8.458694364
17-Jan-97,0,5,9.609090909,9.0114697
17-Jan-97,18,23,9.854545455,9.221670477
17-Jan-97,20,28,9.854545455,8.985301374
17-Jan-97,5,8,10.1,9.346071658
17-Jan-97,5,9,10.13636364,9.418730671
17-Jan-97,22,22,10.25909091,9.588588196
17-Jan-97,17,20,10.61818182,9.557150944
17-Jan-97,19,19,10.64545455,9.498861595
17-Jan-97,0,0,10.91818182,9.234117169
17-Jan-97,2,8,11.35454545,10.04764351
17-Jan-97,6,6,11.89545455,10.83701259
17-Jan-97,0,0,12.20909091,11.26293075
17-Jan-97,2,6,12.38181818,11.13503672
17-Jan-97,12,12,12.55555556,11.21770893
17-Jan-97,0,5,12.88636364,12.26935805
17-Jan-97,0,0,13.10909091,11.52117764
17-Jan-97,7,7,13.30454545,11.22499698
17-Jan-97,2,7,13.74545455,12.37886042
17-Jan-97,0,0,13.78181818,12.05210398
17-Jan-97,4,6,14.06363636,11.13347974
17-Jan-97,1,20,14.31818182,13.18940154
17-Jan-97,0,2,14.68636364,12.76463718
17-Jan-97,13,13,14.82272727,9.560718173
17-Jan-97,2,18,15.03,12.76122839
17-Jan-97,0,0,15.17272727,13.37356857
17-Jan-97,0,0,15.22727273,12.65240044
17-Jan-97,0,0,15.30909091,13.50910384
17-Jan-97,3,11,15.94545455,14.09152147
17-Jan-97,0,0,15.99090909,12.98742313
17-Jan-97,0,0,17.41818182,14.17829086
17-Jan-97,1,1,17.84545455,14.26061216
17-Jan-97,0,0,17.93181818,14.94599702
17-Jan-97,0,0,17.95454545,13.59748715
17-Jan-97,0,0,18.16363636,14.78748647
17-Jan-97,0,4,18.31818182,16.01024632
17-Jan-97,0,0,18.46363636,15.46327886
17-Jan-97,0,0,18.75454545,14.48496727
17-Jan-97,0,0,18.92727273,15.9855033
17-Jan-97,0,0,19.10909091,15.85651238
17-Jan-97,0,0,20.15,16.86659968
17-Jan-97,0,0,20.19545455,15.34945807
17-Jan-97,0,0,21.13181818,17.53576081
17-Jan-97,0,0,21.72272727,18.66940424
17-Jan-97,0,19,21.74545455,18.04924224
17-Jan-97,0,0,22.08636364,17.68486598
17-Jan-97,0,0,22.86818182,16.02863795
17-Jan-97,0,0,23.54090909,18.15220468
17-Jan-97,0,0,23.77272727,17.16143658
17-Jan-97,0,12,24.05454545,18.55446443
17-Jan-97,0,0,24.47272727,16.60502925
17-Jan-97,0,0,25.53636364,19.53131279
17-Jan-97,0,0,25.61818182,20.93353996
17-Jan-97,3,13,25.71818182,15.46679646
17-Jan-97,0,0,26.1,14.83874519
17-Jan-97,0,0,26.48636364,20.29011859
17-Jan-97,0,0,26.49090909,22.62661836
17-Jan-97,0,0,27.28181818,18.11228921
17-Jan-97,0,0,27.32727273,20.90850741
17-Jan-97,0,0,27.83636364,20.29234885
17-Jan-97,0,0,28.17727273,22.79631679
17-Jan-97,0,0,30.68181818,20.9913549
17-Jan-97,0,0,30.77272727,27.74117913
17-Jan-97,0,0,31.92272727,24.42843436
17-Jan-97,0,18,34.10454545,26.78352155
17-Jan-97,0,0,34.93181818,25.75502675
17-Jan-97,0,0,35.20454545,28.56246427
17-Jan-97,0,0,42.04545455,26.53804023
17-Jan-97,0,0,42.97272727,34.05603107
17-Jan-97,0,0,43.08181818,30.02065575
17-Jan-97,0,0,46.59047619,28.69277569
17-Jan-97,0,0,47.67619048,37.03821175
17-Jan-97,0,0,48.47272727,37.85011709
17-Jan-97,0,0,50.33636364,34.65177226
17-Jan-97,0,7,53.34545455,33.58841991
17-Jan-97,0,0,57.17727273,33.92372034
17-Jan-97,0,0,57.24545455,33.41985448
17-Jan-97,0,0,57.50454545,35.91076444
17-Jan-97,0,0,58.12727273,37.58053141
17-Jan-97,0,0,62.8,37.02558808
17-Jan-97,0,0,67.09090909,41.40279891
17-Jan-97,0,0,76.20454545,27.77567402
17-Jan-97,0,0,80.79545455,57.99926109
31-Mar-97,0,0,8.534782609,7.819868885
31-Mar-97,0,0,9.381818182,8.30517057
31-Mar-97,0,0,9.608695652,8.783709042
31-Mar-97,0,0,9.73,8.876155773
31-Mar-97,5,0,9.818181818,8.738722165
31-Mar-97,0,0,10.26521739,9.15473881
31-Mar-97,0,0,10.5,8.720187337
31-Mar-97,0,0,10.58695652,10.0534207
31-Mar-97,0,0,10.8,9.532046726
31-Mar-97,0,0,10.80869565,9.592052363
31-Mar-97,0,0,10.81666667,9.182175931
31-Mar-97,0,0,11.06666667,9.521493178
31-Mar-97,0,0,11.15833333,9.990113231
31-Mar-97,0,0,11.16666667,10.29432289
31-Mar-97,1,0,11.30833333,9.98641287
31-Mar-97,0,0,11.57391304,10.51986981
31-Mar-97,0,0,11.7,10.1783986
31-Mar-97,0,0,11.75217391,9.310679268
31-Mar-97,0,0,11.8,10.51209961
31-Mar-97,0,0,11.80909091,11.04670283
31-Mar-97,0,0,12.30909091,11.39720344
31-Mar-97,0,0,12.45833333,10.04766704
31-Mar-97,0,0,12.58636364,11.42913747
31-Mar-97,0,0,12.60833333,10.87986729
31-Mar-97,0,0,12.8375,10.65242894
31-Mar-97,0,0,12.96666667,8.343991824
31-Mar-97,0,0,13.45833333,10.92902143
31-Mar-97,0,0,13.685,11.35422802
31-Mar-97,0,0,13.88181818,11.21572529
31-Mar-97,1,1,13.9,12.3470524
31-Mar-97,0,0,13.95,11.57253419
31-Mar-97,0,0,14.07727273,11.26009825
31-Mar-97,0,0,14.40833333,11.89107262
31-Mar-97,0,0,14.49,12.07919151
31-Mar-97,0,0,14.53478261,12.38826717
31-Mar-97,0,0,14.79090909,13.38592033
31-Mar-97,0,0,14.95,11.81487588
31-Mar-97,0,0,15.01304348,13.80357573
31-Mar-97,0,0,15.17391304,12.37568874
31-Mar-97,0,0,15.225,12.49707323
31-Mar-97,0,0,15.22857143,11.71448902
31-Mar-97,0,0,15.38333333,12.84573668
31-Mar-97,0,0,15.38695652,13.40257566
31-Mar-97,0,0,15.43809524,11.47454399
31-Mar-97,0,0,15.48695652,14.12269941
31-Mar-97,0,0,16.01666667,14.07439453
31-Mar-97,0,0,16.16666667,13.60595784
31-Mar-97,0,0,16.37272727,10.84000902
31-Mar-97,0,0,16.46956522,14.14292302
31-Mar-97,0,0,16.5,12.95877858
31-Mar-97,0,0,16.55217391,10.49825609
31-Mar-97,4,4,16.5826087,13.45272671
31-Mar-97,0,0,16.75833333,14.2885273
31-Mar-97,0,0,16.97272727,14.18486252
31-Mar-97,2,2,17.125,13.94683487
31-Mar-97,0,0,17.54782609,14.47795672
31-Mar-97,0,0,17.74,13.52516745
31-Mar-97,0,0,17.95909091,15.01247901
31-Mar-97,0,0,18.07272727,15.79062911
31-Mar-97,0,0,18.71666667,12.19906252
31-Mar-97,4,4,20.29565217,16.06960831
31-Mar-97,0,0,20.4,15.72265414
31-Mar-97,0,0,20.49090909,13.82162214
31-Mar-97,0,0,21.73043478,16.73965292
31-Mar-97,0,0,22.15652174,15.62937775
31-Mar-97,0,0,22.17391304,18.50078709
31-Mar-97,0,0,23.1,18.97036567
31-Mar-97,0,0,23.64166667,13.25232477
31-Mar-97,0,0,24.37,22.331058
31-Mar-97,0,0,24.56315789,20.1869625
31-Mar-97,0,0,24.965,18.63850831
31-Mar-97,0,0,31.99,25.2105492
31-Mar-97,0,0,33.06363636,17.63079063
31-Mar-97,0,0,36.225,25.68897922
31-Mar-97,0,0,36.37,27.20479108
31-Mar-97,0,0,38.11304348,30.17394437
31-Mar-97,0,0,38.49130435,28.92418861
31-Mar-97,0,0,39.09565217,27.31553011
31-Mar-97,0,0,39.195,24.14009716
31-Mar-97,0,0,41.97,26.77148855
31-Mar-97,0,0,42.6,25.90758241
31-Mar-97,0,0,47.135,28.87610389
31-Mar-97,0,0,56.27272727,15.99927584
31-Mar-97,0,0,57.73043478,41.34636566
31-Mar-97,0,0,57.98333333,36.40765018
31-Mar-97,0,0,65.48333333,35.97099147
12-Aug-97,10,20,7.814285714,7.104745744
12-Aug-97,4,4,8.28,6.306882385
12-Aug-97,0,0,9.178571429,8.489167459
12-Aug-97,1,1,9.49,7.551691863
12-Aug-97,12,32,9.923076923,8.252343187
12-Aug-97,0,0,10.07,8.717311763
12-Aug-97,0,0,10.1,9.136609443
12-Aug-97,0,0,10.14444444,9.252966216
12-Aug-97,0,0,10.19333333,8.981154333
12-Aug-97,0,0,10.55,9.775860056
12-Aug-97,7,12,10.68421053,9.089809315
12-Aug-97,5,45,10.85,8.607651767
12-Aug-97,5,5,10.99333333,8.78675016
12-Aug-97,0,0,11.19090909,8.296021552
12-Aug-97,19,19,11.32,10.5291217
12-Aug-97,0,21,11.42142857,9.343860699
12-Aug-97,1,1,11.63125,10.19576378
12-Aug-97,6,0,11.90769231,9.937353322
12-Aug-97,3,11,12.12,10.6074089
12-Aug-97,2,2,12.14545455,10.4025117
12-Aug-97,0,0,12.3625,10.02684641
12-Aug-97,0,0,12.4,9.300587038
12-Aug-97,14,0,12.475,10.92422276
12-Aug-97,1,1,12.58,9.291045948
12-Aug-97,0,4,12.97142857,11.11405459
12-Aug-97,0,4,13.08571429,11.28076523
12-Aug-97,12,37,13.3,11.75917344
12-Aug-97,32,32,13.83636364,11.77860755
12-Aug-97,0,4,13.84444444,11.7075262
12-Aug-97,0,3,13.92666667,11.78705502
12-Aug-97,11,0,14.00625,11.83376125
12-Aug-97,0,0,14.05263158,12.54523237
12-Aug-97,1,4,14.17777778,10.85323214
12-Aug-97,14,14,14.67142857,12.82914913
12-Aug-97,15,0,14.85833333,9.995273233
12-Aug-97,0,10,14.9,10.92173726
12-Aug-97,18,18,14.90909091,11.42373636
12-Aug-97,12,12,15.13636364,12.83580419
12-Aug-97,0,3,15.15,12.62417384
12-Aug-97,0,5,15.2,12.20399892
12-Aug-97,17,17,15.4375,13.1701635
12-Aug-97,3,8,15.65,12.02442569
12-Aug-97,0,0,15.8,12.29861449
12-Aug-97,3,5,15.85,13.14397879
12-Aug-97,4,5,16.13636364,12.30014335
12-Aug-97,0,1,16.21875,12.11988464
12-Aug-97,10,10,16.32727273,12.32097629
12-Aug-97,4,6,16.41818182,12.7537761
12-Aug-97,8,8,16.68125,11.59149372
12-Aug-97,7,14,16.82,11.818582
12-Aug-97,0,3,17,15.23026196
12-Aug-97,1,2,17.1375,15.08617021
12-Aug-97,1,1,17.1625,14.60434618
12-Aug-97,15,15,17.18181818,14.3595053
12-Aug-97,2,3,17.24285714,14.71914838
12-Aug-97,0,1,17.34166667,15.40017258
12-Aug-97,9,14,17.68,12.07007056
12-Aug-97,0,0,17.83125,15.54894887
12-Aug-97,9,0,18.40833333,13.24311501
12-Aug-97,0,0,18.46190476,10.35117692
12-Aug-97,1,1,18.875,13.26119739
12-Aug-97,2,2,18.93809524,15.09165094
12-Aug-97,4,4,18.94545455,15.25242831
12-Aug-97,0,3,19.11333333,16.34831736
12-Aug-97,0,9,19.24166667,17.82841992
12-Aug-97,7,7,19.4,14.89652701
12-Aug-97,8,0,19.77777778,13.29459546
12-Aug-97,17,27,20.33,13.33474346
12-Aug-97,1,3,20.35555556,15.91198536
12-Aug-97,0,0,20.59166667,17.92705666
12-Aug-97,0,0,20.74666667,18.89103926
12-Aug-97,0,0,20.7625,16.84471186
12-Aug-97,3,0,21.02,13.9500882
12-Aug-97,3,10,21.09,13.70321815
12-Aug-97,3,9,21.73333333,18.00266064
12-Aug-97,1,7,21.95,13.94715393
12-Aug-97,2,2,23.93076923,17.23086676
12-Aug-97,1,3,24.47777778,15.95840706
12-Aug-97,0,0,24.7375,20.61845338
12-Aug-97,0,1,26.76875,14.01734507
12-Aug-97,0,0,26.975,21.0667726
12-Aug-97,0,0,27.95,23.29682621
12-Aug-97,0,0,29.37,21.2841525
12-Aug-97,0,0,33.57142857,30.05191022
12-Aug-97,0,0,40.6125,36.0911674
12-Aug-97,0,0,43.675,27.74620874
12-Aug-97,1,1,53.94,23.92015181
23-Jan-98,8,8,6.011111111,5.577507242
23-Jan-98,4,4,6.377777778,5.886814244
23-Jan-98,3,4,6.677777778,5.477972985
23-Jan-98,4,4,6.922222222,5.710397954
23-Jan-98,5,5,7.461111111,6.355467411
23-Jan-98,8,11,7.6,6.620906583
23-Jan-98,17,25,7.670588235,6.717062423
23-Jan-98,5,6,7.7,7.24500996
23-Jan-98,8,8,7.977777778,6.832472515
23-Jan-98,6,6,8.25,7.652106506
23-Jan-98,5,5,8.2625,7.316032193
23-Jan-98,1,2,8.4,7.06578234
23-Jan-98,2,6,8.455555556,6.88723057
23-Jan-98,8,38,8.522222222,7.507905276
23-Jan-98,8,8,9.055555556,7.293803148
23-Jan-98,6,6,9.211111111,7.222253485
23-Jan-98,3,3,9.255555556,7.616331748
23-Jan-98,12,15,9.383333333,8.570239526
23-Jan-98,10,16,9.488888889,7.228643443
23-Jan-98,8,13,9.566666667,7.529926417
23-Jan-98,3,11,9.644444444,6.993595877
23-Jan-98,7,7,9.65,8.224132446
23-Jan-98,4,4,9.655555556,7.727411401
23-Jan-98,0,0,9.744444444,8.206713061
23-Jan-98,0,7,9.761111111,6.558458381
23-Jan-98,2,11,10.08333333,8.897348213
23-Jan-98,8,8,10.17777778,8.3250218
23-Jan-98,11,11,10.2,9.154186418
23-Jan-98,1,1,10.43333333,9.41646195
23-Jan-98,13,13,10.45555556,9.475956201
23-Jan-98,6,6,10.48888889,9.074638083
23-Jan-98,13,14,10.53333333,9.505425077
23-Jan-98,2,9,10.55,7.830191713
23-Jan-98,10,12,10.63333333,9.395737109
23-Jan-98,13,17,10.93333333,9.880488756
23-Jan-98,0,0,10.94444444,8.741446115
23-Jan-98,4,10,11.04444444,7.690102624
23-Jan-98,13,13,11.22222222,8.919587103
23-Jan-98,14,18,11.45555556,8.782054898
23-Jan-98,0,0,11.53333333,9.37731126
23-Jan-98,3,12,11.61666667,9.914528444
23-Jan-98,0,0,11.81666667,9.443453131
23-Jan-98,1,21,11.97222222,10.47807333
23-Jan-98,2,4,12.08888889,10.96885098
23-Jan-98,5,9,12.46111111,10.71797145
23-Jan-98,8,8,12.56111111,7.563678035
23-Jan-98,5,15,12.57222222,10.4301319
23-Jan-98,14,30,12.62222222,9.870349814
23-Jan-98,17,21,13.2,10.43230681
23-Jan-98,0,4,13.26111111,10.29505911
23-Jan-98,5,5,13.62222222,12.06211567
23-Jan-98,0,0,13.98888889,10.88016116
23-Jan-98,0,0,14.05555556,11.89332293
23-Jan-98,0,0,14.75,12.35553697
23-Jan-98,0,30,14.92222222,12.02270078
23-Jan-98,8,12,15.25,10.69848141
23-Jan-98,8,29,15.65,11.82980027
23-Jan-98,4,15,15.69444444,13.8262506
23-Jan-98,8,8,15.92222222,8.416520675
23-Jan-98,1,4,16.54444444,12.18301229
23-Jan-98,3,23,16.62222222,15.309007
23-Jan-98,2,4,16.67222222,14.17423092
23-Jan-98,15,15,16.98888889,8.31580134
23-Jan-98,1,1,17.31111111,16.27919695
23-Jan-98,0,0,17.46666667,15.63133106
23-Jan-98,0,3,18.05555556,16.83554794
23-Jan-98,0,0,18.49444444,15.47248342
23-Jan-98,0,0,18.95,15.15692838
23-Jan-98,0,0,19.51666667,15.79661366
23-Jan-98,0,0,20.63333333,15.82046295
23-Jan-98,0,0,20.80555556,16.85773472
23-Jan-98,0,6,21.22222222,18.35802421
23-Jan-98,0,0,21.24444444,16.86135113
23-Jan-98,0,0,21.62777778,18.54111841
23-Jan-98,2,6,22.9,20.35351896
23-Jan-98,0,3,25.13888889,14.74526441
23-Jan-98,0,0,26.46666667,21.26055167
23-Jan-98,0,6,27.56666667,21.34010381
23-Jan-98,3,18,27.76666667,22.01576059
23-Jan-98,0,0,28.28888889,18.31397117
23-Jan-98,0,2,28.67777778,22.31754718
23-Jan-98,0,0,30.30555556,19.20297284
23-Jan-98,0,0,31.78888889,27.53072581
23-Jan-98,2,9,33.95555556,10.2321571
23-Jan-98,1,1,34.4,26.99881722
23-Jan-98,5,6,34.48888889,10.77723624
23-Jan-98,1,1,36.29444444,30.31914964
23-Jan-98,0,0,41.81111111,34.90789358
16-Apr-98,13,13,7.383333333,7.33670781
16-Apr-98,12,12,8.258333333,8.079880578
16-Apr-98,11,13,8.35,8.177094841
16-Apr-98,3,4,8.733333333,8.236821969
16-Apr-98,9,13,9.233333333,9.017325311
16-Apr-98,7,17,9.3,8.785827486
16-Apr-98,17,18,9.45,9.36220884
16-Apr-98,9,17,9.716666667,9.416304129
16-Apr-98,21,29,9.716666667,9.087872645
16-Apr-98,17,20,9.733333333,8.955326151
16-Apr-98,12,12,9.733333333,9.069704673
16-Apr-98,13,23,9.9,9.504705606
16-Apr-98,19,23,9.966666667,9.395740824
16-Apr-98,19,21,10.36363636,9.908794515
16-Apr-98,15,15,10.55,10.15688581
16-Apr-98,8,10,10.6,9.976672055
16-Apr-98,23,40,10.71666667,10.05152883
16-Apr-98,17,28,10.81666667,9.808521197
16-Apr-98,12,12,10.9,10.15850833
16-Apr-98,20,44,10.98333333,9.719215222
16-Apr-98,20,28,11.13333333,10.00896218
16-Apr-98,11,19,11.26666667,10.7529524
16-Apr-98,4,8,11.425,10.96139187
16-Apr-98,18,20,11.45,10.25176013
16-Apr-98,23,32,11.56666667,10.43518952
16-Apr-98,2,2,11.63333333,10.63478359
16-Apr-98,31,38,11.73333333,10.43093393
16-Apr-98,2,5,11.775,10.98913747
16-Apr-98,21,24,12.02,11.40721484
16-Apr-98,21,21,12.1,10.64123198
16-Apr-98,6,7,12.15,11.14615403
16-Apr-98,17,22,12.575,10.12282517
16-Apr-98,14,35,12.61666667,11.15663612
16-Apr-98,3,15,12.625,11.25479701
16-Apr-98,7,7,13.04166667,11.24217284
16-Apr-98,3,6,13.33333333,11.76801316
16-Apr-98,3,7,13.5,12.45150021
16-Apr-98,12,13,13.63333333,12.2428138
16-Apr-98,10,20,13.66666667,11.79744211
16-Apr-98,8,19,13.95,12.90963409
16-Apr-98,2,18,14.03333333,12.25956774
16-Apr-98,2,5,14.08333333,13.30120084
16-Apr-98,6,10,14.21666667,11.97600576
16-Apr-98,7,15,14.59166667,13.38124814
16-Apr-98,0,0,14.66666667,13.13474523
16-Apr-98,26,28,14.7,11.88079267
16-Apr-98,8,11,15.01666667,12.63515385
16-Apr-98,10,13,15.26666667,12.51541063
16-Apr-98,5,7,15.55833333,14.15735499
16-Apr-98,3,10,15.80833333,14.20152266
16-Apr-98,26,34,16.13333333,13.4775396
16-Apr-98,0,0,16.16666667,13.60765606
16-Apr-98,2,21,16.35,14.67580955
16-Apr-98,4,6,16.4,13.88655852
16-Apr-98,1,1,16.51666667,13.41897979
16-Apr-98,1,1,16.51666667,14.21995435
16-Apr-98,0,3,16.88333333,15.60048974
16-Apr-98,2,12,17.16666667,15.79340848
16-Apr-98,24,24,17.30833333,11.12683153
16-Apr-98,0,1,17.38333333,16.07625414
16-Apr-98,15,20,17.45,15.73220225
16-Apr-98,2,2,17.875,15.54768031
16-Apr-98,1,1,18.49166667,15.04643285
16-Apr-98,5,12,19.00833333,15.15174548
16-Apr-98,7,17,19.39166667,17.51308798
16-Apr-98,0,3,19.575,16.02080896
16-Apr-98,1,14,19.9,17.06906042
16-Apr-98,1,1,20.74166667,17.9760492
16-Apr-98,0,6,20.96666667,17.22909561
16-Apr-98,15,15,21,12.35412408
16-Apr-98,9,19,21.61666667,18.08181236
16-Apr-98,9,12,21.875,17.77322
16-Apr-98,20,20,23.05,12.36811421
16-Apr-98,3,6,28.7,22.90504687
16-Apr-98,0,5,29.275,21.86436631
16-Apr-98,1,15,29.83333333,23.92892408
16-Apr-98,1,1,32.41666667,23.29518495
16-Apr-98,7,7,34.23333333,19.47514583
16-Apr-98,0,8,35.20833333,27.77398651
16-Apr-98,25,30,37.08333333,17.59666278
16-Apr-98,2,8,44.375,32.76089183
16-Apr-98,18,19,46.84166667,16.72641766
16-Apr-98,16,16,48.31666667,14.95730197
16-Apr-98,8,9,56.05,14.07773834
4-Aug-98,19,32,7.15,7.019560606
4-Aug-98,17,24,7.3,7.075884714
4-Aug-98,17,20,7.433333333,7.000622532
4-Aug-98,14,14,7.976923077,7.632964145
4-Aug-98,15,15,8.057142857,7.250843567
4-Aug-98,12,14,8.061538462,6.975141227
4-Aug-98,8,8,8.091666667,7.76148231
4-Aug-98,15,15,8.1,7.954685465
4-Aug-98,7,15,8.169230769,7.215298285
4-Aug-98,19,19,8.392307692,7.632607631
4-Aug-98,16,16,8.7,8.102944976
4-Aug-98,4,4,8.714285714,7.588281037
4-Aug-98,22,22,8.908333333,8.527509307
4-Aug-98,20,20,8.914285714,8.649944273
4-Aug-98,20,20,9.053846154,7.723921602
4-Aug-98,17,17,9.083333333,8.636073915
4-Aug-98,9,16,9.216666667,7.997482548
4-Aug-98,13,13,9.275,8.947006025
4-Aug-98,2,2,9.416666667,8.520864123
4-Aug-98,11,11,9.5,8.892620004
4-Aug-98,19,28,9.583333333,8.892243355
4-Aug-98,15,25,9.828571429,9.171675101
4-Aug-98,17,17,10.05,9.666879569
4-Aug-98,2,14,10.17692308,9.430803274
4-Aug-98,18,18,10.28333333,9.673391004
4-Aug-98,21,32,10.45714286,9.123577979
4-Aug-98,8,8,10.57142857,9.773553174
4-Aug-98,18,18,11,10.23726203
4-Aug-98,20,20,11.1,10.92741737
4-Aug-98,7,17,11.11538462,8.915840065
4-Aug-98,4,11,11.15,10.05266765
4-Aug-98,23,38,11.31666667,11.233067
4-Aug-98,5,9,11.33846154,10.63982474
4-Aug-98,24,24,11.51538462,10.29105331
4-Aug-98,3,14,11.75,9.655849417
4-Aug-98,12,23,11.93333333,11.23227562
4-Aug-98,0,0,12.325,11.960034
4-Aug-98,15,15,12.35,10.90323914
4-Aug-98,0,3,12.51666667,11.05414615
4-Aug-98,4,4,12.55,12.01820059
4-Aug-98,18,18,12.6,10.85494405
4-Aug-98,11,11,12.6,10.3772491
4-Aug-98,20,38,12.62307692,12.13586937
4-Aug-98,17,23,12.85384615,12.04806534
4-Aug-98,12,12,13,11.73171461
4-Aug-98,0,3,13.1,12.00174973
4-Aug-98,25,42,13.73333333,12.64483874
4-Aug-98,13,13,13.78571429,11.82822156
4-Aug-98,7,10,13.97692308,10.37703851
4-Aug-98,1,2,14.04615385,13.07590276
4-Aug-98,2,2,14.30833333,12.87558115
4-Aug-98,21,30,14.35384615,12.57401102
4-Aug-98,11,19,14.49230769,13.02964484
4-Aug-98,9,10,14.62857143,12.42214251
4-Aug-98,2,5,14.98461538,13.00397302
4-Aug-98,2,2,15.49166667,13.07249908
4-Aug-98,1,1,15.57142857,11.36330916
4-Aug-98,7,7,16.225,13.58147203
4-Aug-98,0,0,16.3,14.13530857
4-Aug-98,13,18,16.31666667,14.79918275
4-Aug-98,2,9,16.91666667,13.53911683
4-Aug-98,0,2,17.03333333,13.89238028
4-Aug-98,20,20,18.54166667,15.76119578
4-Aug-98,33,40,19.18461538,16.61086308
4-Aug-98,18,18,19.53333333,9.553587576
4-Aug-98,0,4,19.53333333,17.72730401
4-Aug-98,0,0,19.86923077,16.44210981
4-Aug-98,0,1,20.56666667,18.15700906
4-Aug-98,1,1,21.08333333,18.106883
4-Aug-98,0,0,21.1,17.44072686
4-Aug-98,0,0,22.81666667,19.03303579
4-Aug-98,0,0,25.9,20.71489008
4-Aug-98,0,0,25.95,20.84013889
4-Aug-98,0,0,27.01428571,19.46602953
4-Aug-98,0,2,27.11666667,20.85137232
4-Aug-98,0,0,29.50833333,23.38026692
4-Aug-98,0,5,30.03846154,23.04325593
4-Aug-98,0,0,30.40769231,24.24129776
4-Aug-98,5,5,33.16666667,11.06027244
4-Aug-98,0,0,33.7,23.21907724
4-Aug-98,0,0,54.1,21.06273062
4-Aug-98,0,0,59.33333333,18.99758542
4-Aug-98,23,43,146.2416667,14.39057767
